track_id,track_name,artist_name,popularity,danceability,energy,key,loudness,mode,speechiness,acousticness,instrumentalness,liveness,valence,tempo,duration_ms,time_signature,streaming_count
2plbrEY59IikOBgBGLjaoe,Die With A Smile,Lady Gaga,100,0.521,0.592,6,-7.777,0,0.0304,0.308,0,0.122,0.535,157.969,251668,3,1000000
6dOtVTDdiauQNBQEDOtlAB,BIRDS OF A FEATHER,Billie Eilish,97,0.747,0.507,2,-10.171,1,0.0358,0.2,0.0608,0.117,0.438,104.978,210373,4,970000
0WbMK4wrZ1wFSty9F7FCgu,"Good Luck, Babe!",Chappell Roan,94,0.7,0.582,11,-5.96,0,0.0356,0.0502,0,0.0881,0.785,116.712,218424,4,940000
5G2f63n7IPVPPjfNIGih7Q,Taste,Sabrina Carpenter,94,0.674,0.907,3,-4.086,1,0.064,0.101,0,0.297,0.721,112.964,157280,4,940000
2262bWmqomIaJXwCRHr13j,Sailor Song,Gigi Perez,93,0.494,0.413,11,-10.432,1,0.0254,0.682,6.72E-05,0.193,0.273,94.938,211979,4,900000
1QoyuMHNBe7lg3YW4Qtll4,St. Chroma (feat. Daniel Caesar),"Tyler, The Creator",90,0.576,0.884,0,-5.058,1,0.555,0.357,0,0.368,0.373,150.45,197020,4,920000
7ne4VBA60CxGM75vw0EYad,That’s So True,Gracie Abrams,92,0.554,0.808,1,-4.169,1,0.0368,0.214,0,0.159,0.372,108.548,166300,4,930000
3tFed7YsjGnIfxeLEQwx3R,"Sticky (feat. GloRilla, Sexyy Red & Lil Wayne)","Tyler, The Creator",87,0.505,0.812,1,-3.986,1,0.461,0.285,0,0.444,0.664,80.09,255916,4,980000
5vNRhkKd0yEAg8suGBpjeY,APT.,ROSÉ,98,0.777,0.783,0,-4.477,0,0.26,0.0283,0,0.355,0.939,149.027,169917,4,870000
1Es7AUAhQvapIcoh3qMKDL,Timeless (with Playboi Carti),The Weeknd,92,0.769,0.722,11,-5.485,0,0.0507,0.0584,2.56E-06,0.111,0.57,119.973,256000,4,920000
1UHS8Rf6h5Ar3CDWRd3wjF,Bed Chem,Sabrina Carpenter,90,0.739,0.727,11,-5.968,0,0.0426,0.0678,0,0.104,0.676,94.99,171870,4,920000
0VaeksJaXy5R1nvcTMh3Xk,"Darling, I (feat. Teezo Touchdown)","Tyler, The Creator",87,0.373,0.818,3,-3.19,0,0.102,0.36,0,0.434,0.361,97.571,253834,4,870000
3QaPy1KgI7nu9FJEQUgn6h,WILDFLOWER,Billie Eilish,92,0.467,0.247,6,-12.002,0,0.0431,0.612,0.000271,0.17,0.126,148.101,261467,4,900000
5RePVWy39tLpHH0WwXgBsK,Rah Tah Tah,"Tyler, The Creator",87,0.661,0.878,1,-4.099,1,0.31,0.00289,0,0.381,0.514,82.557,165413,4,870000
7tI8dRuH2Yc6RuoTjxo4dU,Who,Jimin,92,0.66,0.756,0,-3.743,0,0.032,0.00289,0,0.193,0.838,116.034,170888,4,860000
7hR22TOX3RorxJPcsz5Wbo,Love Somebody,Morgan Wallen,86,0.619,0.843,5,-5.348,0,0.0284,0.00948,0.000118,0.164,0.746,122.064,204829,4,900000
51rfRCiUSvxXlCSCfIztBy,"I Love You, I'm Sorry",Gracie Abrams,90,0.53,0.406,10,-7.507,1,0.033,0.656,0,0.133,0.338,115.94,157147,3,920000
6AI3ezQ4o3HUoP6Dhudph3,Not Like Us,Kendrick Lamar,88,0.898,0.472,1,-7.001,1,0.0776,0.0107,0,0.141,0.214,101.061,274192,4,880000
6jbYpRPTEFl1HFKHk1IC0m,Like Him (feat. Lola Young),"Tyler, The Creator",86,0.392,0.555,4,-6.707,0,0.039,0.287,0.000253,0.13,0.191,96.063,278015,3,860000
5AJ9hqTS2wcFQCELCFRO7A,MILLION DOLLAR BABY,Tommy Richman,88,0.852,0.697,1,-5.52,0,0.0439,0.0973,0.00037,0.0678,0.919,138.029,155152,4,880000
2aYHxnMF2umAavtgBvmkY1,Thought I Was Dead (feat. ScHoolboy Q & Santigold),"Tyler, The Creator",85,0.77,0.859,10,-3.382,0,0.275,0.362,0,0.673,0.64,129.77,207273,4,850000
4ZJ4vzLQekI0WntDbanNC7,Pink Skies,Zach Bryan,85,0.525,0.488,0,-6.909,1,0.038,0.191,5.14E-05,0.135,0.253,84.999,194920,4,850000
21B4gaTWnTkuSh77iWEXdS,Juno,Sabrina Carpenter,87,0.633,0.725,5,-4.257,1,0.0427,0.0461,0,0.205,0.64,130.504,223192,4,870000
1YdtGoSYDvVQKoUqSDXX41,Noid,"Tyler, The Creator",85,0.38,0.784,1,-6.004,1,0.299,0.523,0.000139,0.494,0.418,82.318,284364,4,930000
1cOboCuWYI2osTOfolMRS6,Tu Boda,Oscar Maydon,93,0.694,0.651,6,-6.968,1,0.0784,0.496,1.36E-05,0.0787,0.471,112.648,225881,3,850000
102YUQbYmwdBXS7jwamI90,Good Graces,Sabrina Carpenter,86,0.758,0.759,5,-5.315,1,0.0479,0.329,3.96E-06,0.144,0.732,126.012,185265,4,860000
5IZXB5IKAD2qlvTPJYDCFB,I Had Some Help (Feat. Morgan Wallen),Post Malone,84,0.644,0.874,0,-4.723,1,0.0265,0.0113,0,0.227,0.753,128.017,178206,4,830000
5AH31dDNgxCMGDdxubNNn4,NEL,Fuerza Regida,89,0.69,0.482,7,-6.335,0,0.2,0.523,0.0004,0.0728,0.356,100.029,149074,4,880000
3siwsiaEoU4Kuuc9WKMUy5,No One Noticed,The Marías,83,0.705,0.339,7,-10.612,1,0.0278,0.552,0.0814,0.12,0.457,97.989,236907,4,840000
51eSHglvG1RJXtL3qI5trr,Slow It Down,Benson Boone,87,0.432,0.583,8,-4.682,1,0.0687,0.174,0,0.0933,0.544,181.489,161831,4,890000
2HRqTpkrJO5ggZyyK6NPWz,Espresso,Sabrina Carpenter,88,0.699,0.776,0,-5.282,1,0.0293,0.131,5.36E-06,0.205,0.708,103.963,175459,4,820000
3xkHsmpQCBMytMJNiDf3Ii,Beautiful Things,Benson Boone,89,0.472,0.471,10,-5.692,1,0.0603,0.151,0,0.14,0.219,105.029,180304,3,870000
5iJKGpnFfvbjZJeAtwXfCj,28,Zach Bryan,82,0.492,0.519,7,-6.886,1,0.0288,0.227,8.47E-05,0.0693,0.435,80.868,233333,3,830000
7Fzl7QaTu47WyP9R5S5mh5,Lies Lies Lies,Morgan Wallen,82,0.486,0.702,1,-5.758,0,0.0298,0.239,7.54E-05,0.0912,0.382,81.053,198069,4,830000
6ie0uyyvOKTTuIFBMPiNIl,Judge Judy,"Tyler, The Creator",83,0.622,0.661,1,-5.906,1,0.0826,0.297,0.000135,0.165,0.362,76.331,269622,4,870000
4BSR9I4ExlCJdXJo2GpBD5,Take Your Mask Off (feat. Daniel Caesar & LaToiya Williams),"Tyler, The Creator",83,0.503,0.658,6,-5.823,0,0.154,0.46,0,0.382,0.515,121.784,253910,5,890000
2qSkIjg1o9h3YT9RAgYN75,Espresso,Sabrina Carpenter,90,0.701,0.76,0,-5.478,1,0.0285,0.107,6.54E-05,0.185,0.69,103.969,175459,4,900000
2uqYupMHANxnwgeiXTZXzd,Austin (Boots Stop Workin'),Dasha,87,0.756,0.672,0,-6.743,1,0.0522,0.464,3.37E-06,0.108,0.739,114.935,171783,4,860000
2FQrifJ1N335Ljm3TjTVVf,A Bar Song (Tipsy),Shaboozey,86,0.722,0.709,9,-4.95,1,0.0273,0.0633,0,0.0804,0.604,81.012,171292,4,820000
3Umj02ZNl4d356pS1D38mn,Hey Jane,"Tyler, The Creator",83,0.495,0.784,10,-7.027,0,0.42,0.555,0,0.621,0.669,94.563,240742,4,870000
2tHwzyyOLoWSFqYNjeVMzj,Please Please Please,Sabrina Carpenter,87,0.675,0.586,9,-6.086,1,0.0531,0.257,0,0.104,0.621,107.015,186365,4,830000
6GG4yyk3UATdBfTHVgI8PB,Ain't No Love In Oklahoma (From Twisters: The Album),Luke Combs,82,0.487,0.658,5,-9.973,1,0.0296,0.00877,0.00777,0.1,0.282,142.18,210950,4,820000
35D1RA5uVFVhMc1qX80TaQ,Balloon (feat. Doechii),"Tyler, The Creator",82,0.437,0.868,6,-3.03,1,0.112,0.731,0,0.234,0.475,111.774,154261,4,820000
5fZJQrFKWQLb7FpJXZ1g7K,A Bar Song (Tipsy),Shaboozey,84,0.722,0.706,9,-4.857,1,0.0292,0.072,0,0.067,0.599,80.969,171292,4,880000
7221xIgOnuakPdLqT0F3nP,I Had Some Help (Feat. Morgan Wallen),Post Malone,84,0.638,0.855,7,-4.86,1,0.0264,0.00757,0,0.245,0.731,127.986,178206,4,840000
7BRD7x5pt8Lqa1eGYC4dzj,CHIHIRO,Billie Eilish,88,0.7,0.425,7,-12.531,1,0.0529,0.144,0.879,0.083,0.521,110.015,303440,4,820000
4Na2HfNSr58chvfX69fy36,one of wun,Gunna,84,0.915,0.453,10,-4.589,0,0.27,0.0872,0.000163,0.104,0.287,139.943,144000,4,880000
6MzofobZt2dm0Kf1hTThFz,Diet Pepsi,Addison Rae,88,0.669,0.561,10,-6.538,1,0.0411,0.495,0.00962,0.0954,0.841,150.069,169698,4,840000
3GdwjAsCsoE79ObhsJFyYb,I Killed You,"Tyler, The Creator",82,0.749,0.896,2,-4.909,1,0.219,0.356,0.00075,0.267,0.447,97.121,168421,4,880000
5N3hjp1WNayUPZrA8kJmJP,Please Please Please,Sabrina Carpenter,88,0.669,0.586,9,-6.073,1,0.054,0.274,0,0.104,0.579,107.071,186365,4,840000
629DixmZGHc7ILtEntuiWE,LUNCH,Billie Eilish,86,0.893,0.4,11,-7.981,0,0.0643,0.0452,0.0823,0.0632,0.945,124.987,179587,4,850000
2tudvzsrR56uom6smgOcSf,Like That,Future,83,0.814,0.676,11,-4.67,0,0.231,0.00709,1.28E-05,0.119,0.312,162.012,267707,4,830000
2c7z5oRcPBbqRaBY2mLWcf,NEW DROP,Don Toliver,85,0.757,0.628,4,-6.715,0,0.101,0.189,0.0209,0.221,0.321,119.98,217333,4,850000
3Vr3zh0r7ALn8VLqCiRR10,Stargazing,Myles Smith,88,0.635,0.601,1,-6.129,0,0.0295,0.246,0,0.11,0.332,123.994,172533,4,880000
3Pbp7cUCx4d3OAkZSCoNvn,Scared To Start,Michael Marcagi,85,0.527,0.551,7,-11.258,1,0.0345,0.384,2.75E-06,0.403,0.443,148.035,159636,4,860000
5lKFO0PrOC9jmOlPEdjHsL,DOS DÍAS,Tito Double P,88,0.745,0.513,1,-9.116,1,0.087,0.783,0,0.216,0.929,109.935,154620,3,760000
3yw3m8wgRB4ptDyAvtdhq5,Tomorrow,"Tyler, The Creator",81,0.463,0.541,1,-6.594,1,0.0385,0.811,6.61E-05,0.125,0.307,95.827,182326,4,810000
6WatFBLVB0x077xWeoVc2k,Si Antes Te Hubiera Conocido,KAROL G,93,0.924,0.668,11,-6.795,1,0.0469,0.446,0.000594,0.0678,0.787,128.027,195824,4,930000
24XihnoVPWXlKJ4BgXqjVM,It's ok I'm ok,Tate McRae,85,0.754,0.514,1,-7.721,0,0.0471,0.0257,3.98E-05,0.0808,0.363,114.997,156522,4,880000
4CcozggmhXmndssEDH6YHR,High Road,Zach Bryan,75,0.47,0.229,4,-11.028,1,0.0406,0.815,0,0.172,0.213,113.404,199893,4,850000
1bjeWoagtHmUKputLVyDxQ,Saturn,SZA,85,0.411,0.619,1,-6.834,1,0.0368,0.62,0,0.11,0.337,177.937,186192,4,850000
5oIVNm56t6OIf9ZjdEG3ud,Coincidence,Sabrina Carpenter,83,0.418,0.815,9,-6.216,1,0.125,0.362,0,0.125,0.758,77.862,164203,4,860000
0OA00aPt3BV10qeMIs3meW,Big Dawgs,Hanumankind,86,0.464,0.745,4,-3.202,0,0.161,0.0235,0,0.363,0.262,180.098,190667,4,830000
2aYZaN5SmkRDLsrrV8GkBQ,LA PATRULLA,Peso Pluma,86,0.722,0.74,6,-7.22,0,0.063,0.68,3.27E-05,0.176,0.893,132.731,130615,3,780000
76JKIsdKrAfWUMjaA0u7v5,Too Sweet,Hozier,78,0.741,0.62,10,-5.505,1,0.0412,0.0295,0.000809,0.0398,0.934,117.038,251424,4,780000
28drn6tQo95MRvO0jQEo5C,Type Shit,Future,84,0.64,0.552,2,-5.679,1,0.129,0.0215,0,0.119,0.112,144.941,228267,4,840000
3t6gUcGYLrUuqwpXjOFWQc,I Never Lie,Zach Top,77,0.782,0.641,3,-6.431,1,0.0275,0.332,0.00923,0.108,0.522,107.997,224907,4,860000
3WOhcATHxK2SLNeP5W3v1v,Guess featuring billie eilish,Charli xcx,85,0.776,0.667,7,-6.622,1,0.0983,0.0146,0.3,0.0761,0.618,130.019,145219,4,800000
0pvZCv4JOS5WBu7JITYef6,I Hope You Find Your Way Home,"Tyler, The Creator",80,0.621,0.596,4,-4.35,1,0.0607,0.294,5.53E-05,0.134,0.207,112.188,269704,4,850000
2cZOYofOX4d6g0OXxkaIjA,ALL RED,Playboi Carti,82,0.76,0.663,9,-4.763,0,0.0551,0.109,0,0.305,0.209,143.082,148053,4,830000
1jKXjxMWlq4BhH6f9GtZbu,TORE UP,Don Toliver,83,0.534,0.819,11,-4.329,1,0.038,0.0012,0.0011,0.112,0.0806,154.994,126987,4,780000
3EO58D1YpHnTvBy68gK8HE,Wind Up Missin’ You,Tucker Wetmore,78,0.571,0.717,6,-5.807,1,0.0365,0.508,1.17E-06,0.112,0.661,171.858,166667,4,890000
6X6m4xmdFcz31p1h7Qg68c,EL LOKERON,Tito Double P,89,0.724,0.689,7,-7.174,0,0.0524,0.573,6.77E-06,0.0922,0.936,120.208,146141,3,810000
3iPIDAFybaoyqX7hvAfWkl,Sharpest Tool,Sabrina Carpenter,81,0.716,0.63,4,-7.509,1,0.108,0.475,0,0.0943,0.588,91.003,218284,4,810000
2Qcbspnftnon37jibwyvMU,I'll Be There,Jin,89,0.538,0.738,10,-2.412,1,0.0445,0.0351,0,0.0898,0.736,148.887,181678,4,890000
19KlZwqlT3fguP2BeHF1Q1,Disease,Lady Gaga,86,0.562,0.917,11,-2.768,0,0.117,0.0513,0,0.488,0.501,100.987,229997,4,720000
19RybK6XDbAVpcdxSbZL1o,Apple,Charli xcx,84,0.804,0.957,0,-5.452,1,0.034,0.125,0.0174,0.114,0.962,126.035,151740,4,810000
4pkb8SbRGeHAvdb87v9rpf,Miles On It,Marshmello,81,0.634,0.761,5,-4.752,1,0.0472,0.00537,0,0.549,0.785,129.963,168454,4,830000
6EUcP55GlbmsmCzfL2vxtZ,on one tonight,Gunna,81,0.887,0.727,4,-4.318,0,0.135,0.381,1.16E-06,0.213,0.932,130.035,90760,4,820000
2mWfVxEo4xZYDaz0v7hYrN,Juna,Clairo,80,0.606,0.714,3,-6.244,1,0.0339,0.238,0.098,0.106,0.448,141.512,195110,4,800000
2OzhQlSqBEmt7hmkYxfT6m,Fortnight (feat. Post Malone),Taylor Swift,84,0.504,0.386,11,-10.976,1,0.0308,0.502,1.53E-05,0.0961,0.281,192.004,228965,4,860000
4CD5aJNhq5fGYu3QaHJrm8,This World's A Giant,Zach Bryan,71,0.42,0.297,1,-11.069,1,0.0503,0.869,0.000282,0.112,0.204,82.876,216160,4,790000
4q5YezDOIPcoLr8R81x9qy,I Can Do It With a Broken Heart,Taylor Swift,83,0.701,0.751,0,-8.39,1,0.0502,0.123,0,0.15,0.22,129.994,218005,4,830000
6tWGe6nvXFWT0KhGCXM89q,Devil You Know,Tyler Braden,79,0.52,0.8,1,-4.256,1,0.041,0.00801,0,0.303,0.538,93.155,192693,4,690000
32lSgbCqRcIOyUSnfuUZEQ,Who,Jimin,88,0.66,0.757,0,-3.743,0,0.0321,0.00289,0,0.193,0.838,116.034,170888,4,840000
5wPnPIZS8wr4lPNLz4qvHK,Who,Jimin,88,0.66,0.757,0,-3.743,0,0.0321,0.00289,0,0.193,0.838,116.034,170888,4,850000
1C84d9abZVKWHT2YYpoean,Si No Quieres No,Luis R Conriquez,85,0.786,0.786,4,-6.372,0,0.0512,0.445,2.12E-06,0.0947,0.611,100.123,147011,1,770000
7mfVBpwMBLIlWeP5DBgPJc,This World's A Giant,Zach Bryan,69,0.42,0.297,1,-11.069,1,0.0503,0.869,0.000282,0.112,0.204,82.876,216160,4,770000
4w2GLmK2wnioVnb5CPQeex,360,Charli xcx,81,0.857,0.62,0,-8.13,1,0.0472,0.646,0.244,0.0934,0.796,120.042,133805,4,860000
4IadxL6BUymXlh8RCJJu7T,Too Sweet,Hozier,77,0.741,0.62,10,-5.505,1,0.0412,0.0295,0.000809,0.0398,0.934,117.038,251424,4,880000
0io16MKpbeDIdYzmGpQaES,Embrace It,Ndotz,88,0.882,0.645,1,-7.233,1,0.0601,0.475,4.13E-05,0.057,0.788,114.933,104419,4,860000
2hrycoFU1mZw6YPvMcn8yC,KEHLANI,Jordan Adetunji,84,0.645,0.634,10,-3.769,0,0.0341,0.158,3.78E-06,0.0908,0.352,160.017,122361,4,840000
51ZQ1vr10ffzbwIjDCwqm4,we can't be friends (wait for your love),Ariana Grande,86,0.645,0.646,5,-8.334,1,0.0427,0.0615,3.04E-05,0.074,0.295,115.842,228639,4,880000
6tNQ70jh4OwmPGpYy6R2o9,Beautiful Things,Benson Boone,86,0.472,0.471,10,-5.692,1,0.0603,0.151,0,0.14,0.219,105.029,180304,3,880000
5xeSd4HgzrYpNLEf3LfYLK,WHATCHU KNO ABOUT ME (feat. Sexyy Red),GloRilla,77,0.832,0.684,1,-4.691,1,0.359,0.00449,0,0.229,0.68,166.976,149461,4,820000
6TGd66r0nlPaYm3KIoI7ET,THE GREATEST,Billie Eilish,82,0.407,0.192,7,-10.99,1,0.0368,0.637,3.33E-06,0.21,0.159,128.173,293840,4,810000
5wbg8kepMFoMzHOEuxiI0q,Close To You,Gracie Abrams,80,0.586,0.72,6,-7.984,1,0.0775,0.0236,0.000124,0.0925,0.302,121.927,225973,4,780000
68mOSKT4uBkKddEAhlMO61,Home,Good Neighbours,81,0.584,0.673,6,-4.444,1,0.0298,0.0296,0.0614,0.121,0.138,77.002,157486,4,900000
57wp7VFnV8X0pSVnYArGeJ,Whatever She Wants,Bryson Tiller,78,0.803,0.512,9,-6.871,0,0.066,0.128,0,0.0928,0.435,96.02,161342,4,810000
0XkZmBCCcdMY0EPY8ij6Gb,Slim Pickins,Sabrina Carpenter,79,0.619,0.542,2,-8.681,1,0.0529,0.288,0,0.151,0.308,99.824,152195,4,790000
1tnZxHryc2wWtjUZC1LQw5,Noid,"Tyler, The Creator",79,0.38,0.77,1,-5.993,1,0.242,0.473,0.000151,0.243,0.47,82.157,287693,4,810000
2PnlsTsOTLE5jnBnNe2K0A,The Emptiness Machine,Linkin Park,90,0.466,0.872,7,-3.344,1,0.0336,0.0156,0,0.121,0.806,184.115,190428,4,810000
1yqdD2ScjkqvaNBUzPQ4vR,Who,Jimin,88,0.66,0.757,0,-3.743,0,0.0321,0.00289,0,0.193,0.838,116.034,170888,4,880000
52eIcoLUM25zbQupAZYoFh,redrum,21 Savage,81,0.625,0.733,2,-8.757,1,0.0488,0.00598,0.000983,0.375,0.244,172.09,270698,4,790000
6KYOlIwDHbrbeBbJEtQ0Fj,オトノケ - Otonoke,Creepy Nuts,85,0.517,0.842,1,-6.905,1,0.348,0.062,0.0575,0.158,0.643,169.745,185627,4,790000
09LrGvT9KsACH66RHYMDyR,Don’t Smile,Sabrina Carpenter,79,0.628,0.453,1,-10.141,1,0.0271,0.448,0.000538,0.165,0.328,89.969,206296,4,840000
2yR2sziCF4WEs3klW1F38d,KEEP UP,Odetari,84,0.476,0.829,10,-3.806,0,0.0658,0.0172,0.00916,0.167,0.505,139.198,133227,4,810000
4OssqCixV2Xsxd43wMIQyS,CARNIVAL,¥$,81,0.594,0.811,1,-5.746,1,0.159,0.189,0,0.339,0.311,148.144,264324,4,780000
61SRKyox0R9jCzci4JXKBS,What He'll Never Have,Dylan Scott,78,0.489,0.755,6,-4.471,1,0.045,0.0124,0,0.28,0.384,113.05,153907,4,850000
3lUYO6zvXI88sNDpyKvIJ2,Or What,NLE Choppa,77,0.731,0.586,1,-7.564,0,0.172,0.116,0,0.0987,0.147,125.845,199165,4,890000
1osfLqL6L2iQsirRf83ded,Worst Way,Riley Green,76,0.366,0.492,11,-7.9,1,0.0324,0.0899,0.000994,0.132,0.349,197.768,220558,3,850000
2CspwnypzT7rcWI9RfsoSb,Mantra,JENNIE,89,0.894,0.725,10,-4.984,0,0.0432,0.00434,1.15E-05,0.0815,0.838,116.988,136627,4,800000
2prqm9sPLj10B4Wg0wE5x9,BLUE,Billie Eilish,82,0.349,0.337,7,-10.671,1,0.0407,0.29,0.172,0.139,0.0365,142.01,343120,4,820000
6aJn7Cst74cj4lNIiPRgav,Touch,KATSEYE,85,0.739,0.904,5,-2.655,0,0.0442,0.549,1.03E-05,0.0948,0.788,167.033,129883,4,760000
6WTFHKrnZpwEBLRS10Ylqs,misses,Dominic Fike,80,0.578,0.509,2,-6.229,1,0.0279,0.13,0.734,0.344,0.586,119.945,74379,4,820000
6fPan2saHdFaIHuTSatORv,L’AMOUR DE MA VIE,Billie Eilish,82,0.467,0.392,9,-9.355,1,0.0908,0.2,0.0174,0.106,0.313,145.104,333987,4,760000
1kMWJ16W3Yk3hyNmaM7jfQ,Holy Smokes,Bailey Zimmerman,76,0.462,0.569,7,-7.908,1,0.0321,0.509,0,0.12,0.432,95.117,195158,4,770000
6HrALJOMsfPCCbUo5cJCON,ESCAPATE,Tito Double P,87,0.818,0.447,5,-10.247,0,0.047,0.514,8.14E-05,0.187,0.693,120.09,145184,1,870000
3aCPResPDNae3pXTocGpYe,LIL DEMON,Future,77,0.863,0.754,11,-5.851,1,0.0611,0.00125,0,0.0913,0.301,131.001,139197,4,780000
5VhvD0AKRprEaFtPNKGBQR,Dumb & Poetic,Sabrina Carpenter,78,0.471,0.389,7,-5.421,1,0.0264,0.772,0,0.247,0.238,78.092,133479,3,760000
0U60hgxzGit7juEuHul2y3,25,Rod Wave,76,0.427,0.5,0,-8.269,1,0.141,0.286,0,0.127,0.269,63.925,180000,5,760000
6PhRhocBXP4y7NpciGmzra,Después De La 1,Cris Mj,86,0.805,0.581,6,-5.091,0,0.0601,0.0303,0.0202,0.0933,0.528,99.973,177600,4,860000
26QJuQfM8PVAWkIm1JRyqq,ss,Ken Carson,77,0.501,0.662,11,-7.161,0,0.083,0.0364,6.64E-05,0.152,0.0348,137.625,184375,4,770000
47Xj8eIAp7hYOOqArmkqZE,Spin You Around (1/24),Morgan Wallen,76,0.622,0.444,4,-6.06,1,0.027,0.795,0,0.152,0.603,141.952,209427,4,780000
36wAwEkSDpNQ4oQeRLYC3L,Am I Okay?,Megan Moroney,75,0.593,0.734,9,-5.416,1,0.0514,0.02,0,0.138,0.518,125.937,235003,4,810000
3FqUPvubYeRCMsdJ02QyZR,TÚ NAME,Fuerza Regida,81,0.76,0.747,0,-5.083,0,0.0282,0.0675,2.73E-06,0.309,0.884,128.912,152079,3,750000
2GxrNKugF82CnoRFbQfzPf,i like the way you kiss me,Artemas,84,0.599,0.946,11,-4.263,1,0.0447,0.000938,0.0106,0.0826,0.747,151.647,142515,4,780000
77DRzu7ERs0TX3roZcre7Q,euphoria,Kendrick Lamar,78,0.831,0.643,1,-5.002,1,0.11,0.046,0,0.084,0.142,139.948,383639,4,780000
5A8xI7PN4WDe9e61xEdt94,Yeah Glo!,GloRilla,75,0.894,0.66,11,-5.349,0,0.33,0.0243,0,0.139,0.181,148.072,142703,4,850000
5Uptvz6j1sjDKxidAcnH2L,SI NO ES CONTIGO,Cris Mj,85,0.763,0.626,5,-5.637,0,0.0433,0.0859,0.225,0.205,0.78,100.02,156171,4,790000
3Rfre3qkrhwdZZ7dyznwbN,Lonely Road (with Jelly Roll),mgk,78,0.549,0.679,7,-5.501,1,0.0346,0.0103,0,0.365,0.235,100.214,189357,4,780000
0hhzNPE68LWLfgZwdpxVdR,us. (feat. Taylor Swift),Gracie Abrams,79,0.533,0.553,7,-6.486,1,0.0296,0.498,0,0.0911,0.391,102.043,242667,4,780000
5JiU3gLHz9AvUnrhXgOmos,Risk,Gracie Abrams,78,0.709,0.49,3,-6.038,0,0.0588,0.515,0,0.0844,0.476,113.05,191587,4,830000
2aGF1a9126wvzwrK01DLff,TEFLON DON,Future,56,0.916,0.578,11,-6.275,1,0.124,0.00349,0.00402,0.113,0.192,124.005,159894,4,820000
41EOhpn50qvd8iZSKw531W,LOS CUADROS,Peso Pluma,83,0.782,0.539,11,-10.68,1,0.0716,0.319,0,0.0905,0.939,122.149,160424,3,870000
0Lmbke3KNVFXtoH2mMSHCw,the boy is mine,Ariana Grande,82,0.795,0.63,7,-5.854,0,0.0434,0.157,0,0.0732,0.447,97.998,173640,4,750000
2dono2Koz7DEvGwxUsmMLq,Linger - SiriusXM Session,Royel Otis,78,0.404,0.393,2,-6.607,1,0.0262,0.806,0.000443,0.0938,0.403,98.217,186000,4,870000
6StwwqB84sJeLr7tZDTxEX,Guy For That (Feat. Luke Combs),Post Malone,78,0.611,0.911,8,-4.106,1,0.0647,0.0061,0,0.135,0.495,119.986,164011,4,780000
3fgehc497TFqKH1zBL2YNK,Heavy Is the Crown,Linkin Park,87,0.571,0.928,4,-3.725,0,0.0453,0.00932,0,0.297,0.489,127.939,167012,4,840000
6XjDF6nds4DE2BBbagZol6,Gata Only,FloyyMenor,87,0.791,0.499,8,-8.472,0,0.0509,0.446,2.41E-05,0.0899,0.669,99.986,222000,4,790000
1XHr9xj3l6EJn9KzY2c5hJ,SKI,Future,55,0.816,0.562,11,-7.566,1,0.294,0.0801,2.74E-06,0.231,0.111,135.028,147593,3,890000
1GnLvY4K0rQas71s7ZwArA,PLUTOSKI,Future,55,0.794,0.533,9,-8.206,1,0.0591,0.14,2.76E-05,0.207,0.149,120.011,179023,4,850000
2ss1LK5Kfnjo5EUaCbsgZM,No Son Doritos,Clave Especial,81,0.783,0.834,3,-4.623,0,0.029,0.539,0.000212,0.0903,0.92,139.995,160714,3,780000
4jH1hMmjAKym48o5tg94D9,TOO FAST,Future,52,0.542,0.61,5,-6.497,0,0.419,0.133,0,0.127,0.317,83.51,205731,4,860000
0Sr7ssScx54yxdM2ols7nW,Q U E V A S H A C E R H O Y ?,Omar Courtz,89,0.56,0.681,6,-6.304,0,0.244,0.103,0,0.106,0.388,155.079,223320,4,810000
4o7drGxPLryZ8AQ3wChg54,SOUTH OF FRANCE,Future,51,0.839,0.644,2,-7.131,1,0.0803,0.03,0,0.126,0.236,141.037,108953,4,890000
2dK0FAkNYCMCB5Rv5LZsHL,MJ,Future,50,0.795,0.447,9,-8.365,1,0.259,0.103,0.00214,0.137,0.0917,116.991,114916,4,810000
5ppb5wau793YRvH2DIz32M,PRESS THE BUTTON,Future,50,0.82,0.576,9,-7.488,1,0.296,0.0557,3.73E-05,0.104,0.183,141.003,170257,4,780000
37g7F9c9G4hSjcL3dDZ18x,SURFING A TSUNAMI,Future,50,0.813,0.764,0,-7.212,1,0.0865,0.232,0,0.239,0.948,146.082,213699,4,790000
1eroCliWpJrEu1V7VSObcO,Circadian Rhythm,Drake,79,0.694,0.574,1,-6.144,0,0.0483,0.193,0,0.082,0.286,146.007,126356,4,790000
1cGABOlfqiaXwb3SzukpJ5,LOST MY DOG,Future,48,0.523,0.234,7,-9.214,0,0.0952,0.972,0.000151,0.138,0.482,83.462,173737,4,820000
3yDRcs0Y4pPzkvMbUfeF9H,Moonlit Floor (Kiss Me),LISA,89,0.733,0.786,5,-3.951,0,0.112,0.128,0,0.31,0.672,109.954,155757,4,730000
5il0jwWUlvgtIzWvzJi12z,Lie To Girls,Sabrina Carpenter,78,0.661,0.414,5,-9.073,1,0.0404,0.464,0,0.37,0.224,119.921,202001,4,810000
1xmvq1fYLs9TEgikaFilGW,Thick Of It (feat. Trippie Redd),KSI,81,0.588,0.826,11,-3.733,0,0.0485,0.0768,0,0.327,0.648,145.825,160842,4,760000
3nHuKdFJZm78CoeBnDcFKe,Bad Dreams,Teddy Swims,85,0.707,0.68,8,-6.203,1,0.0884,0.274,0,0.0932,0.62,125.058,184578,4,760000
0xGQTpN4ESETtl1Sp6rzd2,São Paulo (feat. Anitta),The Weeknd,85,0.574,0.659,5,-7.377,0,0.0768,0.0412,0.0002,0.0921,0.506,127.347,301623,4,740000
1560osUcXrnov6yuOjXvc1,No Face,Drake,78,0.853,0.69,10,-5.858,1,0.0647,0.0771,0,0.0835,0.471,125.951,137143,4,820000
6jlG8gBPNAgBgoivw2Ig09,DEVIL IS A LIE,Tommy Richman,79,0.904,0.452,9,-7.272,1,0.132,0.174,0,0.115,0.613,90.026,130944,4,740000
1CsMKhwEmNnmvHUuO5nryA,SKINNY,Billie Eilish,79,0.251,0.252,9,-14.478,1,0.0375,0.693,0.00706,0.0968,0.0395,69.988,219733,4,720000
5kDgJffgJ0lYHTSiaXFWNw,BABY I'M BACK,The Kid LAROI,82,0.417,0.743,11,-5.094,0,0.0481,0.0154,0,0.191,0.128,161.877,171244,3,800000
2lAUq68F2bt7Kc218n9FPp,AY MAMÁ,Tito Double P,85,0.666,0.764,4,-6.297,0,0.116,0.366,0,0.347,0.729,148.853,163115,4,790000
7hRLuo4QnzCsjICXUOhTE6,WHISKEY WHISKEY (feat. Morgan Wallen),Moneybagg Yo,73,0.738,0.71,5,-3.778,0,0.0698,0.0266,0,0.156,0.722,151.985,161053,4,760000
722NAIXkI6WRNvu9O7JkdH,overseas,Ken Carson,76,0.488,0.784,6,-3.408,0,0.0298,0.00256,0,0.152,0.173,150.886,141032,4,780000
1d7Ptw3qYcfpdLNL5REhtJ,Taste,Sabrina Carpenter,81,0.67,0.91,0,-4.07,0,0.0634,0.0939,0,0.304,0.786,112.966,157280,4,840000
3JG1uFc40wfyrqaWC7iv0e,i like the way you kiss me,Artemas,82,0.599,0.946,11,-4.263,1,0.0447,0.000938,0.0106,0.0826,0.747,151.647,142515,4,780000
5b3XJ1pjrHO5JtY2PcTjnI,Mamushi (feat. Yuki Chiba),Megan Thee Stallion,80,0.892,0.531,1,-4.968,1,0.207,0.033,0,0.0824,0.209,81.036,156988,4,850000
3Sg0jiuv2ckmxTBX4tLJQq,Just Like Johnny,Redferrin,74,0.589,0.625,4,-5.302,0,0.0405,0.0268,1.51E-05,0.124,0.143,125.997,199392,4,820000
7z7kvUQGwlC6iOl7vMuAr9,Dancing In The Flames,The Weeknd,84,0.552,0.73,1,-6.203,1,0.0381,0.0011,0,0.0837,0.162,116.875,220037,4,720000
4ppKM7xnkSAwSyKqD4QTY4,Chill Bae,Lil Uzi Vert,76,0.672,0.663,3,-5.984,1,0.243,0.112,0,0.134,0.381,184.057,138324,4,730000
7mOC6phfrfz3jfigg1aGsE,Wanna Be (with Megan Thee Stallion),GloRilla,74,0.919,0.629,1,-5.17,1,0.376,0.0226,0,0.146,0.407,135.05,156444,4,800000
1LLUoftvmTjVNBHZoQyveF,THE DINER,Billie Eilish,79,0.857,0.386,1,-9.761,1,0.168,0.243,0.0931,0.111,0.661,125.017,186347,4,850000
7KvZLaYFqBqoADTelAsWWO,Happy Face,Treaty Oak Revival,72,0.515,0.927,9,-5.706,1,0.0563,0.000834,0.00545,0.327,0.412,129.975,202219,4,760000
279qpKlNEFXT7XF0MMUT92,PerkySex,Lil Uzi Vert,68,0.751,0.873,0,-5.996,0,0.0564,0.0883,0,0.0944,0.718,135.075,170674,4,750000
3SAga35lAPYdjj3qyfEsCF,Feel It - From The Original Series “Invincible”,d4vd,78,0.565,0.593,8,-5.864,1,0.0883,0.0288,0,0.215,0.429,120.509,157974,4,760000
331l3xABO0HMr1Kkyh2LZq,I Don't Wanna Wait,David Guetta,85,0.681,0.714,1,-4.617,0,0.0309,0.0375,0,0.232,0.554,129.976,149668,4,810000
2EKL77lwxvo615Ga7VjEUl,HIM ALL ALONG,Gunna,76,0.872,0.507,4,-6.323,0,0.072,0.195,0,0.111,0.506,130.007,158667,4,740000
5v3MSh7CD3VNyCwAoSha5p,Half of forever,Henrik,77,0.75,0.313,9,-7.334,1,0.0298,0.733,9.01E-05,0.259,0.478,76.507,153250,4,780000
487JCvAXVblflZyDJn3fSp,Help Me,Real Boston Richey,73,0.749,0.709,6,-6.385,1,0.259,0.155,0,0.329,0.564,78.53,181166,4,740000
1uGUbgZuO1kD1JZ0UeFupN,Hecha Pa' Mí,Grupo Frontera,82,0.742,0.832,8,-4.267,1,0.0325,0.0857,0,0.296,0.716,98.582,195846,4,760000
1e0vsza0hIVYv9Mkz542qn,Fable,Gigi Perez,77,0.324,0.3,10,-9.949,1,0.0295,0.417,0,0.0864,0.138,101.621,261005,4,770000
1OYHXCuHdzHjpHqHlY1g1r,Bad Luck,Zach Top,72,0.632,0.652,9,-5.402,0,0.0343,0.503,2.19E-06,0.131,0.737,175.902,199248,4,850000
3coRPMnFg2dJcPu5RMloa9,Whiplash,aespa,80,0.863,0.9,10,-2.974,0,0.0448,0.0953,0.0212,0.0786,0.748,126.023,183227,4,850000
0y5Ex8oQ8zCH5TQxHUy1Eo,you look like you love me (feat. Riley Green),Ella Langley,76,0.663,0.675,11,-5.851,1,0.0321,0.353,0,0.21,0.455,128.942,224280,4,800000
4oPLjuY1WgGTL0Ja1doDOn,Magic Johnson,ian,75,0.911,0.689,1,-6.176,1,0.265,0.00119,0,0.0704,0.546,140.034,137159,4,810000
5h68SoVFGleijCtjEja3xG,365,Charli xcx,78,0.761,0.856,1,-5.121,1,0.109,0.154,0.503,0.16,0.729,127.111,203618,4,780000
4OLT65TRsOx3Iv1TlCcQVb,Presidente,Gabito Ballesteros,85,0.732,0.827,11,-4.152,1,0.0585,0.123,0,0.117,0.584,105.145,181065,1,760000
3NE6g9h77FZbQqCLzUpGRt,Light Year (Practice),Lil Uzi Vert,74,0.637,0.692,1,-7.231,0,0.164,0.0153,0,0.345,0.427,140.203,164366,4,800000
0rtDE9zfXbamTlRUSwY7zy,Belong Together,Mark Ambor,81,0.646,0.668,2,-5.203,1,0.0282,0.491,0,0.212,0.64,90.97,148318,4,720000
0PHrcmOtDE89ew4vVEaD7S,BANDIT,Don Toliver,76,0.68,0.794,2,-4.534,1,0.0414,0.00585,0,0.473,0.111,130.109,147707,4,750000
70eyG7pqKozUvKPKXLXmpI,i am not who i was,Chance Peña,78,0.702,0.22,0,-13.696,1,0.0403,0.698,0,0.0891,0.197,129.9,145438,4,780000
2x2olWuWXpqjoeE4bO1NFS,Never Lose Me,Flo Milli,76,0.781,0.569,1,-7.858,1,0.0978,0.0534,0,0.098,0.0739,121.971,125902,4,760000
3w1h7uNU1Dfk2tOaHiIGat,PERO NO TE ENAMORES,Fuerza Regida,80,0.724,0.886,8,-5.607,0,0.0325,0.348,0.0132,0.107,0.827,118.044,183847,3,810000
0YThXX1dqUpYBLyJNAsF9N,If We Being Rëal,Yeat,80,0.457,0.499,1,-6.67,1,0.0334,0.247,6.34E-05,0.171,0.0348,127.95,172500,4,780000
1zhMHgotgZXkLCXpqNRnPK,N o C h i l l,PARTYNEXTDOOR,78,0.575,0.411,2,-9.022,1,0.0619,0.509,0.00321,0.0884,0.062,81.755,265374,4,810000
0IsIY8pfu1yaGkPUD7pkDx,Guess featuring billie eilish,Charli xcx,80,0.78,0.713,0,-4.493,1,0.0888,0.0167,0.206,0.144,0.615,130.034,143331,4,820000
315aBOUD3xtj7sUMXtRgMV,In The Stars,Benson Boone,81,0.362,0.54,10,-6.031,1,0.0528,0.338,0,0.139,0.3,78.007,216410,3,730000
0BiDnJFB3TlRB6aji7jUz3,Rey Sin Reina,Julión Álvarez y su Norteño Banda,84,0.529,0.356,3,-6.612,1,0.0569,0.29,0,0.136,0.659,169.653,150523,3,860000
256nKlwQdp2GE6DYGvTDoG,Cool,Gracie Abrams,76,0.706,0.58,0,-4.973,1,0.0416,0.619,0,0.101,0.39,110.433,229162,4,730000
3SaS0Va6o6jYkWvadT86C6,I Am Not Okay,Jelly Roll,74,0.536,0.651,7,-5.208,1,0.0287,0.084,0,0.148,0.363,76.964,198067,4,730000
1YhTK4LOmqLusIf4tPwtW5,A Cigarette,Gavin Adcock,72,0.612,0.148,7,-11.947,1,0.0284,0.859,1.84E-06,0.129,0.21,135.935,179900,4,810000
6Ova4U0AcZrDqTaP0BWDjg,"I Love You, I'm Sorry - Live From Vevo",Gracie Abrams,76,0.448,0.454,10,-9.117,1,0.0315,0.644,3.24E-05,0.0946,0.189,116.859,204165,4,810000
0gucUyFMFRMlUiVn9US4YX,Losers (Feat. Jelly Roll),Post Malone,75,0.607,0.76,0,-4.024,0,0.029,0.0292,0,0.146,0.414,93.954,209038,4,730000
3nQ24dxqvxZEVwlHTeuLz0,Sympathy is a knife featuring ariana grande,Charli xcx,78,0.711,0.603,3,-7.815,1,0.0405,0.0962,0,0.112,0.339,135.151,154127,4,730000
2HYFX63wP3otVIvopRS99Z,Houdini,Eminem,81,0.936,0.887,9,-2.76,0,0.0683,0.0292,1.88E-06,0.0582,0.889,127.003,227239,4,760000
1qIwin7JMVuX70qN6wD8ww,It's Up (feat. Young Thug & 21 Savage),Drake,76,0.783,0.723,1,-4.881,1,0.135,0.0264,0,0.159,0.294,139.942,278001,4,740000
3c9EsIo34kil8Oj1reaozB,American Nights,Zach Bryan,73,0.57,0.678,6,-5.629,1,0.0598,0.0309,9.92E-06,0.104,0.358,137.581,218933,4,760000
0PBTlQ84CBJF0tBnKGmQa6,FRI(END)S,V,86,0.466,0.601,8,-4.468,1,0.053,0.0315,0,0.0927,0.627,53.376,148082,4,710000
5GTBdEjZe7zEDp1N0eCZE4,HOLLYWOOD,Peso Pluma,81,0.707,0.683,3,-7.598,0,0.191,0.7,5.88E-06,0.134,0.545,94.979,284864,3,740000
30rU9CBF5cwiexNHJffkLS,Ends of the Earth,Ty Myers,71,0.647,0.297,9,-7.806,1,0.0287,0.258,2.90E-05,0.0988,0.227,129.962,269830,3,730000
2jnezASa7o0lP6aif6VrIf,TEFLON DON,Future,74,0.916,0.578,11,-6.275,1,0.124,0.00349,0.00402,0.113,0.192,124.005,159894,4,720000
0kE09o4Jdeu7vqjmkV1YJP,Wild Ones (feat. Jelly Roll),Jessie Murph,73,0.662,0.55,0,-5.816,1,0.0366,0.00354,8.95E-06,0.406,0.308,136.184,141368,4,810000
1aKvZDoLGkNMxoRYgkckZG,Magnetic,ILLIT,83,0.797,0.668,6,-5.819,1,0.0687,0.257,0,0.0876,0.69,131.067,160688,4,770000
1FhgmMvNlh3nJ1Ldc2eE6H,High Road (feat. Jessie Murph),Koe Wetzel,73,0.622,0.726,6,-5.608,1,0.0304,0.0518,0,0.0906,0.534,138.043,178416,4,730000
3DnsQ5O4uJw3MlYgvBJSCq,Maxed Out,Bayker Blankenship,73,0.685,0.374,7,-10.778,0,0.036,0.359,8.43E-06,0.106,0.364,145.915,172608,4,710000
2hKYtHbwYOSjvYQhVdUpdQ,TGIF,GloRilla,76,0.891,0.526,8,-6.52,0,0.368,0.0787,3.04E-05,0.133,0.203,140.06,164571,4,830000
6D8y7Bck8h11byRY88Pt2z,Houdini,Dua Lipa,81,0.744,0.789,9,-4.876,0,0.059,0.0036,0.00144,0.0947,0.866,116.985,185918,4,710000
0FlwhvrncUKrEAhzunmCKm,Forever,Noah Kahan,74,0.394,0.256,0,-10.944,1,0.036,0.765,0,0.116,0.215,94.367,268354,4,760000
73KAidtqbDftZjy8AD0H04,High Road (feat. Jessie Murph),Koe Wetzel,73,0.614,0.743,6,-5.046,1,0.0313,0.0839,0,0.107,0.623,138.077,179413,4,720000
1AKXrejQiFURJnr9UKIjDb,Change Me,BigXthaPlug,73,0.825,0.648,6,-5.122,0,0.272,0.0834,0,0.203,0.0645,125.009,137000,4,730000
6tNgRQ0K2NYZ0Rb9l9DzL8,obsessed,Olivia Rodrigo,77,0.68,0.581,8,-5.166,1,0.106,0.0181,1.07E-06,0.276,0.63,119.974,170542,4,750000
7iabz12vAuVQYyekFIWJxD,BAND4BAND (feat. Lil Baby),Central Cee,81,0.882,0.764,11,-5.241,1,0.204,0.359,0,0.119,0.886,140.113,140733,4,760000
0mYIOzA3XWuqewk2GDtsnP,Spin You Around,Morgan Wallen,72,0.517,0.877,4,-3.621,1,0.0297,0.00142,0,0.208,0.614,149.99,212850,4,840000
7lCs3stpWCtAn5Y2lmnPhV,I Ain't Sayin',Jordan Davis,73,0.614,0.912,8,-4.587,1,0.0452,0.446,0,0.163,0.918,76.995,174060,4,820000
727x6SZXGF0LfU2vi3rjaH,Darlin',Chase Matthew,72,0.798,0.606,2,-6.28,1,0.0338,0.181,0,0.391,0.895,120.063,165000,4,640000
6hCei3LDTNFZ5y0o30WjjN,Hell is a Dance Floor,Vincent Mason,71,0.666,0.358,9,-7.407,1,0.033,0.765,0,0.0748,0.488,129.893,210000,4,770000
3mg9jYNC1NihbthlglzrWP,57,KAROL G,81,0.848,0.712,1,-3.574,0,0.0981,0.221,0,0.106,0.692,91.98,298131,4,810000
02cRoSfWU3RJNFyU3o4lhV,SANTAL 33,Peso Pluma,81,0.715,0.764,6,-6.064,0,0.0946,0.666,8.11E-06,0.148,0.735,125.095,189834,3,770000
0QpiyJbgWUjyAQNqjIA5tO,Hate Me,Lil Yachty,73,0.638,0.625,8,-6.909,1,0.117,0.000976,0.732,0.157,0.105,140.047,161259,4,810000
3i86MS9vF1VCf0h2IEpKWY,A Lot More Free,Max McNown,75,0.469,0.279,1,-8.8,1,0.0385,0.198,4.05E-05,0.0723,0.314,142.946,198920,4,720000
0mNzElhEofvgMWAJoOA4q9,Pour Me A Drink (Feat. Blake Shelton),Post Malone,75,0.582,0.909,11,-3.834,1,0.0342,0.00191,0,0.308,0.868,119.033,195123,4,760000
5uQ7de4EWjb3rkcFxyEOpu,Belong Together,Mark Ambor,82,0.646,0.668,2,-5.203,1,0.0282,0.491,0,0.212,0.64,90.969,148318,4,770000
5LhI8m7n8xlQmNe3b7Rwis,Madonna,Natanael Cano,84,0.732,0.873,0,-5.965,1,0.0321,0.0449,0.000803,0.347,0.662,128.029,187088,3,740000
4OG8nSaGmiATo0y59bvehc,House Again,Hudson Westbrook,71,0.628,0.263,8,-9.334,1,0.0294,0.66,0,0.18,0.52,127.068,202291,3,740000
1QPV3QoWw3rRKPeYoX8kO8,GGUM,YEONJUN,80,0.874,0.621,10,-6.867,0,0.0662,0.0027,0.000304,0.0908,0.406,129.052,151689,4,710000
46kspZSY3aKmwQe7O77fCC,we can't be friends (wait for your love),Ariana Grande,81,0.645,0.646,5,-8.334,1,0.0427,0.0615,3.04E-05,0.074,0.295,115.842,228639,4,810000
2Oj3iCVLQgwjwRF9VHo7gt,No Pasa Nada,Clave Especial,76,0.834,0.894,4,-1.934,0,0.0466,0.23,1.01E-05,0.124,0.898,145.142,136001,3,730000
0fRi9tPnhwwQsJg5iFFnIa,Jailbreak,Waylon Wyatt,71,0.511,0.593,10,-4.999,1,0.0276,0.533,1.66E-06,0.108,0.501,84.891,193533,4,720000
2bl81llf715VEEbAx03yvB,Close To You,Gracie Abrams,77,0.59,0.727,6,-7.955,1,0.0706,0.0259,6.48E-05,0.0827,0.356,121.966,225973,4,770000
32TTewBmtmhUmYxS1ajqaJ,hakuna matata,Gunna,75,0.926,0.726,5,-4.669,0,0.227,0.282,0,0.11,0.69,137.975,127853,4,860000
6UmKnXmG7VmYqFnmSPOfRj,Get It Sexyy,Sexyy Red,71,0.811,0.64,5,-5.63,0,0.274,0.0957,0,0.127,0.527,145.031,148552,4,720000
2t4H61OtTYgmDe61KxkjKH,PLUTOSKI,Future,74,0.794,0.533,9,-8.206,1,0.0591,0.14,2.76E-05,0.207,0.15,120.011,179023,4,760000
18WFFUIsewmA8g31KAeo3e,The Prophecy,Taylor Swift,76,0.421,0.525,10,-10.359,1,0.0472,0.825,2.67E-06,0.308,0.535,167.927,249807,4,850000
0ydx75YiFzLjjQknKFNFwt,Burning Down,Alex Warren,77,0.499,0.674,10,-3.866,0,0.0389,0.0745,0,0.0645,0.442,171.892,179437,4,810000
6PU7QGEs8f4VECOUV0ZPrX,That’s So True - Live From Radio City Music Hall,Gracie Abrams,63,0.502,0.777,10,-7.007,0,0.051,0.0443,0,0.356,0.341,108.485,194199,4,730000
7DpUoxGSdlDHfqCYj0otzU,BITTERSUITE,Billie Eilish,77,0.521,0.254,9,-14.409,0,0.0399,0.815,0.884,0.114,0.153,125.021,298440,4,760000
3p1coqZaHyGvFVLb7EmmeE,NUMBER 2,Lil Tecca,74,0.64,0.635,1,-4.758,1,0.0345,0.0543,0,0.113,0.141,125.007,137904,4,720000
4MAv7MqIlcaTBHGiUXIWiw,SI NO ES CONTIGO - REMIX,Cris Mj,81,0.732,0.74,0,-4.281,1,0.0302,0.0452,9.80E-05,0.127,0.681,99.995,254501,4,760000
6xZYGIixR3zhhOHwu7UEMY,mewtwo,Ken Carson,73,0.646,0.745,8,-3.341,1,0.128,0.0206,0,0.154,0.316,149.971,128000,4,800000
31TVho4kOuAeRmLYGIEuWn,TGIF,GloRilla,72,0.894,0.526,10,-6.622,0,0.381,0.0804,4.40E-05,0.132,0.208,140.041,164571,4,710000
2ZqTbIID9vFPTXaGyzbb4q,Neva Play (feat. RM of BTS),Megan Thee Stallion,80,0.826,0.756,2,-4.984,1,0.256,0.0203,0,0.0915,0.794,160.01,157173,4,800000
1BJJbSX6muJVF2AK7uH1x4,Move,Adam Port,86,0.727,0.782,8,-8.529,0,0.042,0.0563,0.336,0.225,0.655,119.992,177599,4,720000
7ov3TDp5D00Rnu5R1viX4w,New Woman (feat. ROSALÍA),LISA,86,0.477,0.854,7,-4.715,1,0.275,0.0858,0,0.065,0.314,140.515,179790,5,710000
4FgvZaxSi4fwCLEc5tFV00,Wine Into Whiskey,Tucker Wetmore,71,0.714,0.697,11,-5.227,1,0.0363,0.0744,0.00598,0.0929,0.32,149.983,166347,4,750000
1QxxBUAx42J8pIFYJJR880,Pretty Slowly,Benson Boone,76,0.588,0.576,9,-5.82,1,0.0543,0.369,0,0.105,0.226,122.081,261421,4,560000
1vj47xD8v9wIhQrmQY2Dkv,Better Days (feat. John Mayer),Zach Bryan,73,0.562,0.564,9,-6.946,1,0.0361,0.705,0,0.0932,0.314,82.685,212467,4,820000
6dayCflQl0ISXwZs6GBygC,I'm Gonna Love You,Cody Johnson,71,0.552,0.494,3,-6.262,0,0.0318,0.358,2.94E-05,0.108,0.312,133.91,188107,4,730000
0hKtu53OlIFXVuYkZwcn3o,Cinderella,Future,76,0.876,0.412,5,-7.74,0,0.0748,0.431,0,0.101,0.15,130.052,169840,4,730000
0llPOBVoJYDAtdmVlNE41A,Liar,Jelly Roll,72,0.645,0.767,1,-5.202,1,0.0299,0.0405,0,0.092,0.613,114.011,204933,4,710000
2o1pb13quMReXZqE7jWsgq,intro (end of the world),Ariana Grande,81,0.506,0.362,10,-9.48,1,0.0416,0.67,0,0.176,0.385,84.726,92400,4,700000
5116BQqgzOZ24Dx0ZKkagU,delusional,Ken Carson,73,0.566,0.829,0,-5.315,1,0.0345,0.000119,0,0.231,0.591,147.954,131274,4,760000
1Y1jtaZOJYgXBl7lKdLc9o,A Cold Sunday,Lil Yachty,72,0.575,0.86,9,-3.165,0,0.23,0.298,0,0.0973,0.834,76.54,107314,1,750000
12VH4g5pTMZmrUVzfJq7F7,M a k e I t T o T h e M o r n i n g,PARTYNEXTDOOR,77,0.677,0.622,4,-5.901,0,0.0287,0.0831,0.00749,0.154,0.0903,122.738,168453,4,720000
4CkbpelT92r4dVkceDX9g1,Leave Me Alone,BigXthaPlug,71,0.835,0.802,7,-4.286,1,0.243,0.0311,7.33E-06,0.0882,0.374,128.085,143778,4,870000
2F3N9tdombb64aW6VtZOdo,Down Bad,Taylor Swift,75,0.541,0.366,11,-10.412,1,0.0748,0.56,1.00E-06,0.0946,0.168,159.707,261228,4,710000
1D9XWqsoNWIfLEzjHcrgMx,BAD TIME,Lil Tecca,73,0.741,0.803,2,-3.89,1,0.076,0.0381,0,0.111,0.314,122.935,210803,4,630000
4jIy1KWDGEptJGq94tqB5Y,The Way Back,Zach Bryan,71,0.543,0.492,0,-8.313,1,0.0574,0.673,0.000163,0.112,0.178,79.886,185520,4,380000
6G15l720kBWvIQZyoEJEYE,Alibi (with Pabllo Vittar & Yseult),Sevdaliza,68,0.741,0.754,11,-5.412,0,0.0327,0.00526,8.21E-06,0.125,0.717,126.98,161656,4,700000
7Mts0OfPorF4iwOomvfqn1,So High School,Taylor Swift,76,0.366,0.866,7,-4.514,1,0.0466,0.0274,3.07E-06,0.106,0.293,176.07,228800,4,760000
1kcwpPDQnqEqmezzXdJTCP,imgonnagetyouback,Taylor Swift,75,0.784,0.391,9,-9.471,1,0.0633,0.608,0,0.252,0.15,110.007,222072,4,710000
7vv89PswQvqGKCGJ1rw5on,FIELD TRIP,¥$,76,0.731,0.686,11,-4.707,0,0.121,0.054,0,0.0865,0.458,121.991,167229,4,740000
3OJDtCdYs8QJnui708tEU3,Soltera,Shakira,87,0.841,0.752,2,-4.735,1,0.105,0.167,0.00046,0.949,0.67,100.076,214643,4,750000
3IEvQ1CzszUJtTRLmmMJ2X,05-Jul,Tito Double P,82,0.827,0.596,10,-8.36,1,0.039,0.379,0,0.138,0.964,111.997,174213,3,730000
3wSZvk3xWv2bzUpUAalO55,UNA BOKA,Lalo Ebratt,70,0.735,0.721,7,-4.82,0,0.306,0.34,0.000166,0.0937,0.756,203.871,150588,4,730000
0CFhbNsY7CsuSkBQOiLPzz,Or What,NLE Choppa,72,0.731,0.586,1,-7.564,0,0.172,0.116,0,0.0987,0.147,125.845,199165,4,820000
5btUPeXrdG4Es05Q1p5aaT,Run Your Mouth,Gavin Adcock,70,0.721,0.566,11,-6.675,0,0.0578,0.101,5.43E-06,0.111,0.529,104.033,160291,4,770000
4JhsEvyt5yUHPsUNDgxjRQ,Sounds Like the Radio,Zach Top,70,0.639,0.895,7,-4.142,1,0.0579,0.27,6.28E-06,0.361,0.641,129.018,218868,4,780000
0tXFWZC3ZF44vgi0h2o4iI,Mirada,Ivan Cornejo,74,0.69,0.393,4,-10.255,1,0.0367,0.752,0.0023,0.109,0.225,95.008,167523,4,770000
4HMUrFl8y6rQCzEbaGEkcj,Somebody Save Me,Eminem,75,0.577,0.657,0,-6.486,1,0.129,0.697,3.20E-06,0.116,0.437,180.727,230199,3,850000
4UzkT20tkeSqlKLinRQsA7,Break It Right Back,Megan Moroney,70,0.5,0.541,1,-3.868,0,0.0255,0.384,0,0.0651,0.41,80.483,214670,3,700000
5ncjUUHk43IjYXZCsQxcBw,This Town's Been Too Good To Us,Dylan Scott,72,0.696,0.555,11,-7.035,1,0.0353,0.0603,0,0.175,0.577,104.989,191627,4,680000
09keT5ocFhEd5W5HidiUNq,Chk Chk Boom,Stray Kids,82,0.925,0.74,2,-2.698,1,0.123,0.166,0,0.0521,0.844,101.994,148051,4,770000
2FRc9wqgIjg2E3bH13ww6U,Both Ways,Juice WRLD,73,0.726,0.396,5,-9.121,0,0.283,0.269,0,0.527,0.413,78.022,197428,4,710000
22DH8NChecsgPxDjA4pqer,Tough,Quavo,79,0.582,0.557,8,-7.981,0,0.101,0.452,1.87E-05,0.121,0.211,84.989,188867,4,720000
4zCxNDIIrdHLpSY9zYvabz,That’s So True,Gracie Abrams,56,0.553,0.814,1,-4.076,1,0.0369,0.201,0,0.152,0.391,108.555,166300,4,740000
29zJSZwF7hcfMitUjnjgvm,AGATS2 (Insecure) [with Nicki Minaj],Juice WRLD,0,0.635,0.732,8,-4.159,0,0.0425,0.243,0,0.153,0.506,143.033,199074,4,710000
0GyQFiYQ3tqwrUkAR8SdxY,AGATS2 (Insecure) [with Nicki Minaj],Juice WRLD,0,0.641,0.72,8,-4.195,0,0.0427,0.252,0,0.149,0.536,143.016,199074,4,720000
5NU6kBZORKaoqS09mOqgXs,23,Chayce Beckham,73,0.628,0.584,0,-7.361,0,0.0327,0.278,0,0.142,0.38,87.972,228145,4,760000
1ACA277B6f46DYCgZW8di3,if u think i'm pretty,Artemas,77,0.535,0.622,8,-5.771,1,0.0593,0.541,0.0209,0.402,0.457,143.533,128206,4,700000
07oO1U722crtVcavi6frX6,"Double Life - From ""Despicable Me 4""",Pharrell Williams,77,0.851,0.652,8,-4.333,1,0.0367,0.0317,0,0.0936,0.696,119.944,190782,4,810000
3neOwym9kfYsM1QWaR77C1,The Largest,BigXthaPlug,71,0.899,0.86,5,-2.699,0,0.244,0.0579,0,0.0854,0.789,130.995,132267,4,780000
7iQMm50NNwlUIRWhONZR2k,Wind Up Missin’ You,Tucker Wetmore,71,0.572,0.722,6,-5.818,1,0.0363,0.512,1.12E-06,0.124,0.636,171.857,166040,4,870000
0reBZSEtwbvqkXoWGtmV0k,Sale Para Ser Feliz,Ivan Cornejo,73,0.593,0.498,9,-9.042,0,0.0417,0.33,0,0.102,0.18,153.102,192499,3,780000
78DcrUOhBhVod09vFiXn7P,Relapse,Warren Zeiders,72,0.566,0.752,1,-4.102,1,0.0335,0.000212,0,0.0753,0.394,140.953,158634,4,700000
3GqB3q2lYK3qsvhghx92rS,Cavalier,Juice WRLD,72,0.578,0.662,11,-7.415,0,0.128,0.219,0.000965,0.146,0.532,127.048,152184,4,730000
7KLZOdEqC0A2U3UtMthTqK,Take Care,BigXthaPlug,70,0.77,0.656,2,-7.036,1,0.303,0.564,0,0.576,0.802,122.987,150000,4,720000
2btNsI4OvcVl7SAHQQDHFB,Mírame,Blessd,85,0.717,0.656,7,-4.449,1,0.0797,0.141,2.96E-05,0.0661,0.695,175.956,157453,4,750000
4lwfqyQXSDJ7kELpMErMih,Sorry Not Sorry,Lil Yachty,70,0.662,0.509,1,-9.159,1,0.322,0.247,0,0.266,0.549,157.94,136709,4,610000
0InIeZW4P6VO7dUGRM4AKH,Sienna,The Marías,71,0.685,0.468,7,-9.405,1,0.031,0.583,0.57,0.159,0.594,147.993,224840,4,820000
0W0iAC1VGlB82PI6elxFYf,Guilty as Sin?,Taylor Swift,77,0.626,0.428,2,-8.374,1,0.0261,0.607,0,0.0921,0.487,94.95,254366,3,790000
2sxpbOUUSzRrms8vSZwxvo,Dangerous,Jorge Rivera-Herrans,73,0.703,0.655,10,-5.74,0,0.21,0.712,0,0.119,0.382,159.998,204000,4,750000
5V6mK1pEu22104f22m8KkX,I Told You Things,Gracie Abrams,74,0.642,0.515,5,-7.497,1,0.0388,0.902,2.54E-06,0.104,0.429,117.944,221207,4,710000
5b5cPscqVEMChvDqscVw26,Training Season,Dua Lipa,79,0.812,0.587,5,-4.483,0,0.0477,0.0349,2.64E-06,0.123,0.664,123.041,209488,4,730000
0htNDNNRkFmQuESkq4eoqj,Wanna Be Loved,The Red Clay Strays,70,0.621,0.469,8,-6.015,1,0.0296,0.603,3.29E-05,0.128,0.363,73.16,217308,4,700000
1WhCAd5sv7rIO78kVgFxIt,Drink Don't Need No Mix (feat. BigXthaPlug),Shaboozey,71,0.885,0.63,9,-5.246,0,0.208,0.0772,0,0.113,0.697,128.091,133125,4,710000
799KrpEbhZp0MHeiA8YK9P,Guilty as Sin?,Taylor Swift,76,0.626,0.428,2,-8.374,1,0.0261,0.607,0,0.0921,0.487,94.95,254366,3,700000
5Bedn0svl0ZD7RGmJkmKKw,How Did It End?,Taylor Swift,75,0.492,0.379,0,-8.859,1,0.0257,0.785,0.00093,0.108,0.273,83.993,238707,3,830000
5ZUIPLoTLJZrPQh2kFZEUM,Addicted,Zerb,81,0.771,0.741,5,-7.132,0,0.0374,0.0245,0.000163,0.111,0.19,120.064,152250,4,830000
5Jh1i0no3vJ9u4deXkb4aV,so american,Olivia Rodrigo,76,0.435,0.947,8,-1.896,1,0.117,0.0337,0,0.691,0.503,93.278,169717,4,750000
5QjmUqgpPQgXgg4606DqZF,UWAIE,Kapo,87,0.705,0.783,9,-4.783,0,0.0403,0.138,0,0.0984,0.454,103.001,172427,4,720000
1CDQzbCz4KSQxHe7LMEgRM,Houdini,Eminem,78,0.936,0.878,9,-2.798,0,0.0723,0.0283,2.31E-06,0.0689,0.902,126.992,227032,4,690000
1kbEbBdEgQdQeLXCJh28pJ,Down Bad,Taylor Swift,74,0.541,0.366,11,-10.412,1,0.0748,0.56,1.00E-06,0.0946,0.168,159.707,261228,4,830000
33Nj9AdncSmHbCN3QeSZTL,Volver Al Futuro,Oscar Maydon,81,0.753,0.662,1,-6.702,1,0.0361,0.128,0,0.105,0.638,116.916,204103,3,740000
2fPvQfGQEZOKtJ9qXeL4x8,I Can Do It With a Broken Heart,Taylor Swift,75,0.701,0.751,0,-8.39,1,0.0502,0.123,0,0.15,0.22,129.994,218005,4,700000
1xtw1krCR6Dw2KwkXw5z63,The Smallest Man Who Ever Lived,Taylor Swift,75,0.426,0.41,10,-9.083,1,0.0581,0.52,0,0.338,0.263,142.377,245542,1,780000
2MjXWroB9wlTG2kqv3avfS,Get It Sexyy,Sexyy Red,71,0.811,0.64,5,-5.63,0,0.274,0.0957,0,0.127,0.527,145.031,148552,4,760000
7AysIqSEDiwP4CUsAXJwrk,PRIMO,Tito Double P,81,0.661,0.808,3,-6.28,0,0.0347,0.355,0,0.131,0.7,144.886,164991,3,760000
4v9alNvEjLjvqo4LNWwswl,weren't for the wind,Ella Langley,71,0.466,0.804,6,-4.638,0,0.0457,0.162,0,0.155,0.451,151.943,193667,4,710000
35I2E525yJpUQ5ZJgfxizT,Harpy Hare,Yaelokre,76,0.645,0.533,2,-11.65,1,0.0351,0.644,7.08E-06,0.2,0.349,130.02,180923,4,740000
6pf7fmrtYcA4WpqTksuh68,SKI,Future,71,0.816,0.561,11,-7.566,1,0.293,0.0801,2.74E-06,0.231,0.111,135.028,147593,3,700000
4pygz13A6EcLL6ti7kqGaf,Super Tuna,Jin,83,0.641,0.964,8,-4.041,0,0.149,0.0063,0,0.0447,0.601,165.005,114693,4,790000
6KOnLTb1xLfKDAjMC43I76,Giza,Natanael Cano,82,0.698,0.891,5,-5.003,0,0.0341,0.0942,0,0.133,0.696,124.054,177581,3,730000
4MSj19TwYBLgDFj3ddEeco,Black Friday (pretty like the sun),Lost Frequencies,83,0.853,0.618,6,-10.833,1,0.0923,0.633,0.89,0.0972,0.32,126.031,145599,4,790000
6a9Z1jUms915w4O7N1PxjY,Santa,Rvssian,83,0.725,0.709,3,-5.017,0,0.129,0.321,0.000189,0.114,0.648,99.993,193039,4,810000
5NAOhPAZ57eFAXr3qatS6i,Breathe,Yeat,73,0.76,0.546,11,-13.092,1,0.0616,0.0284,0.924,0.103,0.113,118.051,170847,4,810000
5o0osRx8kYJTOqlOSggr9Z,Carry You Home,Alex Warren,78,0.525,0.66,10,-7.094,1,0.111,0.468,3.30E-06,0.128,0.458,123.787,166881,4,740000
3gVYa5bvsuvBegKEIEY8Mk,That's Who I Praise,Brandon Lake,71,0.652,0.655,3,-6.469,1,0.0324,0.00162,2.72E-06,0.211,0.405,111.97,228286,4,730000
42wdz3j7gstgUuhoFLCXqd,PELIGROSA,FloyyMenor,83,0.763,0.519,6,-7.426,0,0.0636,0.22,6.42E-06,0.0816,0.804,100.025,134930,4,710000
2PyJAiQjp1OPkow2FJZKHR,you look like you love me (feat. Riley Green),Ella Langley,72,0.663,0.675,11,-5.851,1,0.0321,0.353,0,0.21,0.455,128.942,224280,4,700000
3dzRwqd1L3HqxmViUJt20A,Sweet Dreams,Koe Wetzel,69,0.71,0.57,2,-4.99,0,0.0295,0.251,0.000306,0.117,0.486,75.036,173269,4,710000
5oOZGQnZZToIHI55lw2E97,JOYRIDE,Kesha,74,0.789,0.899,10,-4.652,0,0.0523,0.0179,0.000139,0.114,0.509,115.955,150000,4,690000
0oF9jpn0n8afMpbHKgRd6J,I Ain't Worried,OneRepublic,78,0.713,0.792,0,-5.957,1,0.0467,0.103,0.00052,0.0698,0.81,139.976,148486,4,750000
1d966178PJg6b4kcXqoYF3,The Thin Grey Line,$uicideboy$,71,0.761,0.806,1,-4.926,1,0.174,0.0232,1.66E-05,0.277,0.381,142.908,105724,4,830000
55dLT3WApUJBEWxSJSivyt,"I Love You, I'm Sorry - Live From Vevo",Gracie Abrams,74,0.447,0.458,10,-9.129,1,0.0311,0.65,2.68E-05,0.0949,0.211,116.855,204165,4,570000
3TPKsQTu9jZyzQJiax5rLA,Aquamarine,Addison Rae,76,0.568,0.827,7,-8.266,0,0.0326,0.0765,0.0243,0.096,0.685,112.035,162815,4,760000
2DXK0YNGSqnaIEX5iaSIoK,RELOJ,Peso Pluma,74,0.553,0.48,3,-9.886,0,0.0498,0.597,0.00586,0.0943,0.456,173.009,232205,3,760000
1Ftb0PK0Qqwax3gofiMd2X,I CAN’T LET GO,Lil Tecca,73,0.649,0.761,8,-4.204,1,0.152,0.00694,0,0.207,0.313,147.216,150204,4,730000
34cLr4m5Sxe84XE5oBfO2Q,Out of Oklahoma (From Twisters: The Album),Lainey Wilson,70,0.621,0.468,9,-8.781,1,0.0327,0.451,0.000388,0.105,0.475,141.998,208267,4,710000
5wttBUDyaHAR5q9fYnN3YF,prove it,21 Savage,73,0.565,0.743,6,-5.425,0,0.172,0.377,0,0.23,0.266,133.924,207586,4,750000
1jIirpaACmgb4nTYfywys4,BELANOVA,Peso Pluma,79,0.726,0.808,1,-5.845,1,0.064,0.556,5.40E-06,0.208,0.814,129.84,164822,3,700000
3Y1EvIgEVw51XtgNEgpz5c,Von dutch,Charli xcx,75,0.706,0.698,10,-5.679,1,0.0537,0.00298,0.00375,0.116,0.648,130.013,164284,4,710000
48vIfHaK7by6x0T6ucpODL,Make You Mine,Madison Beer,78,0.533,0.642,6,-6.315,0,0.0403,0.221,0.00697,0.238,0.488,123.128,221709,4,730000
0F60WLPs6Oz2slHomvLt9U,We Good,Lil Uzi Vert,71,0.587,0.8,11,-3.194,1,0.243,0.0461,0,0.344,0.823,144.332,125000,4,830000
6vvPecFTmWxDfEJ6cYT1wa,Rockstar,LISA,83,0.668,0.628,8,-4.692,1,0.046,0.129,0,0.0293,0.568,140.053,138213,4,800000
2M8IvrzqvNMAJsAx7UYwXK,Bass Boat,Zach Bryan,71,0.527,0.192,0,-14.979,1,0.147,0.777,0.00157,0.102,0.18,81.73,216728,4,690000
62E2nR0od0M5HYxuYLaDz7,The Black Dog,Taylor Swift,74,0.527,0.27,0,-10.855,1,0.038,0.707,0,0.102,0.23,154.042,238857,4,720000
5B5eTk7DF8KVp1zpQoY1XY,The Reason,Hoobastank,79,0.474,0.671,4,-4.649,1,0.0289,0.0129,0,0.159,0.0682,82.94,232800,4,840000
5In8B6Om5OKrhwBMB4tXSi,Fuel,Eminem,76,0.885,0.662,1,-5.139,1,0.142,0.121,0,0.109,0.117,137.981,213646,4,730000
36t6frENUtCYKuZus6aYDO,Who’s Afraid of Little Old Me?,Taylor Swift,74,0.606,0.338,0,-10.555,1,0.048,0.315,0,0.106,0.238,119.88,334085,4,690000
62oLxos6R04SVYL1lXidvu,2 Slippery (feat. BossMan Dlow),Luh Tyler,69,0.608,0.4,1,-9.519,1,0.32,0.029,0.000327,0.119,0.089,106.682,159228,5,710000
1JF8LkQWZ8grXb2emqrNKn,Brokey,Latto,70,0.776,0.525,1,-6.723,1,0.137,0.0366,0,0.108,0.467,75.013,217613,4,740000
4qTGOuXmoR7fk7dApMlQjG,Get in the Water,Jorge Rivera-Herrans,72,0.227,0.572,2,-7.003,0,0.0805,0.493,0,0.12,0.234,185.199,220737,3,710000
0D89q3d3eclowHBcDQZ4qn,Packing It Up,Gracie Abrams,73,0.662,0.441,2,-7.207,1,0.0475,0.77,0,0.277,0.666,115.777,164109,4,790000
3h76tbaYIamSeJL81X7ZwI,Cry,Benson Boone,75,0.711,0.48,10,-5.251,1,0.0365,0.104,1.55E-05,0.0894,0.352,107.948,186360,4,780000
1qJGJR5DXftoDjeNjNvIDy,Last Lap,Rod Wave,69,0.738,0.404,6,-10.507,0,0.114,0.324,0,0.269,0.43,90.002,248320,4,720000
7x5CvENf43u875TNrtqT1h,One Take Freestyle,1900Rugrat,70,0.508,0.724,10,-6.409,0,0.311,0.232,1.02E-06,0.271,0.405,159.895,179907,4,740000
0HGItm7Ox9AnHZbx26nkE4,HEAT STICK,Shoreline Mafia,70,0.942,0.461,11,-8.233,0,0.302,0.0726,9.54E-06,0.111,0.281,105.025,137143,4,760000
5crxqqibcvoOQQgg4HjAFQ,Guy For That (Feat. Luke Combs),Post Malone,72,0.608,0.914,8,-4.116,1,0.0721,0.00545,0,0.137,0.511,120.01,164011,4,740000
26TX1oZbaDeKxfTYDclSAo,2AM,BigXthaPlug,69,0.884,0.681,8,-5.839,1,0.149,0.0439,0,0.277,0.324,114.991,184294,4,720000
2dKkVF2m160z0RNDN2dddc,NISSAN ALTIMA,Doechii,71,0.974,0.711,11,-5.206,0,0.194,0.0988,3.92E-05,0.0888,0.328,117.038,126832,4,760000
6O3WfmAQIgnLBGVzZJVS40,Talk My Shit,BossMan Dlow,69,0.614,0.463,1,-7.052,1,0.189,0.00923,0,0.263,0.252,112.789,104471,5,740000
2gmd7lY3QSzLh0xIY4cRvi,SE ME OLVIDA,Maisak,84,0.786,0.707,7,-4.386,0,0.0635,0.0399,0,0.121,0.691,82.045,225373,4,720000
2oVVaVY0LkzwAYYcyzon6Z,Heart Of A Woman,Summer Walker,73,0.716,0.43,9,-8.28,0,0.112,0.482,0,0.146,0.472,129.93,171000,4,820000
60fniRXixufxR4HCYjOyp6,Vuelve,Ivan Cornejo,73,0.462,0.358,5,-9.085,1,0.0388,0.617,0,0.106,0.247,84.501,162249,3,740000
6zhZeNc8MC9QyFyN2ZgBuz,Six Hundred Strike,Jorge Rivera-Herrans,72,0.365,0.861,8,-4.998,1,0.206,0.135,0,0.425,0.135,79.175,211765,4,690000
587pEvJ7iJhNtcCf5YKEgE,Tal Vez Fui Yo,El Padrinito Toys,80,0.583,0.774,5,-5.326,1,0.0337,0.195,0,0.258,0.685,119.795,150365,3,690000
3znIACSXPLn3HFCf7moZ28,It's Going Down Now,高橋あず美,76,0.483,0.952,1,-5.747,0,0.0531,0.00151,0.000265,0.291,0.798,83.977,186093,4,790000
3awweDjWIuXNMogMClJnvE,Sexy to Someone,Clairo,72,0.716,0.545,0,-6.949,0,0.0329,0.352,0.00369,0.101,0.826,98.23,207796,4,720000
2d8UxVNhJinc8uat9PoM9y,Who’s Afraid of Little Old Me?,Taylor Swift,74,0.606,0.338,0,-10.555,1,0.048,0.315,0,0.106,0.238,119.88,334085,4,830000
6dODwocEuGzHAavXqTbwHv,Fortnight (feat. Post Malone),Taylor Swift,74,0.504,0.386,11,-10.976,1,0.0308,0.502,1.53E-05,0.0961,0.281,192.004,228965,4,690000
2DbDefRFJ5YOfXCKOeCJJh,Igloo,KISS OF LIFE,79,0.916,0.609,11,-4.457,0,0.217,0.168,0,0.0906,0.873,139.912,131787,4,720000
0zNMdrDEs5N0JPQ7RYQZln,QUEMA,Ryan Castro,78,0.819,0.861,0,-3.322,1,0.0491,0.0286,0.000836,0.0676,0.905,97.014,150928,4,710000
6HuHyXviAdpmnQu73JHfBz,Ghost Town,Benson Boone,76,0.391,0.335,0,-10.064,1,0.0763,0.389,0,0.102,0.116,174.185,193733,3,700000
63pLfjK6FvcYJYMGwtHjd6,SORRY 4 THAT MUCH,Feid,82,0.819,0.675,7,-4.281,1,0.0727,0.0318,0,0.289,0.602,92.99,207747,4,770000
11nmHJICkQ9emiYJJINygH,New To Country,Bailey Zimmerman,70,0.575,0.931,8,-4.995,0,0.0356,0.198,1.72E-05,0.39,0.924,146.029,177123,4,710000
3Fra5SMXXDTSRXVoDf8Xwd,GIRLS,The Kid LAROI,73,0.731,0.734,7,-3.145,0,0.0515,0.0382,1.67E-06,0.353,0.797,101.008,152980,4,730000
32ioWMgkyA6mFcXJMggBoz,GEEK TIMË,Yeat,72,0.638,0.752,1,-6.227,0,0.0385,0.0066,0.734,0.17,0.242,158.042,170188,4,740000
2JapCT0xikq6Fy1PQiJz1C,The Viper,BabyChiefDoit,68,0.652,0.831,10,-5.972,0,0.264,0.0111,0,0.269,0.648,139.905,150997,4,380000
39glDGcpBhLVMSsQhvtqHR,I Only Smoke When I Drink,nimino,79,0.88,0.729,11,-6.378,0,0.176,0.334,0.0113,0.185,0.246,127.028,198425,4,740000
7IBqHkoP94VrgYKVns4eNz,FUNK DO BOUNCE (Slowed),Ariis,83,0.818,0.92,6,2.194,0,0.0716,0.111,0.00122,0.0879,0.793,110.449,107539,4,700000
4YLizxRQsTqqnvzzYq2VaE,Mr Chow,Lil Uzi Vert,70,0.736,0.683,1,-5.5,1,0.152,0.0082,0,0.161,0.233,129.893,177273,4,690000
2z865bsdfckaBVck8MSAm8,4×4×U,Lainey Wilson,69,0.579,0.727,7,-5.676,1,0.0281,0.0989,1.74E-06,0.18,0.465,142.129,239453,4,770000
1mHD6G4fg3Xv5GHPbp1YPx,Not Sorry for Loving You,Jorge Rivera-Herrans,72,0.562,0.503,8,-7.197,1,0.0363,0.867,0,0.0729,0.495,87.107,184828,4,690000
7sTyAjxDXq9afwfSQy6D0s,BANDIT,Don Toliver,72,0.686,0.733,2,-5.268,1,0.0576,0.00567,0,0.246,0.141,130.095,147747,4,740000
3IQU5PZDEIKayRyB0txMdC,El Plumas,Neton Vega,77,0.74,0.798,4,-5.286,0,0.0428,0.255,0.000112,0.2,0.633,107.569,150528,4,700000
5jFA0f4ZDGLbQP4nxzL8D4,HAY LUPITA,Lomiiel,79,0.845,0.583,0,-3.455,1,0.287,0.00204,0.000459,0.11,0.903,145.078,105836,4,720000
1TgStpMGTflN84asKJ8VU3,U My Everything (feat. Drake),Sexyy Red,70,0.624,0.796,6,-5.413,0,0.169,0.0541,0,0.258,0.704,145.212,225133,4,690000
3JzVK0f8gqAAjyEDyXAys4,Sandpaper (feat. Bruce Springsteen),Zach Bryan,70,0.518,0.526,4,-8.467,1,0.0407,0.213,0.000168,0.0853,0.195,86.845,216253,4,710000
7uGYWMwRy24dm7RUDDhUlD,My Boy Only Breaks His Favorite Toys,Taylor Swift,74,0.596,0.563,0,-7.362,1,0.0269,0.137,0,0.302,0.481,97.073,203801,4,380000
1fTjqf10accJCDYstPwwZ6,Ohnana,Kapo,84,0.775,0.581,1,-3.621,0,0.108,0.617,8.33E-06,0.0957,0.658,104.977,156577,4,600000
7Mg5CBO37Rifk2RyDJ8fzd,Boogieman,EBK Jaaybo,69,0.759,0.546,5,-8.159,0,0.484,0.675,0,0.591,0.651,90.059,131292,3,690000
5xMjhZKSo8yh5r9b5vrYRr,Tailor Swif,A$AP Rocky,74,0.824,0.527,8,-5.506,1,0.118,0.149,0,0.368,0.212,77.499,155391,4,730000
2CIXO1jQbrV1hlfI7FUKld,Wrong Ones (Feat. Tim McGraw),Post Malone,71,0.476,0.797,0,-3.867,1,0.0332,0.00552,0,0.142,0.601,80.946,195823,4,690000
6b6qi0ObycTK8hdrkgU21Y,CHINO,Tito Double P,77,0.742,0.562,5,-11.872,0,0.0806,0.104,9.70E-05,0.0768,0.545,139.985,177034,3,700000
3YkNIrAvbKNrrwwEd7NVLl,loml,Taylor Swift,74,0.423,0.272,0,-12.56,1,0.0489,0.858,0,0.108,0.195,78.539,277157,3,800000
7wAkQFShJ27V8362MqevQr,"So Long, London",Taylor Swift,74,0.423,0.533,9,-11.388,1,0.322,0.73,0.00264,0.0816,0.248,160.218,262975,4,750000
4POLSyF3Vr8ZP14AKyCAXf,Boogieman,EBK Jaaybo,68,0.723,0.544,5,-8.164,0,0.485,0.664,0,0.573,0.67,90.19,131292,3,720000
6x59lSlNU7TvsJZy7134uC,ROSONES,Fuerza Regida,0,0.752,0.871,6,-4.387,1,0.029,0.164,0,0.296,0.827,119.997,178080,3,690000
2n77I4OjzHdgL3La34c3PJ,Pura Adrenalina,LOS DOS DE TAMAULIPAS,72,0.671,0.793,9,-3.245,0,0.0634,0.0607,1.79E-06,0.138,0.723,103.631,157570,4,690000
4iHYQwgtrY26p2uQG8Nstr,Blink Gone (VIVINOS - ALNST Original Soundtrack Part.8),BL8M,75,0.652,0.746,8,-3.085,1,0.179,0.0217,0,0.0907,0.693,124.948,188992,4,700000
1zUqoSVqUE2O5x3MJ0mHz9,Thorns,$uicideboy$,70,0.83,0.695,11,-4.483,0,0.277,0.192,6.22E-05,0.103,0.37,159.946,130500,4,790000
4QMgEffJQuKtjCNvqfRZ0m,But Daddy I Love Him,Taylor Swift,73,0.521,0.72,4,-7.684,1,0.104,0.384,0,0.135,0.438,79.943,340428,4,730000
3hlGuz3loYoLfI3bpwieWq,I Hate It Here,Taylor Swift,72,0.485,0.562,2,-7.197,1,0.0346,0.717,0,0.357,0.297,105.953,243876,4,680000
6YVajR33kCWLhWpMVD8AGD,Calling After Me,Wallows,71,0.636,0.797,8,-4.644,1,0.0296,0.00598,4.26E-06,0.114,0.965,139.963,187693,4,690000
4IxLiee2AV2V84fvVnHdUn,5AM,Lil Baby,29,0.593,0.466,11,-8.471,0,0.272,0.0253,0,0.219,0.483,169.925,102038,4,680000
6855tCz8JbJ5pLkA88UMXK,Insecurities,Lil Baby,0,0.652,0.652,2,-5.394,1,0.0372,0.00381,0,0.0928,0.197,111.945,127154,4,690000
72pjcmoE6vBby9gb1ZPvdF,5AM,Lil Baby,57,0.665,0.498,11,-8.331,0,0.21,0.0311,0,0.225,0.555,84.952,102038,4,700000
6afQ4fJDJ9QqU5BKIH99Ej,Insecurities,Lil Baby,0,0.65,0.642,2,-5.332,1,0.04,0.00502,0,0.0855,0.186,111.907,127154,4,690000
1aHy1ipWQRNauI0ee9uYfi,Fall Back,Lithe,79,0.871,0.158,3,-10.889,0,0.102,0.648,0.0363,0.113,0.46,126.078,129524,4,730000
3AoEQRuFf8zVXWqSLo2UOi,CRAZY,LE SSERAFIM,78,0.802,0.899,11,-2.223,0,0.126,0.00953,0.000291,0.101,0.531,130.047,164554,4,710000
3eh51r6rFWAlGQRlHx9QnQ,Push Ups,Drake,73,0.598,0.696,2,-4.789,1,0.112,0.0153,0,0.219,0.209,91.057,232774,4,700000
60lAoxcyDvRbcNY82VEoEA,Beckham,Dee Billz,72,0.721,0.84,1,-4.994,0,0.324,0.0904,0,0.173,0.427,146.223,124931,4,790000
0Xw2qqQDAm2uDJZI02UDix,Thoughts of You,Ole 60,67,0.547,0.294,9,-8.501,1,0.0281,0.613,2.47E-06,0.108,0.167,122.982,172125,4,700000
5Hh2VJj7bOWGsN0Jw6smwt,Two Faced,Linkin Park,69,0.51,0.945,1,-5.405,1,0.0807,0.000658,4.80E-06,0.0413,0.323,91.906,183584,4,720000
4gxEY3Mh5FZZDAJAKPNrCS,CRAZY,LE SSERAFIM,80,0.802,0.899,11,-2.223,0,0.126,0.00953,0.000291,0.101,0.531,130.047,164554,4,830000
1R4g4jxHARgfesI2g9H59g,Arriadin por Tu - Ao Vivo,Zé Vaqueiro,73,0.596,0.954,2,-0.494,0,0.0583,0.684,2.21E-06,0.455,0.675,139.891,161798,4,680000
5ocSQW5sIUIOFojwXEz9Ki,Supernatural,NewJeans,78,0.699,0.708,10,-4.182,0,0.0496,0.185,8.43E-06,0.0921,0.863,108.887,191000,4,780000
1s0B0dkZHfynScpLO0UzJX,I'm Still Fine,The Red Clay Strays,68,0.555,0.399,4,-7.838,1,0.0298,0.66,0,0.0853,0.296,140.738,232553,4,800000
7hr0WyhqQxrK3SQ9ZQxjTu,Awaken,Breaking Benjamin,71,0.425,0.961,5,-2.85,1,0.0717,0.000207,0,0.329,0.348,96.971,218003,4,680000
492ceDtqmafb6QD1Xfhpmo,Like a Prayer - Choir Version From “Deadpool & Wolverine”,I'll Take You There Choir,77,0.244,0.273,2,-13.875,0,0.0351,0.848,0.499,0.124,0.104,116.076,152893,4,770000
6WEXy56jM0Nl3bZHY9l7aH,Tough Love,Gracie Abrams,72,0.554,0.716,0,-4.334,1,0.0717,0.37,0,0.0919,0.664,89.873,169147,4,770000
4JtKlgBLKHtRTqixKHrrw8,ÁNGEL,Grupo Frontera,77,0.826,0.596,11,-5.262,1,0.0357,0.292,0,0.166,0.869,127.922,184096,4,760000
2j8pCpVtMjKchtmuu64BnY,Holding On,Bailey Zimmerman,69,0.455,0.722,0,-5.962,1,0.0287,0.119,0,0.111,0.235,161.81,230913,4,680000
4xv5AneqR0bTokomIPfGyT,MAMI,Peso Pluma,76,0.801,0.748,6,-5.798,0,0.0445,0.579,0,0.0774,0.837,116.964,189252,3,740000
39uJGraTSq4lC6UGfCLGm2,Voy Enfierrado,Clave Especial,71,0.853,0.728,6,-5.133,0,0.0444,0.239,6.54E-06,0.0627,0.957,146.952,147501,3,670000
5ZxajZr7QfIl60L8BOGvu5,Bigger In Texas,Megan Thee Stallion,70,0.818,0.589,1,-5.101,1,0.067,0.0201,0,0.312,0.492,140.11,152571,4,710000
7gxQXemQ5MBeK9PUrKRtfV,Burning Down,Alex Warren,74,0.499,0.674,10,-3.866,0,0.0389,0.0745,0,0.0645,0.442,171.892,179437,4,840000
6YvCWIlMBJgQEm6i0POVbZ,3.5,ian,70,0.402,0.868,2,-4.071,1,0.162,0.0356,0,0.605,0.34,90.068,156444,5,790000
1Tt4m8l00BI85uOr5EqXUh,HOLLON,GloRilla,68,0.784,0.755,8,-3.352,1,0.0583,0.0869,1.25E-06,0.312,0.452,148.91,128859,4,830000
7vtdJnOxzDbRPtzge0KNqY,Cozy,Braxton Keith,67,0.686,0.72,5,-6.136,1,0.0352,0.602,1.13E-05,0.103,0.713,111.99,217124,4,710000
7aGK202gwOfeCJee5qYCGy,5 to 9,Hudson Westbrook,67,0.406,0.611,8,-6.568,1,0.0288,0.198,0,0.291,0.61,178.019,203829,4,690000
0rPossxqbJSclBUFxvznoZ,Charybdis,Jorge Rivera-Herrans,71,0.366,0.854,1,-5.798,1,0.395,0.154,0,0.958,0.165,87.632,133823,5,750000
7qXptgpZGo8AFPhJCBVLFE,LINDA,Tito Double P,79,0.911,0.761,6,-6.712,0,0.0507,0.135,3.48E-05,0.163,0.948,124.983,224210,4,750000
10QxsSJlNl8jrylYL5XGJO,You For A Reason,Warren Zeiders,69,0.496,0.445,0,-6.455,1,0.03,0.168,4.80E-06,0.0636,0.343,120.074,183133,3,670000
5G345YEhvleYxQLfYUlEFv,Moonlit Floor (Kiss Me),LISA,83,0.734,0.787,5,-3.951,0,0.116,0.126,0,0.312,0.672,109.939,155757,4,700000
2BMlaVJaHDGd3ODSyrB2VK,Brillarosa,Fuerza Regida,75,0.771,0.782,1,-5.841,1,0.0341,0.305,1.25E-06,0.114,0.839,125.027,169588,3,730000
6XaJfhwof7qIgbbXO5tIQI,Igual Que Un Ángel (with Peso Pluma),Kali Uchis,75,0.695,0.592,5,-5.34,0,0.032,0.00449,0.000663,0.185,0.482,108.001,260371,4,750000
1t2MQpMDtJT5VL2tAPHrGN,Cowboys Cry Too (with Noah Kahan),Kelsea Ballerini,69,0.442,0.603,11,-5.719,1,0.0304,0.602,0,0.161,0.456,86.494,230600,4,720000
5JXhKG0ftxR1RxRwJOw1EF,Con Toda La Fe,LOS DOS DE TAMAULIPAS,72,0.608,0.875,9,-3.512,0,0.183,0.0788,0,0.0862,0.476,102.208,148950,3,690000
4U20gQcVcjzY12xhLsXwXy,GTA,Luis R Conriquez,76,0.723,0.755,9,-6.41,0,0.0461,0.199,0,0.466,0.804,137.926,153270,3,570000
6ye2zG3DhdwDf6VRVyj4jx,Hard Fought Hallelujah,Brandon Lake,67,0.505,0.509,9,-6.634,0,0.0331,0.225,1.44E-06,0.0998,0.303,143.694,316000,3,760000
38tXZcL1gZRfbqfOG0VMTH,How Sweet,NewJeans,78,0.803,0.895,1,-2.888,1,0.0623,0.0816,5.67E-06,0.154,0.757,124.994,219027,4,680000
3qeFjtPJ1lIRKDTB5DZWpt,did i tell u that i miss u,adore,75,0.575,0.748,9,-8.729,1,0.0357,0.165,0.79,0.343,0.236,111.776,115921,4,780000
4rJHH484bHZDts51o5i2CB,I'd Rather Pretend,Bryant Barnes,75,0.56,0.346,8,-9.798,1,0.0293,0.926,0.0256,0.116,0.271,129.901,184560,4,560000
59ixjAY05WENR6TitS0EKh,Twisting Fingers (with Moneybagg Yo),That Mexican OT,68,0.893,0.511,7,-7.026,1,0.322,0.124,0,0.109,0.936,152.091,126466,4,730000
3xVQWlZlCbqSRmr9Je2eGt,Space High,Lil Uzi Vert,69,0.803,0.623,1,-5.303,0,0.292,0.173,0,0.0717,0.333,131.056,131608,4,690000
6uSKzkdfwFEThnMrZbvoay,Lost The Love,BigXthaPlug,69,0.92,0.661,1,-6.003,1,0.17,0.0566,0,0.0946,0.57,117.984,135915,4,770000
3blAqiAP9f44Kt3R7pQabP,For Me,Loe Shimmy,69,0.728,0.401,1,-8.282,1,0.487,0.771,3.30E-06,0.0928,0.41,82.403,104886,4,690000
5Pvpk8WHAvmmxMr7SkcZsN,120,Lil Tecca,70,0.718,0.737,11,-5.988,0,0.111,0.00724,0,0.276,0.148,132.02,130979,4,750000
09vTIvb4qpqECgewqXPVSq,Donde Estás,Ivan Cornejo,71,0.471,0.235,8,-10.971,1,0.0372,0.755,0,0.102,0.0862,165.829,249040,3,690000
76Ku9OBFK1NjMylR8r4WLK,Gang Baby,NLE Choppa,69,0.92,0.699,11,-6.635,1,0.358,0.00768,0,0.0745,0.484,129.054,138180,4,560000
7K43BENx9D8k0RznDLBTie,Federal Nightmares,Rod Wave,67,0.588,0.762,3,-6.227,0,0.0366,0.0222,0,0.0797,0.737,82.525,188590,4,720000
22YmmVRHfFX49G6HY5NV3T,Burgundy,$uicideboy$,69,0.798,0.566,8,-7.102,1,0.0835,0.116,0.137,0.13,0.0561,117.978,268475,4,720000
2oh3rdSZ0fqQvqzid13VXr,DIOS POR DELANTE,Hermanos Espinoza,72,0.652,0.816,5,-7.157,0,0.0755,0.258,0.00125,0.0816,0.874,104.563,214473,4,800000
6PmqCt2fO80OojY5eGS2X3,Mr Pot Scraper,BossMan Dlow,68,0.782,0.491,1,-7.179,1,0.274,0.193,0,0.0805,0.304,159.945,145028,4,720000
0kdqcbwei4MDWFEX5f33yG,Bling-Bang-Bang-Born,Creepy Nuts,80,0.853,0.822,6,-6.836,0,0.246,0.0841,0.00985,0.166,0.746,157.013,168136,4,550000
2uvE4L5ZsYKpv8hbK4TIOt,MUTT,Leon Thomas,70,0.572,0.455,1,-8.078,1,0.134,0.216,3.88E-06,0.072,0.597,179.787,192934,4,690000
19fKJrO9XdOf6Xla2QHecO,Run Your Mouth,The Marías,71,0.781,0.649,7,-6.866,1,0.0363,0.249,0.0349,0.229,0.916,111.005,160000,4,830000
2cH8wHImerFokgmhjyhCTU,Huntin’ Wabbitz,J. Cole,70,0.807,0.49,1,-8.451,0,0.353,0.177,0,0.0937,0.431,113.982,162027,4,680000
3lCb7ZYE3Fvie4JOPqpXfY,FIELD TRIP,¥$,72,0.731,0.685,11,-4.707,0,0.12,0.054,0,0.0865,0.458,121.991,167229,4,700000
3rYBkxD37XFa1c9x8KIBks,Versace Shades,YoungBoy Never Broke Again,56,0.731,0.728,4,-6.522,0,0.132,0.00914,0,0.117,0.604,158.991,169114,4,550000
5PCGEfALcpGtURIuTqvX0R,PELIGROSA,FloyyMenor,81,0.776,0.442,6,-8.99,0,0.0575,0.319,1.31E-05,0.0723,0.838,100.021,136944,4,550000
0scd3nh27AYTNXo0KHRmsG,Move (feat. Camila Cabello & Malachiii),Adam Port,79,0.74,0.775,8,-7.626,0,0.0369,0.277,0.0073,0.0904,0.824,120.04,180237,4,710000
5Nt2FMqnKI2mlp7lztURNo,KEHLANI (REMIX) [feat. Kehlani],Jordan Adetunji,74,0.408,0.699,6,-3.607,1,0.0559,0.0759,0,0.298,0.219,159.687,179975,4,720000
068AyhyvE67qMRsMXLqAnd,Lady Killers II,G-Eazy,77,0.673,0.567,7,-10.334,0,0.0322,0.0344,0.00506,0.151,0.497,136.005,297794,4,770000
5sjnkOfTLCLNfkkchI2re2,UP - KARINA Solo,aespa,82,0.777,0.781,6,-4.479,0,0.043,0.0137,2.77E-06,0.0466,0.382,98.97,166640,4,710000
6ZrPndcXyJvwld48TEAVrh,Sneaking,YoungBoy Never Broke Again,55,0.71,0.639,10,-5.18,0,0.377,0.0215,0,0.205,0.321,160.054,156000,4,790000
51fL4ksSPPx2Yac945HluQ,Arriba la Compañía,LOS DOS DE TAMAULIPAS,70,0.558,0.769,9,-3.187,0,0.187,0.037,0,0.141,0.668,102.594,174935,3,790000
6BqobW3pEDxEvgznbam8kv,The Prodigal,Josiah Queen,69,0.654,0.639,11,-5.659,1,0.0489,0.218,8.96E-06,0.197,0.25,132.109,193049,4,670000
4boa7Bv0VijpxoP1SHjjUb,Wanna Be Loved,The Red Clay Strays,68,0.621,0.469,8,-6.015,1,0.0296,0.603,3.29E-05,0.128,0.363,73.16,217308,4,740000
4rKwvkw0x1K3I9dr5lwRhg,Four Leaf Clover,Gavin Adcock,67,0.506,0.366,5,-6.614,0,0.0286,0.553,0,0.367,0.379,181.726,191667,3,690000
0qeIFEGRQqHoaJtLCl0U73,DEGENERE 👑 (feat. benny blanco),Myke Towers,83,0.744,0.709,6,-5.778,0,0.284,0.0501,0,0.0847,0.712,194.055,130880,4,690000
0MpQPb1hrwk4dPiyWEGmer,She Calls Me Back (with Kacey Musgraves),Noah Kahan,69,0.75,0.677,11,-6.376,1,0.0386,0.0633,0,0.297,0.626,127.933,243962,4,670000
0gZGUAO42F1HmzZWHNPGAu,Risk,Gracie Abrams,72,0.716,0.496,3,-5.989,0,0.0588,0.514,0,0.109,0.559,113.015,191587,4,700000
3dEPpPJ5Foe1g50GSKb84f,Killa Season,YoungBoy Never Broke Again,55,0.767,0.804,1,-5.295,1,0.356,0.0442,0,0.11,0.965,147.956,183605,4,820000
2gUEB9jSU0HZhLJIYffeQn,Angel With An Attitude,Rod Wave,68,0.604,0.573,11,-7.213,1,0.0567,0.238,1.52E-05,0.0947,0.323,156.983,195669,3,520000
71jWljGDgSEpsa1LA5LHSg,Baby Please,Ivan Cornejo,70,0.438,0.385,2,-9.505,1,0.0516,0.623,0,0.115,0.232,171.531,178320,4,540000
3dTcqX8YTH1Hpk2pGHbBbq,APEROL SPRITZ,The Kid LAROI,73,0.738,0.706,9,-4.965,0,0.131,0.573,0.00052,0.387,0.695,100.028,130266,4,680000
3BQeCOUf7M9B7NEpx9r4qj,Over The Moon,TOMORROW X TOGETHER,79,0.682,0.873,5,-3.672,0,0.123,0.0919,0,0.106,0.531,115.993,157149,4,700000
6fEGEvOAyszsJjQeLjK6PW,Tu Coquette,Clave Especial,72,0.783,0.716,1,-4.484,1,0.0397,0.121,1.26E-06,0.129,0.655,143.131,142469,3,710000
5KXhAlS0QrPSi3HENVbDcq,Never Stopping,YoungBoy Never Broke Again,54,0.596,0.865,10,-2.879,0,0.133,0.188,0,0.204,0.637,147.042,162482,4,700000
6jiSIF5SOpztZFYGeJvwZv,Therapy Session,BigXthaPlug,68,0.912,0.82,11,-4.954,1,0.278,0.199,0,0.0943,0.478,136.026,108734,5,720000
720XllkKq9Pmjk1KOS7Z0F,Missing Everything,YoungBoy Never Broke Again,54,0.744,0.551,0,-7.049,1,0.0737,0.0986,0,0.107,0.177,150.024,224000,4,730000
2yUzr8Sr6ldG8vmHhZwTnz,née-nah,21 Savage,73,0.681,0.758,1,-6.524,1,0.188,0.00465,0,0.555,0.331,165.409,220584,4,530000
4PdLaGZubp4lghChqp8erB,The Tortured Poets Department,Taylor Swift,72,0.604,0.428,0,-8.441,1,0.0255,0.0483,0,0.126,0.292,110.259,293048,4,690000
0RRq8jlIEWBByUbFSc61bN,Disease,Lady Gaga,51,0.554,0.932,11,-2.826,0,0.152,0.0467,0,0.492,0.423,101.028,229997,4,680000
0lJNSfWnwJMIh94Dv9jQUt,What Don't Belong To Me,Post Malone,71,0.478,0.906,10,-5.278,1,0.0819,0.0908,0,0.145,0.552,169.986,207176,4,530000
4eGwcJ946Oj7scyzdlaFCD,Use Me,Zach Top,67,0.418,0.368,7,-6.684,1,0.0293,0.56,3.15E-05,0.0915,0.14,87.026,236745,3,680000
1197AvSs0lMg5kNIGaeENm,Not An Option,Lil Uzi Vert,69,0.71,0.736,2,-3.932,1,0.147,0.0301,0,0.137,0.348,140.031,150896,4,440000
2pilqAMqJMjbIQSnQVNdMv,Eu Vou Sentar - Ao Vivo em São Paulo,NATTAN,74,0.74,0.799,9,-3.581,1,0.0643,0.328,0,0.916,0.604,148.019,154734,4,670000
2913xXOVAIDAqxzV2g4VcU,The Bolter,Taylor Swift,72,0.455,0.586,0,-7.978,1,0.0492,0.638,0,0.131,0.481,183.694,238242,4,730000
4S8PxReB1UiDR2F5x1lyIR,meet the grahams,Kendrick Lamar,72,0.479,0.802,5,-6.252,1,0.309,0.55,0.00045,0.11,0.602,74.98,392139,4,720000
0SdBkFh6u5IHIXqlBu0NyI,Yeah Glo!,GloRilla,69,0.894,0.66,11,-5.349,0,0.33,0.0243,0,0.139,0.181,148.072,142703,4,690000
4CdAc7V4hUe1cuJAjnPpSQ,Parking Lot,Mustard,71,0.706,0.603,0,-6.421,0,0.0672,0.121,1.76E-06,0.543,0.373,100.018,172794,4,720000
5VMivzA6e7YD4HrZZEpclj,F*cked A Fan,Veeze,67,0.853,0.646,11,-4.848,0,0.161,0.0436,0,0.146,0.238,141.009,117437,4,460000
3EJfFRgtbIYzBQdlc6PO9V,Vai Lá - Ao Vivo em Goiânia,Maiara & Maraisa,83,0.63,0.835,6,-4.079,0,0.129,0.237,0,0.291,0.895,175.918,140439,4,670000
4ENmnZWhNTEiJpT25y7F1h,LA PATRULLA,Peso Pluma,76,0.726,0.804,6,-6.736,0,0.0716,0.561,0.000173,0.187,0.832,132.742,130615,3,720000
6Sxj0dNAoW0X0uC8o5cGm3,Disease - The Antidote Live,Lady Gaga,50,0.45,0.362,9,-7.295,0,0.028,0.368,0,0.103,0.214,141.953,274042,4,710000
28xOPIPw0joNPwYd0asIT5,Fried (She a Vibe),Future,69,0.833,0.688,6,-4.581,0,0.197,0.00211,0,0.719,0.375,145.03,210173,4,720000
2vlkTkPqdATznKHu9gD2c1,Her,The American Dawn,72,0.66,0.603,3,-7.7,0,0.025,0.00566,0.0144,0.0751,0.527,102.99,214087,4,670000
7aXdPXB7Fxyr8K1OnO9zYy,Hope You Make It,YoungBoy Never Broke Again,53,0.495,0.641,8,-4.098,1,0.353,0.127,0,0.437,0.346,84.196,148571,4,820000
2aL4lMGhWdPpyPL6COPou7,Soft Spot,keshi,77,0.696,0.595,11,-7.649,1,0.0262,0.361,0.000243,0.0938,0.708,105.995,204223,4,390000
1nF1SpkNfgPPozcXh2hvGU,LET HER COOK,GloRilla,67,0.878,0.697,9,-3.361,1,0.297,0.0199,0,0.082,0.437,150.026,155200,4,690000
0Ta2fVj5VeLL49IZQ9JCO5,Meet The 6ixers,BigXthaPlug,68,0.898,0.58,9,-9.602,1,0.412,0.101,0,0.257,0.833,120.006,137896,4,700000
4uzKAj0mIyYmyhsRRyPXaQ,Carry You Home,Alex Warren,76,0.525,0.66,10,-7.094,1,0.111,0.468,3.30E-06,0.128,0.458,123.787,166881,4,380000
38BgRP0EX5p0sBj0fFhqN9,BURN,¥$,73,0.6,0.885,11,-6.21,0,0.393,0.0157,6.02E-06,0.856,0.736,105.003,111458,4,690000
6dIFA2aAAu0rupMQinNIST,Catch Me,YoungBoy Never Broke Again,52,0.572,0.877,1,-4.17,0,0.368,0.0438,0,0.644,0.679,159.192,144740,4,680000
21hsqOOUfdSjHi3SVz8oyv,No Ponga Excusas,Cris Mj,79,0.608,0.514,6,-7.857,0,0.188,0.385,0.287,0.122,0.6,99.698,164956,4,360000
13BDiikG6y5o5cQTK0HpW6,Soltera - W Sound 01,W Sound,82,0.734,0.578,1,-4.147,1,0.295,0.155,0.000242,0.113,0.88,199.997,142022,4,790000
2ObBVRY8a2lnAkNG62u9eC,Beautiful As You,Thomas Rhett,68,0.722,0.725,9,-4.41,1,0.037,0.153,0,0.393,0.468,128.007,163894,4,770000
63r1VG4M36QYLIxWuT7mLd,Take Care (ChopNotSlop Remix),BigXthaPlug,43,0.793,0.522,1,-10.798,1,0.296,0.372,3.69E-06,0.212,0.642,100.299,230126,4,350000
16yFuOEn0CrjQR7SZotv8B,STILL IN THE PAINT (with LAZER DIM 700 & Bktherula),Denzel Curry,69,0.783,0.722,11,-7.26,1,0.0462,0.328,0,0.129,0.775,139.963,233085,4,350000
0atjt58UiZ7rP6Jwc0rDbd,Get It,YoungBoy Never Broke Again,52,0.661,0.827,2,-5.087,0,0.393,0.192,0,0.288,0.556,166.16,173487,4,340000
0pQeWRfw06RBjjyqRqNAYT,Disease - The Antidote Live Instrumental,Lady Gaga,44,0.509,0.426,2,-11.172,1,0.04,0.0548,0.465,0.105,0.0796,142.045,274042,4,340000
0mpDXW1y4X7MlyPecWAlzJ,BOP (feat. GloRilla),Big Boogie,67,0.84,0.711,11,-3.477,1,0.376,0.0153,0,0.125,0.544,140.067,202286,4,340000
3t4IkHfT4eXZggkupi4SUe,Over Each Other,Linkin Park,80,0.55,0.789,10,-4.634,1,0.0382,0.00241,0,0.428,0.317,147.947,170445,4,330000
1gUUuh7FQ3mr7nEq0SRvGX,Conceited,Lil Uzi Vert,69,0.629,0.55,0,-6.772,1,0.0543,0.152,0,0.095,0.154,124.13,189487,4,690000
01mT79q8TxozkvsE9imE5i,Lost The Love (ChopNotSlop Remix),BigXthaPlug,38,0.883,0.543,1,-9.8,1,0.148,0.132,0.000107,0.149,0.657,100.312,162676,4,330000
2PHm2paO2tmsOHe5MmQNP6,Change Me (ChopNotSlop Remix),BigXthaPlug,37,0.786,0.437,1,-10.418,1,0.362,0.208,0,0.221,0.319,100.301,161571,4,820000
3zMDGj4D8ogaYgAIZPeU7S,Peter,Taylor Swift,72,0.342,0.376,0,-8.212,1,0.0372,0.805,0,0.0593,0.29,176.859,283958,3,330000
1rjvXhfeSpVVqERzW8qhRw,Lone Wolf Hysteria,$uicideboy$,68,0.752,0.763,1,-5.045,0,0.0998,0.0386,0.00874,0.298,0.396,81.5,107610,4,320000
2zq33OtAQSJHmYk4BhrUOt,Therapy Session (ChopNotSlop Remix),BigXthaPlug,34,0.857,0.525,7,-10.947,1,0.352,0.237,1.48E-05,0.536,0.37,105.438,148463,4,730000
02ROzU7SwdZZNIWwDMSUYD,2AM (ChopNotSlop Remix),BigXthaPlug,33,0.874,0.473,0,-10.235,1,0.321,0.0958,0,0.34,0.174,103.54,221409,4,310000
05qfCQnSsZntKLYeQfBRel,Law & Order (ChopNotSlop Remix),BigXthaPlug,33,0.837,0.571,1,-9.957,1,0.317,0.165,0,0.552,0.719,103.134,209204,4,670000
0kUpJVpVPowCDLYSswDqpB,Back On My BS (ChopNotSlop Remix),BigXthaPlug,33,0.819,0.591,7,-10.701,1,0.23,0.16,0.00174,0.167,0.641,103.287,114909,4,300000
4ioHTVrKUWX8gYz8Ys5j9z,Planting Seeds (ChopNotSlop Remix),BigXthaPlug,33,0.773,0.434,9,-12.152,1,0.397,0.282,0.000527,0.328,0.467,105.259,129222,4,760000
6gjzqwf6QPaGp0EEyNIGpD,The Largest (ChopNotSlop Remix),BigXthaPlug,32,0.845,0.626,2,-10.078,1,0.403,0.247,1.60E-06,0.109,0.729,106.17,199129,4,740000
6PVrPRkmjTDdqATrGfBhPw,Words from WALLO267 (ChopNotSlop Remix),BigXthaPlug,32,0.563,0.699,2,-12.171,1,0.629,0.719,0.0413,0.182,0.405,105.308,71306,4,680000
6FcDxtnGfsYHOcGkXN2OIG,Add Up My Love,Clairo,70,0.715,0.621,8,-6.761,1,0.027,0.17,0.0011,0.111,0.769,104.964,205264,4,700000
4fE0sk9u4vrTt7NB9SGmot,Mmhmm (ChopNotSlop Remix),BigXthaPlug,31,0.88,0.593,1,-9.707,1,0.429,0.0926,0,0.429,0.762,106.428,135321,4,740000
5la3vKtEmexbra1k0zaYwG,Story of X (ChopNotSlop Remix),BigXthaPlug,31,0.763,0.524,7,-10.056,1,0.386,0.116,0,0.358,0.395,103.788,174720,4,810000
3HPJQUSmZza4Ma5Z7TBvBt,Leave Me Alone (ChopNotSlop Remix),BigXthaPlug,35,0.78,0.576,1,-9.675,1,0.362,0.194,2.82E-05,0.455,0.713,103.599,186810,4,800000
1W1BXI7eYNAKEGoiaeaGsb,Rich Off Rap (ChopNotSlop Remix),BigXthaPlug,30,0.859,0.528,1,-9.606,1,0.267,0.0483,9.85E-06,0.235,0.393,106.38,198613,4,760000
1Rweq7vNjK4kZBbGrmxQsl,bye,Ariana Grande,74,0.606,0.645,2,-4.835,0,0.0333,0.204,0,0.14,0.453,110.016,164927,4,720000
4Bv26sBf4sulmeIOzTmjEO,They Don't Know (ChopNotSlop Remix),BigXthaPlug,29,0.844,0.711,6,-9.071,0,0.314,0.193,2.84E-06,0.606,0.489,106.624,111855,4,740000
60AVJqYgyAlCckC6Nh2tgO,X-SLIDE,2KE,80,0.531,0.991,1,1.047,1,0.102,0.118,0.926,0.156,0.961,145.054,79453,4,360000
22yRHdYBLZMi7xnvBioqkP,SLUT ME OUT 2,NLE Choppa,70,0.718,0.624,1,-6.666,1,0.235,0.0383,0,0.0547,0.456,127.929,135059,4,690000
1SBoKG4MjtH2vMUpftdQtc,Beautiful As You,Thomas Rhett,70,0.722,0.725,9,-4.41,1,0.037,0.153,0,0.393,0.468,128.007,163894,4,700000
6khKJVbTxzfhbGfHMtyOM8,S P E Y S I D E,Bon Iver,72,0.467,0.247,7,-14.161,1,0.0314,0.906,0.0157,0.157,0.258,140.232,209078,4,680000
3edfAO2gVxQfUIKWtArAe6,Thought of You,Sam Barber,68,0.589,0.602,7,-6.63,0,0.0357,0.197,3.73E-06,0.135,0.432,104.982,163243,4,700000
3MBJxg2sT7CAdqYcdU8C5K,I Like It (with Nate Smith),Alesso,76,0.658,0.817,11,-3.652,0,0.0373,0.000266,0.000101,0.259,0.629,129.075,152350,4,720000
3IM6Cc6bK88qFYXrF8wh8t,TASTE,Lil Tecca,70,0.577,0.677,11,-6.13,0,0.0599,0.0436,0,0.678,0.23,124.102,170447,4,700000
1CMQQtOD2tAwCp0vtuOxIX,Sip,Jessie Murph,67,0.538,0.746,7,-4.254,0,0.0611,0.0876,2.00E-05,0.116,0.391,136.284,172164,3,700000
1De425SCFJULIHbcmeebUw,LET THE WORLD BURN,Chris Grey,77,0.377,0.557,5,-6.934,0,0.0311,0.128,0,0.163,0.248,92.89,163291,4,750000
3YyTyWfSwAhesGCKpnuRKl,LA PEOPLE II,Peso Pluma,75,0.717,0.704,1,-5.04,1,0.0695,0.57,1.12E-06,0.0956,0.717,131.997,141064,3,680000
3QS9ZCtoSCJhmaJ7QNXSAS,act ii: date @ 8 (feat. Drake) - remix,4batz,71,0.55,0.545,0,-9.304,1,0.163,0.318,0,0.0608,0.412,102.469,231339,4,750000
0rNqDh9zWWJVTLS4VfceHP,Brickell,Feid,79,0.805,0.89,11,-1.502,0,0.0634,0.0704,0,0.121,0.489,93.037,180360,4,710000
7IWcDWOfiooH5hRs9XOVYz,Fresh Out The Slammer,Taylor Swift,71,0.33,0.483,9,-9.394,1,0.0399,0.624,0,0.111,0.34,87.115,210789,4,670000
5c9tBmJKbTdn1vhzXHeAwW,Sympathy is a knife,Charli xcx,72,0.718,0.706,7,-5.596,0,0.0587,0.0539,0,0.41,0.58,131.943,151125,4,700000
2ieCamPuL76ipKH1cLH7tH,Sin Tanto Royo,Luis R Conriquez,75,0.754,0.873,5,-5.366,0,0.0526,0.495,1.10E-05,0.27,0.824,134.01,148573,3,770000
1F5Qp0SJS0QUfqIoQggrLz,The Largest,BigXthaPlug,68,0.902,0.867,10,-3.108,0,0.225,0.0678,0,0.142,0.799,131.041,132338,4,720000
6hu1bJBNMeXIepHr1joKW4,Meteor Man,Lil Uzi Vert,68,0.555,0.74,8,-5.884,1,0.0453,0.0269,0,0.206,0.0384,134.906,227570,4,720000
5ExOm0dh4NyRyAdSAO9hyM,Florida!!! (feat. Florence + The Machine),Taylor Swift,72,0.533,0.573,0,-7.123,1,0.138,0.178,0,0.309,0.398,150.088,215463,4,680000
4IFd7EVCyJsUHesBMXI8ju,Parking Lot,Mustard,71,0.724,0.555,3,-7.2,1,0.0507,0.17,2.61E-05,0.322,0.408,100.047,175321,4,720000
0CySZwyRJ0vyUqtSjM9i2k,Club classics,Charli xcx,71,0.704,0.868,7,-6.022,1,0.191,0.125,4.40E-05,0.167,0.712,144.969,153527,4,740000
6NjWCIYu1W8xa3HIvcIhd4,Nasty,Tinashe,74,0.931,0.411,8,-8.433,1,0.0711,0.165,5.26E-06,0.134,0.515,100.002,176027,4,720000
7CwWhMGWICOl2ICwbk3QTE,Talk talk featuring troye sivan,Charli xcx,72,0.731,0.817,8,-5.595,1,0.0791,0.0196,6.13E-06,0.349,0.661,130.032,173077,4,770000
3HxEGE7XpzqTVHEui3IMyb,Restless Mind (feat. Avery Anna),Sam Barber,68,0.529,0.195,7,-8.316,1,0.0377,0.908,7.42E-05,0.111,0.26,153.683,220000,4,710000
06ONHS2cu9I7fvzTz3NQvq,Cholo 7,Fuerza Regida,74,0.691,0.856,6,-5.035,0,0.0536,0.2,5.09E-05,0.0876,0.713,136,157500,3,740000
7vjfnsnDXZGK4PSq54ISjc,1-800-hot-n-fun,LE SSERAFIM,76,0.752,0.892,2,-3.1,1,0.108,0.0786,0,0.158,0.88,135.953,173431,4,680000
4cfJwDxcinpg5gYUZ4qysj,Relapse,Warren Zeiders,68,0.566,0.752,1,-4.102,1,0.0335,0.000212,0,0.0753,0.395,140.953,158634,4,730000
7sVbKoBdhXtYCEOO6qC1SN,We Still Don't Trust You,Future,74,0.717,0.586,0,-6.15,0,0.0273,0.0314,0.26,0.426,0.429,109.993,252920,4,700000
6dwBglhRdkwcb2CL9dHdJs,Pega Cabuloso - Ao Vivo em São Paulo,NATTAN,74,0.66,0.864,2,-3.206,1,0.0499,0.272,0,0.042,0.963,144.124,137067,4,720000
6f1DJYPjsyIwMD4g1h3fIK,Lyft Em Up,Lil Uzi Vert,68,0.784,0.663,2,-7.165,1,0.259,0.0378,0,0.22,0.0789,140.092,164595,4,760000
3zFLlF1SvWCt9oZUVPZehW,Kalashnikov,Clave Especial,73,0.773,0.836,7,-5.665,0,0.0373,0.213,0.00024,0.105,0.881,145.079,129501,3,710000
1cZHUhGz7xJ8c4szDipipd,Mejores Jordans,Victor Mendivil,83,0.669,0.583,1,-8.949,1,0.269,0.603,2.54E-06,0.1,0.271,115.221,234716,4,710000
2nTbWfwXlp9gK5u205Pcm1,God Games,Jorge Rivera-Herrans,70,0.467,0.608,11,-6.464,0,0.246,0.36,0,0.206,0.0979,111.423,319636,4,750000
1tuNqJOtRQVHvONR8Lg3MZ,The Alchemy,Taylor Swift,72,0.64,0.421,0,-8.802,1,0.0273,0.422,0,0.103,0.353,100.056,196900,4,830000
2LUD3874dlzeRa34Hi7ohW,Talk talk featuring troye sivan,Charli xcx,73,0.731,0.817,8,-5.595,1,0.0791,0.0196,6.13E-06,0.349,0.661,130.032,173077,4,680000
1wFFFzJ5EsKbBWZriAcubN,Family Matters,Drake,71,0.527,0.492,1,-9.774,1,0.279,0.0047,0,0.306,0.234,164.005,456934,4,680000
00n83h3zn2IrySO4Q4aTrG,Down With Me,Lil Tecca,70,0.712,0.588,9,-5.332,0,0.0543,0.112,0,0.21,0.471,114.929,120035,4,750000
3ScaLvfm2RJvLaXETbIYut,La Guerita,Grupo Marca Registrada,75,0.766,0.9,4,-6.683,1,0.0475,0.655,0.000522,0.207,0.807,124.07,184165,4,800000
5D34wRmbFS29AjtTOP2QJe,"yes, and?",Ariana Grande,75,0.787,0.775,1,-6.614,1,0.0548,0.19,6.54E-05,0.113,0.787,118.998,214994,4,720000
1rmEsOezwf2lmIZTMAO5Ag,Chloe or Sam or Sophia or Marcus,Taylor Swift,71,0.516,0.451,0,-8.552,1,0.0446,0.78,0,0.105,0.218,70.266,213281,4,770000
2C11qhXSCvVzGogwOTP6aZ,SOUTH OF FRANCE - REMIX,Future,71,0.816,0.709,2,-6.235,1,0.0791,0.0687,0,0.124,0.563,141.021,183919,4,770000
3ZVFcD8Wlw9T9klGqmJf9F,Florida!!! (feat. Florence + The Machine),Taylor Swift,72,0.533,0.573,0,-7.123,1,0.138,0.178,0,0.309,0.398,150.088,215463,4,680000
2MoUuJhpSO4a0czxvsrSC6,Cherish (My Love),ILLIT,77,0.714,0.821,4,-3.835,1,0.065,0.236,0,0.164,0.303,142.97,176854,4,740000
74uSrR3QA8YlnbAf6h5lyx,Chips and Dip,Lil Uzi Vert,68,0.736,0.841,11,-7.032,0,0.296,0.02,0,0.47,0.665,130.926,166887,4,740000
3rXlcLZk3MCaRPND5g9QiW,Blow for Blow (feat. J. Cole),Tee Grizzley,69,0.675,0.478,1,-10.201,1,0.512,0.0731,7.80E-06,0.127,0.39,104.563,210286,4,690000
3BuLlji2QpVaaVRMURHiah,"Are You Going to See the Rose in the Vase, or the Dust on the Table",$uicideboy$,68,0.749,0.505,11,-6.793,0,0.0458,0.0752,0,0.494,0.258,140.006,150943,4,800000
2U3jOPfO4wZZFaaWS4Dcj6,stranger,Olivia Rodrigo,71,0.442,0.599,0,-5.074,1,0.12,0.783,0,0.155,0.544,186.309,192772,4,700000
3K7vovoUvysvYih4CNKIOc,A Work of Art,Ice Nine Kills,70,0.293,0.98,8,-2.372,1,0.406,0.00611,0,0.341,0.195,200.499,238144,4,670000
4jCKLCyhHjrzz6be6NDhrd,Roc Steady (feat. Flo Milli),Megan Thee Stallion,67,0.958,0.869,0,-5.17,1,0.233,0.0105,0,0.0586,0.723,102.004,139193,4,760000
46oDV1H9EdVmnWSivShuH1,TELESCOPE,TWXN,74,0.539,0.433,10,-9.092,1,0.0327,0.114,7.65E-05,0.125,0.0999,130.037,143047,4,730000
57L5EYzCfHS7Jd58rV33lW,HIGHJACK,A$AP Rocky,70,0.61,0.682,7,-4.877,1,0.123,0.318,0,0.321,0.694,142.966,190075,4,710000
1aThn8Pk8zRzGGPClZe9Oq,Free Now,Gracie Abrams,70,0.557,0.387,0,-8.566,1,0.0998,0.411,0,0.197,0.337,149.899,214080,4,790000
3QJsSWa0Xo8MfaRn1gr4Be,favorite,Isabel LaRosa,78,0.726,0.652,10,-5.328,0,0.0779,0.00323,0.003,0.0905,0.625,97.032,133608,4,700000
1Cbl3Yq8rHo7hhDQmLQagU,PUSH 2 START,Tyla,76,0.683,0.814,2,-3.505,1,0.0466,0.277,0.00826,0.0858,0.758,93.482,156826,4,750000
3Ygb9jYG5TeibrrKJzCPmV,ORCHESTRATË,Yeat,70,0.58,0.865,9,-3.287,1,0.2,0.00377,0,0.185,0.55,146.924,173096,4,700000
3fvZo45Y28ly1QBo05pujJ,Let's Go Back,Jungle,75,0.525,0.749,9,-4.77,0,0.0292,0.146,0,0.236,0.789,71.582,169652,4,710000
6i5qhmmF9UNUBRyrPSGn4m,Two Faced,Linkin Park,44,0.51,0.945,1,-5.405,1,0.0804,0.000658,4.80E-06,0.0413,0.323,91.906,183584,4,710000
6aCBjSb87RizdH8lVBIRW7,Good Things Go,Linkin Park,44,0.541,0.757,2,-5.37,0,0.0421,0.00867,0,0.136,0.307,127.005,209845,4,730000
1EDPVGbyPKJPeGqATwXZvN,The Emptiness Machine,Linkin Park,44,0.466,0.872,7,-3.344,1,0.0336,0.0156,0,0.121,0.806,184.115,190428,4,760000
7M8eZBRTD9QNasEVReEM0H,IGYEIH,Linkin Park,44,0.442,0.968,2,-3.417,1,0.126,0.00227,1.53E-05,0.296,0.308,159.974,209084,4,700000
5mFZipkX1HZ4Idz5LOWpzq,Cut the Bridge,Linkin Park,47,0.622,0.936,7,-2.72,0,0.067,0.0212,3.09E-06,0.242,0.743,75.024,228607,4,670000
1uhces29ApKuQWFdpiUsvH,From Zero (Intro),Linkin Park,16,0.337,0.139,7,-18.884,1,0.165,0.621,5.20E-06,0.251,0,82.621,22174,3,710000
0J1IJsMbKWb5g2sJArTkGF,Stained,Linkin Park,45,0.516,0.868,6,-5.148,1,0.0969,0.0134,0,0.509,0.375,91.97,185415,4,700000
2HBBM75Xv3o2Mqdyh1NcM0,Heavy Is the Crown,Linkin Park,43,0.571,0.928,4,-3.725,0,0.0453,0.00932,0,0.297,0.488,127.939,167012,4,770000
7BkzAHnNW7WfrT4NcLaUDx,Casualty,Linkin Park,46,0.576,0.948,2,-4.082,1,0.173,0.00467,0.00838,0.322,0.5,159.928,140916,4,700000
7diOv6wm3ngF7Vt6ubK0Sf,Overflow,Linkin Park,45,0.515,0.654,8,-6.349,1,0.0492,0.116,0.000103,0.0966,0.306,133.916,211027,4,770000
3k4gjmYNJugQRlh2aounZ9,Over Each Other,Linkin Park,43,0.55,0.789,10,-4.634,1,0.0382,0.00241,0,0.428,0.317,147.947,170445,4,660000
44zZM2dn9AcOUt5XKUMNJ3,NO PIERDO LA VIDA,Calle 24,77,0.747,0.824,7,-4.353,0,0.0348,0.184,0,0.282,0.793,124.997,168547,3,710000
3OxL6MuctgZp1e0zxoAZhH,Young Metro,Future,71,0.716,0.664,6,-7.297,0,0.0571,0.11,0,0.11,0.209,112.054,205347,4,800000
059qzhNaJb8tsqpdl2bHfF,Una Velita,Bad Bunny,74,0.575,0.828,4,-6.599,0,0.154,0.724,0.00792,0.189,0.133,113.811,239986,4,700000
1wsDxqEDpsvNCatbXHjOje,BLANCA ROSITA Y MARIA,Tito Double P,79,0.767,0.656,11,-6.804,0,0.0561,0.3,0.00235,0.139,0.684,129.99,200658,3,750000
4oowI6IgJp9oqUnJewTp6Y,LINDA,Tito Double P,78,0.911,0.761,6,-6.712,0,0.0507,0.135,3.48E-05,0.163,0.948,124.983,224210,4,700000
63BroH3HiwxYD8T5qTZiJn,A Noite (La Notte) - Ao Vivo,Gusttavo Lima,81,0.752,0.518,11,-5.757,1,0.0349,0.6,0,0.101,0.577,145.957,201557,4,750000
1u6C9Afnnc0KSrsIXKcRP3,Law & Order,BigXthaPlug,67,0.886,0.459,9,-8.362,1,0.175,0.0129,0,0.0915,0.251,119.898,158042,4,770000
2KhLYFMNpETMeD33Jh9KeZ,Pula Fora - Ao Vivo,Murilo Huff,76,0.727,0.837,8,-4.139,1,0.118,0.451,0,0.463,0.866,137.983,149323,4,700000
3RwWW7KeVhHGayYJgUL5eZ,eternal sunshine,Ariana Grande,73,0.654,0.503,9,-7.065,1,0.0982,0.533,0,0.101,0.347,160.011,210200,4,780000
1NKUaH2zobKBC8LIcUH0p0,Passoa,JHAYCO,77,0.864,0.523,6,-5.375,0,0.0614,0.266,0,0.133,0.729,103.003,309280,4,680000
7syffZQA1dpkQelMckldEw,No Me Cansare,Sevdaliza,77,0.667,0.744,1,-4.634,0,0.0977,0.0667,0,0.211,0.562,167.911,162857,4,790000
2HSqF98IZ3OIGVUHHUwGdV,On D Gas,LEGADO 7,77,0.786,0.888,5,-5.875,0,0.0916,0.248,0,0.16,0.852,108.876,201323,3,680000
0vC82BouGPXm6X2K60RfQw,GOOD DAY,Forrest Frank,68,0.712,0.682,8,-6.968,1,0.144,0.061,0,0.145,0.716,76.033,170522,4,780000
5JeRMplL0U8IWbC3ZTaxLX,HOW I LOOK (feat. Megan Thee Stallion),GloRilla,66,0.752,0.776,10,-3.204,0,0.213,0.00449,0,0.198,0.191,161.944,118519,4,700000
57lsYy0OZLNb5OQ7fEa3Hs,Did It First (with Central Cee),Ice Spice,75,0.635,0.574,1,-7.453,1,0.322,0.229,0,0.126,0.592,153.938,118002,4,700000
0MIJFuEJpmgSjNjkbq29TQ,Blowing Smoke,Gracie Abrams,70,0.622,0.642,11,-5.115,1,0.0887,0.257,0,0.088,0.371,140.023,232280,4,690000
3ai1kBVQF9GusoxIdgBrjz,Quitter,Cameron Whitcomb,70,0.66,0.647,9,-6.937,1,0.0274,0.0126,0,0.149,0.77,105.137,161286,4,710000
5BmmDKMuVvqENYA6g750OX,Last Of My Kind (feat. Paul Cauthen),Shaboozey,70,0.551,0.504,7,-6.099,1,0.0247,0.319,9.95E-06,0.336,0.351,79.023,202025,4,660000
6G9YlbU3ByPJQvOFDRdwyM,her,JVKE,72,0.434,0.589,11,-5.529,1,0.0342,0.932,0.00022,0.496,0.582,143.728,142512,4,770000
7Eg4LsQTM6QOqeCS8EihZI,Blowing Smoke,Gracie Abrams,71,0.62,0.634,11,-5.098,1,0.0836,0.257,0,0.0875,0.373,139.968,232280,4,770000
2FoahzOSxJnalPA8aBUme3,all of me,21 Savage,70,0.652,0.806,5,-5.707,0,0.302,0.122,1.08E-05,0.842,0.779,159.947,198293,4,780000
5vCREmODQpdzOmcNOVsN6B,Roi - Instrumental Slowed,Mckyyy,77,0.413,0.282,7,-17.318,1,0.0506,0.728,0.866,0.105,0.248,194.34,92589,4,660000
3KMkikzv1EbgPwBEOwtR0k,Floating In Space,Calmly,71,0.152,0.00265,10,-41.83,1,0.0529,0.991,0.811,0.117,0.0713,68.994,126000,4,740000
7xJ1scIZpc33lZ7HpcrjCY,El Beneficio De La Duda,Grupo Firme,79,0.618,0.662,4,-6.081,0,0.151,0.17,0,0.316,0.426,150.118,245501,3,770000
7nfkuao1AhviRSUU5BXpYQ,2 Slippery (feat. BossMan Dlow),Luh Tyler,66,0.666,0.401,1,-8.802,1,0.312,0.0425,0.000175,0.145,0.16,79.027,159228,4,710000
0IdwfnHFfyb7zc7GFs75QQ,Hammer to the Heart,Teddy Swims,75,0.619,0.61,6,-5.552,0,0.0298,0.0508,0,0.0658,0.6,107.941,192317,4,700000
6Q2UhuLaPUlC9VANQOjPxo,Neta,Gabito Ballesteros,78,0.694,0.472,8,-8.311,1,0.0354,0.297,0,0.105,0.571,114.144,179968,3,660000
6mTpK40yIRk1xGGNvRMHGg,Me Caiu Tão Bem - Ao Vivo,Murilo Huff,79,0.569,0.724,1,-4.049,1,0.041,0.518,0,0.448,0.373,133.557,156146,4,810000
7xPsH48BHo1dvbv4c5ps2g,Bendecido,LOS DOS DE TAMAULIPAS,69,0.468,0.857,9,-2.312,0,0.385,0.174,1.04E-06,0.073,0.75,203.102,164708,3,680000
5og4Qzt92jJzVDkOtSEilb,But Daddy I Love Him,Taylor Swift,71,0.521,0.72,4,-7.684,1,0.104,0.384,0,0.135,0.438,79.943,340428,4,670000
59UWPiUEQPd0jVVzikHyoV,Can't Hold Me Down,Doodles,68,0.845,0.482,11,-4.392,1,0.316,0.0679,0,0.0411,0.701,119.99,197627,4,690000
093MlZS93ZKlHpGkmb3k3W,BROTHER STONE (FEAT. KODAK BLACK),Don Toliver,70,0.83,0.529,1,-6.374,1,0.324,0.0733,0,0.107,0.54,157.009,202840,4,690000
6VG3H64odw9YFcvY0NUZpL,Touch (ft. YEONJUN of TOMORROW X TOGETHER),KATSEYE,74,0.749,0.876,0,-3.054,0,0.106,0.447,0,0.144,0.758,166.992,129883,4,680000
5ZLL6wYXeqg0k35ZkDRfhZ,Pour Me A Drink (Feat. Blake Shelton),Post Malone,70,0.577,0.904,11,-3.817,1,0.033,0.0018,0,0.308,0.861,119.033,195123,4,690000
32rUiWgyd3Du6uJe0CbXR3,Fall Fast in Love,Rod Wave,66,0.731,0.651,1,-8.237,1,0.0894,0.0434,3.55E-06,0.143,0.416,89.013,172603,4,700000
6fqbblMIytVYfUn8ra4bdV,Roses,Jenna Raine,71,0.501,0.62,0,-7.52,1,0.0335,0.71,3.40E-06,0.0709,0.373,103.657,190535,4,750000
0GJ8peTqHq9pu5Yf2vHjjX,Fix What You Didn't Break,Nate Smith,67,0.433,0.878,8,-4.014,1,0.0435,0.000736,0,0.0909,0.464,156.052,201555,4,740000
1llaUCfG1g5WzKt6JafYyk,Despídase bien,Carin Leon,77,0.689,0.577,11,-5.029,0,0.0482,0.623,0.00653,0.197,0.382,160.025,231375,3,670000
6SMlN14kkjXfr07TT6gQN3,Fuck Fame (feat. Lil Yachty & Lil Baby),Rod Wave,67,0.616,0.365,5,-13.708,0,0.21,0.154,3.89E-06,0.178,0.27,169.927,183529,4,570000
2TOO5Dp8mlKhSq8xTGPXwX,No Caller ID,Megan Moroney,66,0.344,0.529,4,-6.091,1,0.0394,0.118,0,0.197,0.12,146.469,208759,4,770000
2uUfFZdKQkUoFHFYTbjvgb,Indifferent,Megan Moroney,66,0.635,0.537,6,-6.296,1,0.0476,0.0467,0,0.0853,0.511,107.421,176023,3,710000
2SPbioo65CuUB3H0aW1ID5,Bored,Laufey,70,0.508,0.419,7,-9.786,1,0.0429,0.912,2.22E-05,0.114,0.257,139.109,213213,3,690000
25f7KnoDqO7nBbPahi15UE,NEVER GET USED TO THIS,Forrest Frank,68,0.649,0.696,11,-8.059,1,0.0371,0.333,0,0.465,0.958,147.002,145035,4,760000
6yIaRllz0lCXuISYsqyCNH,Don’t Mind If I Do (ft. Ella Langley),Riley Green,67,0.411,0.369,5,-9.579,1,0.031,0.686,0,0.157,0.214,87.548,218946,4,690000
3ElI5xtTBJlYf5sFSiNbJD,Aquí Te Espero,Ivan Cornejo,69,0.541,0.307,10,-10.663,0,0.0243,0.573,5.72E-06,0.0992,0.25,92.886,255373,4,720000
3Hp8GJDsH3E7fumfAACH2k,Love in Paradise,Jorge Rivera-Herrans,69,0.414,0.59,1,-7.22,1,0.0986,0.536,0,0.142,0.339,170.138,250588,4,720000
4e1aewX6ATPcdfQIqr7gqO,Sticky,KISS OF LIFE,77,0.702,0.701,10,-3.86,0,0.0758,0.391,0,0.132,0.595,99.971,157120,4,670000
0NsGFMIo2aNbAkJu48ndaf,Morena Canela,Chino Pacas,76,0.658,0.614,10,-6.981,1,0.0324,0.105,2.18E-05,0.092,0.465,119.893,178337,3,740000
4KYCSg9y5P8BVbtSY3vGGf,Lo Que Hay X Aquí,La Receta,76,0.69,0.502,0,-7.242,1,0.096,0.697,0,0.213,0.747,153.991,158546,4,700000
1GClDyMiSLrpzjzwIfWRIa,Take A Bite,beabadoobee,69,0.537,0.631,0,-6.558,1,0.0263,0.0453,0.003,0.325,0.491,91.007,158867,4,680000
1P6qJ2YZjVlsxO8JMiYUqw,Wouldn't You Like,Jorge Rivera-Herrans,69,0.74,0.642,7,-5.548,0,0.115,0.548,0,0.114,0.528,97.999,174041,4,760000
2mEMKgLqH3VZaSYO7iYCzp,Daylight,David Kushner,75,0.51,0.432,5,-9.492,1,0.0334,0.825,0.000294,0.0933,0.31,129.872,212954,4,720000
25uMKq5kygC2woAfeetEfE,Nosedive (Feat. Lainey Wilson),Post Malone,68,0.287,0.782,10,-2.974,1,0.0439,0.108,0,0.0825,0.471,154.154,192459,4,720000
7KGqSVxESDoLeeRCiIxZZ2,The Rush (feat. Big Time Rush),Lil Uzi Vert,67,0.587,0.623,1,-4.867,1,0.16,0.161,0,0.272,0.319,128.272,186781,4,740000
7L3DFvnpn12NPHQf7yq4W2,Unsweetened Lemonade,Amélie Farren,69,0.775,0.493,7,-13.708,0,0.0925,0.257,0,0.126,0.455,119.901,144000,4,750000
4eIYnlcgI2chjQBuW1VRr7,FUK SUMN,¥$,72,0.774,0.818,4,-2.825,0,0.145,0.127,0,0.0529,0.438,142.084,209577,4,660000
2EeaJokLoMX2e3ZAGraQaY,Drive The Boat,Kodak Black,54,0.92,0.376,7,-7.607,1,0.363,0.119,0,0.121,0.366,135.079,135111,4,590000
2zZYe0VgBUAamZ9zTxzE4l,Laced max,LAZER DIM 700,67,0.77,0.515,11,-11.788,0,0.0804,0.0327,6.93E-06,0.162,0.084,99.968,90005,4,660000
5rHhO6SBSzo3E9m3KHyCtt,Peça Íntima,Murilo Huff,81,0.669,0.877,5,-2.768,1,0.0663,0.218,0,0.166,0.755,152.049,169591,4,650000
32VIrOsJmwvqRm4rWFBCsi,Shiver,John Summit,70,0.539,0.92,4,-4.729,0,0.0341,0.00158,6.82E-05,0.16,0.0565,126.999,234331,4,710000
5CJ3DQPUmrtI2lqRjPk4K6,FLY,Quavo,72,0.624,0.816,7,-2.606,1,0.0334,0.0102,1.33E-05,0.194,0.635,159.974,157173,4,680000
3E9uSlxdkqijIBCu2rYQBj,Martes 13,Luis R Conriquez,74,0.647,0.834,9,-6.292,0,0.173,0.546,0,0.209,0.394,144.01,163341,3,690000
58AZXyKRlsMBMcrRjpJpVG,Debut,KATSEYE,75,0.866,0.604,11,-4.286,1,0.0763,0.00999,0,0.218,0.714,121.99,123282,4,670000
18dlAFKaajLjRgBNZZ4ThU,Not My Fault (with Megan Thee Stallion),Reneé Rapp,69,0.811,0.792,1,-6.081,0,0.175,0.1,0,0.395,0.854,124.01,170528,4,680000
5L5GwmHf7R1zK4APVerRFL,Paars In The Mars,Lil Uzi Vert,67,0.656,0.724,6,-5.732,0,0.375,0.297,0,0.25,0.483,77.492,180022,4,700000
6dibjdPRlDUZabs8aokY4D,Winning Streak,Jelly Roll,67,0.601,0.812,7,-4.735,0,0.0413,0.0594,0,0.155,0.422,83.953,194413,4,730000
0JjecOzaIzBTfIY35QGmgw,Wait For You,Myles Smith,76,0.642,0.713,6,-5.281,1,0.0451,0.161,0,0.137,0.302,123.943,201533,4,830000
2ORD5RHyZI9LGibgqcwr3v,Please Be Rude,Gigi Perez,69,0.501,0.519,3,-7.994,0,0.0284,0.425,0,0.0783,0.359,92.029,180000,4,780000
6KzdWw8Hi1bz1lVw2AXDzb,Touches,Somnum Magnam,72,0.138,0.00161,5,-43.643,1,0.0532,0.977,0.971,0.0951,0.155,140.997,144750,1,680000
3tQxah06DC8HdTrfIlXtDv,Intercambio Injusto,Ivan Cornejo,69,0.593,0.274,0,-10.489,0,0.0321,0.83,1.10E-05,0.219,0.223,133.624,205283,4,670000
5xyaPwLmgoyGlDDu2H0Uix,365 featuring shygirl,Charli xcx,71,0.735,0.654,0,-8.633,1,0.237,0.244,0.00514,0.709,0.688,137.713,120053,4,650000
0UXfmA5wYIE1uBvFzOdlCR,Me Acostumbre A Lo Bueno II,Chuyin,71,0.527,0.746,6,-5.272,0,0.0611,0.566,0,0.116,0.96,100.082,126922,3,700000
5srHQMMvaXT2S3nXy1jq6g,Passport Junkie,Rod Wave,66,0.406,0.619,1,-6.762,1,0.0958,0.255,1.23E-06,0.399,0.601,83.53,147750,4,670000
1bJRd2ey6ER7neSxZwYdAG,Kisses (feat. bbyclose),BL3SS,83,0.793,0.779,9,-4.609,0,0.0581,0.279,0.000311,0.314,0.687,142.002,138247,4,680000
52A0oY4u5ufxrHC85JGf4x,Why Why Why,Shawn Mendes,78,0.576,0.735,7,-6.75,1,0.091,0.00662,2.68E-06,0.475,0.455,104.992,169041,4,670000
20hxZJQBUWzgDdRe2tmTRJ,Capo,NLE Choppa,68,0.614,0.953,2,-4.162,1,0.0688,0.119,0,0.331,0.593,154.969,192200,4,770000
6hA12wp8wT93WpLwNYUmOq,FRESITA,Fuerza Regida,73,0.913,0.725,10,-4.045,0,0.0815,0.0286,0.000428,0.0483,0.816,101.011,142667,4,270000
0BzTjRJQjOxMZpCAGnPXhp,Evergreen (feat. Caamp),Richy Mitch & The Coal Miners,68,0.556,0.335,2,-11.735,1,0.0302,0.512,0.0601,0.129,0.378,76.175,177513,4,750000
5nPbKG04fhLkIAjcPFaZq7,I Adore You (feat. Daecolm),HUGEL,83,0.704,0.787,11,-6.751,0,0.0462,0.00926,0.00538,0.159,0.31,119.996,214000,4,670000
6v9i26kpd5HeRx2XYjG3fp,Mama I Lied,Megan Moroney,65,0.393,0.491,1,-5.571,1,0.0267,0.0899,0,0.106,0.37,139.604,207736,3,690000
3kvgQZmOgwjfVnuduPPDZG,Someone In This Room (feat. Bailey Zimmerman),Jessie Murph,67,0.48,0.338,3,-8.899,1,0.0346,0.488,0,0.103,0.267,145.531,200967,4,760000
2YFhqZvhTpyK13gKXMKV7R,"Girl, so confusing featuring lorde",Charli xcx,72,0.692,0.823,11,-7.209,0,0.0547,0.17,0.00802,0.134,0.458,124.964,207412,4,700000
7DYa1xK4QzVZTejOnPBzQN,BË QUIET (FEAT. KODAK BLACK),Yeat,69,0.692,0.558,5,-7.811,1,0.266,0.0121,0.0188,0.789,0.387,148.984,174838,4,500000
2kXqLlHRP5uYfPmAnjcM46,Dirt Turns to Gold,Zach Top,65,0.602,0.773,4,-5.747,1,0.0614,0.649,0.000679,0.116,0.647,82.27,190518,1,700000
0DNJj91kvOUXQrgQj7wosE,Free Now - Live From Vevo,Gracie Abrams,69,0.428,0.541,0,-10.301,1,0.0472,0.459,4.09E-06,0.127,0.32,149.89,240324,4,710000
56qiAh3R5y85Ng26tkAUD3,TGIF,GloRilla,67,0.884,0.526,10,-6.556,0,0.376,0.0736,6.23E-05,0.13,0.228,140.049,164571,4,770000
6bryx7HyB4lVDc0KQXuoJ0,Get In With Me,BossMan Dlow,65,0.612,0.649,1,-5.553,0,0.384,0.133,0,0.11,0.219,158.9,120793,4,800000
2nYeyMeqYDiFSYYtl2BWD6,Piece of My Heart (feat. Brent Faiyaz),Wizkid,77,0.737,0.648,1,-5.493,1,0.138,0.252,6.92E-06,0.105,0.746,93.2,259354,4,690000
42GhSb1Rca49SbHhunbc0z,World Tour (Aquafina),Juice WRLD,68,0.691,0.492,1,-4.996,1,0.0616,0.0592,0,0.176,0.445,147.979,155712,4,660000
6puhdS8hZGcy38lvnixSm7,hysteric,jaydes,67,0.717,0.0669,1,-19.65,1,0.0512,0.984,3.47E-06,0.18,0.542,100.021,106639,4,470000
4xTgbiXPiMy4u4veI4j9tk,Shadow,Livingston,70,0.737,0.701,2,-4.44,1,0.0929,0.101,0,0.0643,0.619,140.055,157714,4,770000
67smGwuPEtA6GAfeweAVNO,SLAY!,Eternxlkz,80,0.681,0.773,1,-4.706,1,0.0345,0.0863,0.734,0.0978,0.504,129.923,107077,4,660000
4JWJ5BFdXnyV7BzTLj7dfJ,MR INTERNACIONAL,Tito Double P,76,0.814,0.629,4,-9.374,0,0.0686,0.494,3.64E-06,0.109,0.639,129.997,184091,3,700000
7JKwHEhYWjEDiaAVqm0RZd,NEVER LAST,Lil Tecca,69,0.669,0.673,6,-6.258,1,0.0585,0.0165,0,0.138,0.367,126.985,141732,4,690000
1pnDvUuAEd6z8bKEsbAjk1,We Don't Trust You,Future,70,0.779,0.508,6,-7.169,0,0.271,0.478,0.000439,0.243,0.346,124.091,226213,4,510000
3zPco1u9i9bCjkG5pngR5t,Clouds,BUNT.,75,0.7,0.748,9,-8.16,0,0.0771,0.226,0.796,0.104,0.154,130.056,158761,4,830000
5CYblb1W46TNSWMR7BBwS2,Death Wish Love (From Twisters: The Album),Benson Boone,70,0.692,0.676,0,-5.888,1,0.0595,0.606,0,0.12,0.47,122.926,223955,4,680000
3GWUv0TDO5E3cHfsxYeptt,TOMMY & PAMELA,Peso Pluma,77,0.798,0.797,11,-3.797,0,0.0471,0.382,0.00039,0.164,0.51,94.012,209424,4,670000
59h6Uw3m5ClwHnEcKXh8hg,The Ballad of the Witches' Road (Sacred Chant Version),Kathryn Hahn,71,0.507,0.217,10,-6.367,1,0.0434,0.707,0,0.0876,0.531,132.744,197693,4,650000
0Izt8MdEU7zDy2hDsm5YkH,Wanna Be (with Megan Thee Stallion),GloRilla,66,0.919,0.629,1,-5.17,1,0.376,0.0226,0,0.146,0.407,135.05,156444,4,720000
6saYisCUAZXc505blie9kZ,Otaku Hot Girl,Megan Thee Stallion,68,0.757,0.756,0,-3.198,1,0.0664,0.0655,0,0.149,0.505,157.989,158663,4,690000
3aAnwyBJY9OLNLqSgd4fZU,Deja Vu,TOMORROW X TOGETHER,77,0.357,0.572,5,-5.339,0,0.069,0.0811,0,0.145,0.238,162.844,171428,4,710000
7z3PblAN3dH1JMewiRydkZ,GIRLS,The Kid LAROI,72,0.731,0.734,7,-3.145,0,0.0515,0.0382,1.67E-06,0.353,0.797,101.008,152980,4,680000
53lS5rsYcbEMtpM2grepw5,KEEP IT COOL,Internet Money,69,0.626,0.525,10,-7.411,1,0.0419,0.0178,1.39E-05,0.125,0.131,162.004,106667,4,700000
7Gxf7hWyHaQjCTXtqOkNNV,No Longer You,Jorge Rivera-Herrans,69,0.295,0.437,0,-5.118,0,0.032,0.555,0,0.119,0.382,200.015,167700,3,690000
5jVExEArvISIYu8mamVgfV,LA DURANGO,Peso Pluma,72,0.737,0.726,3,-7.29,0,0.0537,0.689,0,0.169,0.887,127.926,262883,3,350000
7CYiqFCysFb6V4aDgvNzC5,giving girls cocaine,Lil Peep,0,0.635,0.729,11,-8.133,1,0.042,0.336,0.00968,0.111,0.135,89.973,155573,4,700000
1vJCkmbu3YzIe6NjXS9BXX,Wine Into Whiskey,Tucker Wetmore,65,0.712,0.699,8,-5.251,0,0.0365,0.0677,0.00271,0.0932,0.3,149.949,166343,4,350000
4VI2Y5xg4gYynQqNQNQbTN,WHATCHU KNO ABOUT ME (with Sexyy Red),GloRilla,67,0.836,0.691,1,-4.222,1,0.363,0.00586,0,0.282,0.703,167.029,149461,4,720000
0dEAiKNbHt4mrjjoiL0loc,Corazón de Piedra,Xavi,74,0.834,0.763,2,-5.475,1,0.0835,0.0354,2.33E-06,0.273,0.633,134.844,193568,3,770000
1NHflT1W5O7fntEXN9rfe9,I'd Rather Pretend (with d4vd),Bryant Barnes,71,0.562,0.333,8,-9.116,1,0.0285,0.916,0.00315,0.0926,0.329,129.899,184560,4,750000
6eVlPB1UhuyPUQSf9utzit,Little Wolf,Jorge Rivera-Herrans,69,0.566,0.656,4,-5.855,0,0.151,0.372,0,0.194,0.403,74.894,193600,4,340000
0DhCbTQZfWD8P8pOlg3jv9,TOO FAST,Future,69,0.542,0.61,5,-6.497,0,0.419,0.133,0,0.127,0.317,83.51,205731,4,680000
745JbQYxoYIegHzHTUxETp,"Everywhere, Everything (with Gracie Abrams)",Noah Kahan,68,0.299,0.357,11,-9.731,1,0.0372,0.538,0,0.133,0.278,179.664,257668,3,680000
03MqlviAY1kvFqdaGl5Mhg,Cero Empatía,Julión Álvarez y su Norteño Banda,76,0.68,0.429,2,-4.807,0,0.0341,0.342,0,0.241,0.589,140.149,189525,3,740000
7pM9Mn8WdnjNjYEoMW93Nt,Legendary,Jorge Rivera-Herrans,68,0.602,0.632,2,-5.219,1,0.0761,0.37,0,0.126,0.329,95.006,194442,4,770000
4EF6IyONolQy0bIQXm2EmX,The Albatross,Taylor Swift,70,0.352,0.479,2,-8.942,1,0.0583,0.655,0,0.0935,0.292,172.013,183879,4,690000
18NLDIUv9K3XWdCbUSxffi,Cold Beer & Country Music,Zach Top,65,0.585,0.674,2,-5.261,1,0.041,0.235,9.27E-06,0.185,0.642,172.04,186168,4,740000
6KJUSJHXRrTjSMpi9PzjEy,Risk,Gracie Abrams,70,0.708,0.482,3,-6.032,0,0.0729,0.52,0,0.142,0.486,113.003,191587,4,770000
7cXGHxIoogqDTvbuLj0dsO,POR QUÉ SERÁ,Grupo Frontera,75,0.655,0.699,10,-5.809,1,0.0499,0.287,0,0.213,0.702,152.08,209492,4,750000
4VL5XwfATZuAVTW471Wpro,FUNKED UP - SLOWED,xxanteria,77,0.755,0.927,11,0.254,0,0.0645,0.00288,0.925,0.0567,0.702,109.952,115348,4,710000
4Xly6Wx7KtcJc739Y4myOt,Mi Morenita,Grupo Marca Registrada,74,0.855,0.671,4,-5.787,1,0.0618,0.586,0,0.0945,0.851,125.07,149451,3,690000
0zoYPA5OMLiGwzRAXaEft7,Fresas Con Crema,Luis R Conriquez,72,0.636,0.824,0,-5.78,1,0.0924,0.621,4.65E-06,0.139,0.752,102.469,140987,3,750000
7yjPDFhCUFGa90GKORcUTY,Blowing Smoke,Gracie Abrams,69,0.62,0.644,11,-5.19,1,0.0863,0.253,0,0.0872,0.387,139.998,232280,4,740000
2O4Bb2WCkjlTPO827OnBMI,EASY,LE SSERAFIM,75,0.744,0.7,0,-5.154,1,0.0507,0.189,2.74E-06,0.114,0.602,165.004,164545,4,650000
2esZG2XFtuoWWA9AfDvSxy,Gata Only,FloyyMenor,77,0.794,0.5,8,-8.454,0,0.049,0.438,3.00E-05,0.0905,0.659,99.985,222000,4,690000
2F4vgXgGEZPCnBNBfqXhmH,icantbelieveiletyougetaway,aldn,69,0.571,0.533,8,-7.422,0,0.0297,0.0138,0.00629,0.0604,0.273,122.355,135881,4,760000
1PxKsGzQcmiwDHvA9ig5gv,Witchy (feat. Childish Gambino),KAYTRANADA,68,0.592,0.619,5,-8.183,1,0.137,0.00125,0.000918,0.119,0.319,109.924,227000,4,720000
76qpEmu2bVlYCCz5IUcZw1,"I Knew It, I Know You - Live From Vevo",Gracie Abrams,69,0.248,0.272,3,-11.747,1,0.0321,0.781,3.58E-06,0.0945,0.241,80.522,256869,4,780000
05oIDnL2jfeUxYiDIIqFP6,STFU,Yeat,69,0.688,0.629,8,-6.235,1,0.123,0.0015,0.784,0.125,0.493,149.036,104751,4,690000
7s4emXHJwAuo5VvGBXmnBL,offline,Young Miko,78,0.794,0.729,4,-5.424,0,0.111,0.181,0,0.105,0.54,92.967,201936,4,650000
44RKtm5CchIPJKwVikNbVB,Theremant,Zephyrical,71,0.137,0.000649,2,-37.686,1,0.0474,0.956,0.97,0.11,0.101,141.22,170484,4,740000
593knnQN4REEshx8th9zgK,Strangers,Kenya Grace,76,0.628,0.523,11,-8.307,0,0.0946,0.701,0.00274,0.219,0.416,169.982,172965,4,720000
726SEjbF3ToEbYbn43gnxl,Nice To Meet You,Myles Smith,73,0.762,0.783,5,-5.206,0,0.0387,0.329,0,0.0536,0.84,115.091,176000,4,690000
6ZCfGA0bPM50DPmcSlJKGY,HABLAME CLARO,Yandel,77,0.81,0.487,5,-3.737,0,0.174,0.0914,0,0.143,0.647,199.962,154969,4,680000
7oJ3N7oVSwoa5sdpg6NCE6,Lo Que Hay X Aquí,La Receta,75,0.69,0.502,0,-7.242,1,0.096,0.697,0,0.213,0.747,153.991,158546,4,510000
724YXkrlOINBst64isK3KP,ATTITUDE (FEAT. CHARLIE WILSON & CASH COBAIN),Don Toliver,68,0.643,0.678,2,-5.505,1,0.0416,0.0175,0,0.145,0.468,155.063,161053,4,660000
1Zai5UJ2di3qEuR2HeT2s8,I Look in People's Windows,Taylor Swift,69,0.763,0.274,1,-11.429,0,0.0738,0.69,0,0.164,0.385,90.796,131907,4,690000
5pVJ3IlnpIorU44oXizzG5,Orion,Boza,81,0.857,0.705,1,-4.775,1,0.183,0.322,0.00249,0.197,0.874,105.011,240964,4,680000
5txM7neZKH9qxHqHrQR73R,skin,otuka,69,0.481,0.698,2,-7.056,1,0.0396,0.000303,0.217,0.199,0.0527,122.961,110320,4,680000
6jQeSeqn9AdsCe0NMrylxH,I LUV HER (feat. T-Pain),GloRilla,65,0.797,0.607,1,-4.259,1,0.257,0.0751,0,0.0622,0.799,134.903,176000,4,780000
3XbIhTYl6a0uXPyO43eiXa,Oak Island,Zach Bryan,66,0.351,0.628,10,-6.498,0,0.0584,0.0994,0.00656,0.145,0.387,170.264,239410,4,750000
3cKnHNL40tqnmjXiv4FOlk,Never Be Yours,Kali Uchis,68,0.386,0.534,2,-9.401,1,0.0385,0.598,0.00206,0.0899,0.147,94.953,196025,4,660000
0LZy30mVmxqUpdQmaXKXBd,ADIVINO,Myke Towers,78,0.786,0.854,10,-2.4,0,0.0741,0.169,2.39E-05,0.106,0.522,117.994,278644,4,660000
13TtTCE6v8vwTSgWJPjwLl,girl you're taking home,Ella Langley,66,0.572,0.575,6,-5.859,0,0.0273,0.552,0,0.108,0.388,135.984,184707,4,770000
4UkUxO2WlKLc0Q1iEutGGh,CONTIGO (with Tiësto),KAROL G,77,0.85,0.562,5,-7.863,1,0.0724,0.169,3.23E-06,0.104,0.293,122.029,192787,4,720000
4b2fMv44GAYpsDSK4ihbsI,Armageddon,aespa,72,0.695,0.789,9,-2.05,1,0.0671,0.0651,1.39E-06,0.168,0.469,91.991,196467,4,720000
7ovB5FvDwq1g7AG9ICYaNY,overseas,Ken Carson,68,0.484,0.776,6,-3.485,0,0.0317,0.00345,0,0.155,0.139,150.876,141032,4,770000
1ubHDF8Y9eM6ptjsNROEJa,Baggage,Kelsea Ballerini,65,0.591,0.792,0,-5.213,1,0.0468,0.0568,0,0.0876,0.554,88.962,152813,4,810000
69XEQvvsPq0oU5OJiuI8nN,End Up Gone,ian,65,0.713,0.666,2,-7.913,1,0.238,0.0817,0,0.108,0.542,138,139149,4,680000
37ozVDmL5b6NNVWFYgAlkz,Come Play (from the series Arcane League of Legends),Stray Kids,75,0.565,0.867,7,-5.465,1,0.0964,0.00304,0,0.257,0.424,95.004,161667,4,650000
39AfsBXaRa8JZhl46bKGGN,Heart of Gold,Shawn Mendes,73,0.624,0.848,7,-6.796,1,0.045,0.151,0.000381,0.137,0.39,135.108,171608,4,640000
45c9wiUAAYRgbAnBcfPEsk,In My Mind,Lavern,73,0.4,0.614,5,-10.406,0,0.0632,0.0858,0.826,0.105,0.367,194.896,120462,3,710000
02RJmcMqkQqbU1WamaJNid,Lobster,RJ Pasin,74,0.562,0.453,10,-8.113,0,0.0396,0.0684,0.223,0.235,0.179,114.912,116870,4,740000
1tpTj9NAKWUFEabYfkzmRH,Casi oficial,Carin Leon,76,0.845,0.731,0,-4.423,1,0.0329,0.221,1.49E-06,0.127,0.615,119.965,227000,3,650000
5lKnZbdGCBViitE1Ce5TZh,Supernova,aespa,72,0.744,0.747,11,-4.281,0,0.0824,0.00691,2.03E-06,0.0739,0.368,120.077,178880,4,690000
6dXjUMjFxfAX4F2dHKqQzf,Rock,Stepz,72,0.9,0.743,1,-5.898,1,0.222,0.0486,0,0.304,0.729,150,144113,4,680000
0QCX3BlNcJqaH0MPM7WL1X,02.02.99,That Mexican OT,64,0.85,0.705,9,-6.44,1,0.252,0.151,0,0.128,0.431,148.129,162162,4,720000
0sXSFQXGhkXzmdt07flWXl,My Promised Land,Josiah Queen,66,0.693,0.627,9,-6.048,1,0.0604,0.497,0,0.139,0.667,105.111,194669,4,760000
0ouOFAkST5sCy2f2XLJHdP,SportsCenter,BossMan Dlow,65,0.732,0.803,10,-4.68,0,0.192,0.00967,0,0.185,0.511,155.018,143092,4,750000
3Z8sRtA8vHZkOWOHZIqLMv,57,KAROL G,51,0.827,0.736,1,-3.016,0,0.133,0.176,0,0.103,0.693,91.98,298130,4,700000
7gj6KJknnzPHcfjFccBSsy,Goddard Song,Lil Uzi Vert,66,0.602,0.729,2,-5.306,1,0.172,0.084,0,0.156,0.302,124.013,139501,4,650000
4B0cJGASxVICLW2AsBZhiE,LABOUR - the cacophony,Paris Paloma,72,0.534,0.787,11,-7.837,0,0.122,0.0487,2.52E-05,0.293,0.292,167.957,247445,4,700000
60u6hcpH5Qm1M3xESdNBrB,Frente al Mar,Beéle,78,0.75,0.682,10,-3.825,1,0.0945,0.168,1.28E-06,0.112,0.618,100.036,165178,4,680000
3HcLydGKgxuQnenonTqj0v,Never Mind,Rod Wave,65,0.687,0.586,4,-8.038,0,0.0435,0.113,0,0.0727,0.35,77.433,170353,4,680000
3uC4r2daXertBxxc8BpbbN,Lithonia,Childish Gambino,66,0.412,0.377,1,-7.59,1,0.029,0.0754,1.58E-06,0.14,0.172,139.676,178960,4,700000
5UHK1rtK4MpBGb0KppIYh4,VINO TINTO,Peso Pluma,75,0.664,0.769,4,-5.056,1,0.184,0.406,0,0.17,0.542,134.97,269539,3,750000
21oMo9u8Nca3FugaVXFGvu,Suffering,Jorge Rivera-Herrans,68,0.665,0.74,8,-2.579,1,0.0697,0.692,0,0.125,0.525,130.159,150923,4,660000
3RkSwrsIadAvqVtMp5yhaB,XO (Only If You Say Yes),ENHYPEN,76,0.662,0.761,8,-6.885,1,0.0532,0.112,0,0.21,0.471,96.95,188332,4,720000
1a19jsjG2DvbN1fVJonKUU,Beaches,beabadoobee,68,0.417,0.812,10,-3.979,1,0.0332,0.0154,2.11E-05,0.189,0.419,82.002,230053,4,650000
4PaI8I6lpyzCf5WPzn0VeH,The Light at the End of the Tunnel for $9.99 a Month,$uicideboy$,66,0.647,0.705,1,-5.497,0,0.0531,0.00265,0,0.226,0.194,75.504,139996,4,760000
4bDIAWaOBGAAk95nyXI6zJ,Routines In The Night,Twenty One Pilots,70,0.755,0.714,9,-5.098,1,0.0511,0.0915,0.000341,0.176,0.107,112.995,202600,4,680000
3Vevii7qKqrmW8CcyzBHDl,"So Long, London",Taylor Swift,70,0.423,0.533,9,-11.388,1,0.322,0.73,0.00264,0.0816,0.248,160.218,262975,4,700000
757cx0iJx1pcwLv4lnX39B,Just a Man,Jorge Rivera-Herrans,68,0.389,0.364,2,-6.107,0,0.032,0.674,0,0.0867,0.479,159.591,148687,4,650000
2GjUTgYXjkgPV5fN0FEU4l,OATH,Future,67,0.82,0.471,10,-6.684,0,0.312,0.307,0,0.118,0.173,156.944,94777,4,720000
2XXwLdtuAcE0HSCu61ijAb,My Boy Only Breaks His Favorite Toys,Taylor Swift,70,0.596,0.563,0,-7.362,1,0.0269,0.137,0,0.302,0.481,97.073,203801,4,660000
6Op1AAvS0Jb3Gbom92zadJ,Look At That Woman,ROLE MODEL,68,0.664,0.741,2,-7.78,1,0.0334,0.423,0.223,0.102,0.582,134.99,163458,4,690000
04A4WyCRyHQ8Nb3u3IsfzH,I Like It,Stray Kids,75,0.796,0.847,5,-3.198,0,0.0545,0.0606,0,0.134,0.469,145.015,148633,4,660000
142PiXzA84lmEw2RstFHFa,supernatural,Ariana Grande,72,0.58,0.714,8,-6.924,1,0.117,0.0969,0,0.16,0.522,76.496,163382,4,630000
2zbtUOuh8lREqhg8JCRrhs,Club classics featuring bb trickz,Charli xcx,70,0.912,0.594,1,-4.445,1,0.0826,0.0178,0.00762,0.113,0.802,131.027,174325,4,680000
1YFUI8vmek5XtbON2ZW892,sun to me,mgk,68,0.469,0.431,6,-8.298,0,0.0378,0.671,3.72E-06,0.32,0.361,131.295,158447,5,740000
1Bgj8C4oHOR5M3wuzb6Mmq,UP!,Forrest Frank,67,0.79,0.782,0,-6.293,1,0.139,0.0345,0,0.0656,0.644,120.083,136960,4,750000
6yMGcFkUPJWW7Mwy5pY6GC,DICE AND ROLL,Odetari,72,0.783,0.781,10,-6.507,1,0.0441,0.0178,0.122,0.12,0.394,120.025,120166,4,750000
2fKAG7MnnFDrQERDAzSztc,Single Again,Josh Ross,66,0.537,0.873,1,-4.516,1,0.0521,0.0299,0,0.0768,0.51,130.007,179051,4,670000
4pIN42J4VyflAZkyRXrAk5,Planting Seeds,BigXthaPlug,66,0.617,0.532,1,-10.066,0,0.439,0.411,0,0.0603,0.582,63.948,101471,4,690000
3pR7ZToCrzeNkfEf6n2rVR,B.A.S. (feat. Kyle Richh),Megan Thee Stallion,66,0.71,0.761,7,-3.424,1,0.236,0.0473,0,0.11,0.504,150.016,206461,4,700000
7leW1Dmvs9A4oDh9i5Qwpz,These Words,Badger,75,0.595,0.989,5,-2.695,1,0.0736,0.017,0,0.321,0.223,129.989,136580,4,650000
32aeRhnsILUPSbPiH5x62t,The Sound of Silence - CYRIL Remix,Disturbed,63,0.68,0.721,6,-4.379,0,0.188,0.123,0,0.162,0.244,125.963,185238,4,720000
5chnRTB9qMK3W1M41SnU9s,I Can Fix Him (No Really I Can),Taylor Swift,69,0.661,0.257,6,-13.961,0,0.045,0.768,1.72E-06,0.176,0.318,106.896,156298,4,700000
3LWVXp636uLT356Rj08Jaz,Be Mine,Jimin,77,0.687,0.747,1,-5.496,0,0.0883,0.056,1.34E-06,0.11,0.56,66.495,207348,5,810000
03yAV3GfB7jMAEnynZaAEe,SC-9,Yahir Saldivar,70,0.832,0.397,5,-9.967,1,0.162,0.093,8.68E-06,0.0771,0.932,169.963,165261,4,650000
4Jvp2H0HuFpdMxoYSz6agL,Hangin’ On (feat. Morgan Wallen),ERNEST,65,0.531,0.78,3,-4.565,0,0.0287,0.418,0,0.121,0.59,135.018,206147,4,620000
3lMzT16MjAKKXF7pSZn13B,Tell Ur Girlfriend,Lay Bankz,72,0.866,0.741,7,-4.66,1,0.245,0.0933,0,0.0297,0.614,135.07,124444,4,670000
198zDKzyktXRG1PGpidY9h,DRIP,BABYMONSTER,80,0.862,0.687,6,-5.215,1,0.0702,0.065,0,0.0862,0.704,119.972,180846,4,700000
3TlghSCu53YEUigL9RuqnU,Déjame Entrar,Rauw Alejandro,74,0.674,0.7,0,-5.809,1,0.0473,0.342,3.57E-05,0.0994,0.255,102.031,254706,4,720000
7wLShogStyDeZvL0a6daN5,TEXAS HOLD 'EM,Beyoncé,73,0.727,0.711,2,-6.549,1,0.078,0.582,0,0.158,0.375,110.012,233457,4,700000
5vXTArFpG0hB1fdlVsf28f,Warrior of the Mind,Jorge Rivera-Herrans,68,0.684,0.865,1,-3.979,0,0.432,0.502,0,0.143,0.48,120.094,208000,4,690000
6yS62Dxd5Wgk77EsFqEj0y,Scylla,Jorge Rivera-Herrans,68,0.341,0.604,1,-6.591,0,0.0612,0.226,0,0.122,0.381,156.38,174267,3,770000
1qrhpxdnC4nUCyFefPVCDa,SR. SMITH,Peso Pluma,74,0.718,0.753,5,-6.458,0,0.203,0.577,0,0.214,0.8,131.81,161905,3,730000
4t4rGgiVX7woTmlnW9SHJ7,Residuals,Chris Brown,70,0.58,0.645,6,-7.793,0,0.0821,0.342,0,0.108,0.171,114.905,215178,4,680000
4d9PtIEVij9jW5OaLinH66,Clara Bow,Taylor Swift,69,0.686,0.318,7,-11.046,1,0.0263,0.636,0.00144,0.106,0.214,104.088,216662,4,690000
5W4FHsvv4PwqC5gYzXyrLI,"I Love You, I'm Sorry",Gracie Abrams,69,0.501,0.401,10,-7.507,1,0.035,0.637,0,0.133,0.341,116.405,157147,3,690000
0g4fMVo4JjwnIpTfFfLdxS,Cassandra,Taylor Swift,69,0.587,0.587,10,-9.879,1,0.0595,0.806,0,0.137,0.514,139.963,240206,4,740000
4xbfYPpKIKtGU4iEK3WW2C,PJ (feat. Lil Baby),BossMan Dlow,66,0.742,0.564,1,-6.675,1,0.271,0.0607,0,0.122,0.345,156.916,178360,4,690000
145tqlcE6YFsjNfxi9K3AE,"LOVE, MONEY, FAME (feat. DJ Khaled)",SEVENTEEN,78,0.87,0.703,7,-4.371,1,0.0514,0.0412,0,0.0617,0.789,100.017,186387,4,690000
7fzN9lz890zav0HERLvVKZ,prada dem (feat. Offset),Gunna,69,0.916,0.595,1,-4.418,0,0.0665,0.0507,0,0.107,0.638,122.024,165347,4,710000
57G4kEAuP7muC8UzZXtcVi,NIGHTS LIKE THIS PT 2,The Kid LAROI,69,0.393,0.632,1,-7.437,1,0.0416,0.00224,4.54E-05,0.286,0.109,94.651,166369,4,690000
2vXbt6p8MASsy0rGMpgWdG,SOUTH OF FRANCE,Future,67,0.839,0.644,2,-7.131,1,0.0803,0.03,0,0.126,0.236,141.037,108953,4,670000
51sN3VDJBVmKJVgp0trc7M,Atención,Ivan Cornejo,69,0.708,0.698,1,-7.38,0,0.027,0.402,4.71E-05,0.108,0.535,121.048,253910,4,660000
1PJe42QnCMD6JqhcooaWzc,Apple featuring the japanese house,Charli xcx,68,0.721,0.836,0,-7.547,1,0.0611,0.219,0,0.161,0.693,125.878,157367,4,690000
1FHIZknONrV2c20w0x5AVG,Don't Mind If I Do,Riley Green,64,0.411,0.369,5,-9.579,1,0.031,0.686,0,0.157,0.214,87.548,218946,4,790000
5bi0gh89wRuH2OgjdAKFsb,Santa,Rvssian,79,0.725,0.709,3,-5.017,0,0.129,0.321,0.000189,0.114,0.648,99.993,193039,4,680000
2YZ7CJV3Q1OGh7ZL9PYWcP,GLORY,Ogryzek,79,0.331,0.765,1,-6.789,1,0.0298,0.000421,0.879,0.109,0.0923,171.455,149522,4,690000
6e0YUaVAfDxUabmybOjguy,Awuke,Davido,75,0.749,0.792,5,-4.621,1,0.0402,0.308,1.63E-05,0.0712,0.903,113.981,172632,4,680000
6zJjw0iXY0aMBEUyCG1NsA,"Loser, Baby",Keith David,69,0.483,0.528,4,-6.177,1,0.0967,0.497,0,0.129,0.628,88.064,175114,4,700000
4kB3A1XfiN2Sb4gleEyI7X,FRESITA,Fuerza Regida,75,0.92,0.7,5,-4.048,1,0.102,0.0425,0.000254,0.0465,0.72,100.995,142667,4,680000
3Huma5kcTHmfgZ6UadDB9R,ghost boy,Lil Peep,69,0.656,0.624,5,-5.754,0,0.0263,0.0235,0.0169,0.208,0.0717,108.019,130973,4,780000
7wCWK3AapKQoHZbghyIrP4,Nasty,Tinashe,70,0.93,0.444,8,-7.247,1,0.0671,0.149,2.89E-06,0.128,0.494,100.009,176027,4,660000
4Dx4e0X5dR6TW85dtFU42x,Red Leather,Future,67,0.676,0.607,6,-4.792,1,0.372,0.51,0.00143,0.12,0.601,170.047,414893,4,730000
5tUETztMKNT9NDbMUVpxzl,READY TO COOK UP,Future,66,0.793,0.601,2,-4.978,1,0.056,0.0301,0.00625,0.188,0.0877,131.995,167111,4,680000
6GBKwWdmHaTqbguQgAYOIz,The Horse and the Infant,Jorge Rivera-Herrans,68,0.489,0.745,0,-4.625,0,0.107,0.301,0,0.101,0.268,122.462,234000,4,690000
0e00DiF2T9znEdmWakYSC3,labour,Paris Paloma,70,0.649,0.573,11,-10.301,0,0.099,0.383,0.000152,0.354,0.446,83.987,237745,4,660000
7ogK4lJDVDMU6A6vYR5rvD,thanK you aIMee,Taylor Swift,69,0.609,0.541,7,-8.013,1,0.0346,0.609,0,0.122,0.252,95.997,263817,4,640000
0NrMjaEIssvhuzUhQOEwmJ,PROCEDURE (feat. Latto),GloRilla,64,0.857,0.801,6,-3.736,0,0.265,0.0277,0,0.117,0.776,158.082,174684,4,750000
5crY7axm3GejOxy5PsnnPk,Nothing Matters,The Last Dinner Party,71,0.576,0.796,2,-5.1,1,0.0375,0.0219,0.000151,0.11,0.589,101.093,182624,4,690000
70tUQzrtuWnshYEV0DXD5U,Thunder Bringer,Jorge Rivera-Herrans,67,0.276,0.893,8,-3.719,1,0.209,0.116,6.16E-05,0.129,0.436,80.308,249750,4,690000
67LH2dzXF67Oi80yJaVYd7,These Walls (feat. Pierre de Maere),Dua Lipa,67,0.742,0.768,1,-5.006,1,0.0349,0.0931,1.91E-06,0.0724,0.761,123.03,217597,4,740000
4nsd2DbMYqRwkvIQ51r4cp,For Cryin' Out Loud!,FINNEAS,70,0.758,0.524,8,-6.746,1,0.0336,0.115,0.000248,0.111,0.731,93.004,217240,4,690000
3Vg7nPYlOrCkcV1abKbRQ1,Everyday Hustle,Future,68,0.557,0.704,6,-5.641,0,0.39,0.0595,0,0.676,0.378,179.494,226947,3,670000
67aaig0zaaSzf8zPqSUoN4,Dirty (feat. Teddy Swims),Jessie Murph,68,0.397,0.562,1,-5.635,1,0.0418,0.223,0,0.127,0.194,133.556,173362,3,680000
2J0uAddTaXz5mYhAIKhBXc,Bad Dreams - Acoustic,Teddy Swims,62,0.762,0.533,0,-5.733,0,0.0287,0.521,0,0.0795,0.681,124.921,176020,4,770000
0OpC8hRrbsh24taKOsQBEX,Real Man,beabadoobee,69,0.555,0.745,10,-5.94,0,0.0342,0.636,0,0.146,0.442,129.986,160600,4,760000
6KYBVkFGf21hPd01gVkJ5T,truck on fire,Carly Pearce,65,0.49,0.711,0,-4.925,1,0.0454,0.464,1.05E-06,0.297,0.712,171.839,188040,4,680000
0GfWTZZOc7co6oVqyQ556l,ESTE,El Alfa,74,0.921,0.682,2,-4.641,1,0.199,0.0425,0,0.175,0.391,102.969,162059,4,670000
7mFhyM0k5ZKG8jxcwmPVYl,Let It Happen,Gracie Abrams,69,0.527,0.574,7,-5.389,1,0.0433,0.615,0,0.108,0.215,91.839,260947,4,660000
06iup3YJ4EsnkSxyQKFfNk,She Stank,Lil Uzi Vert,66,0.687,0.576,1,-6.263,0,0.0713,0.0858,0,0.139,0.287,145.027,125811,4,640000
4jHl6jgzZOnS4nGamPZ1Uk,Santa Baby,Laufey,68,0.802,0.379,7,-8.769,1,0.0724,0.861,0,0.105,0.426,105.999,182040,3,770000
09DFJg2KCnbBXkYItMubU5,teen romance,Lil Peep,69,0.717,0.425,8,-5.087,1,0.0316,0.0107,0.00123,0.0992,0.0646,116.002,170133,4,750000
5q0EXnBYyeCdXD72FzJxH0,Illusion,Dua Lipa,74,0.679,0.772,8,-4.721,0,0.0472,0.0277,2.59E-06,0.106,0.709,126.964,188143,4,670000
0uNzLccqsb5crQ2dcBlakz,Tree Birds,Dylan Gossett,66,0.459,0.667,7,-5.074,1,0.0286,0.00615,4.72E-06,0.144,0.622,179.955,212683,4,680000
6OhItVieTO3vnaS1KO24OY,Soft Slumber,Calmly,69,0.148,0.0043,7,-40.749,0,0.048,0.991,0.67,0.107,0.0361,69.397,146000,3,670000
5WcsxoURbNjQPQvzKpHUMn,us. (feat. Taylor Swift),Gracie Abrams,69,0.316,0.554,7,-6.447,1,0.0362,0.498,0,0.0915,0.378,102.22,242667,4,690000
0qKKAOF4kezKlvtyYyv12C,DIE FOR ME,Chase Atlantic,72,0.615,0.723,6,-4.516,0,0.0564,0.0957,0.00013,0.386,0.423,129.97,206815,4,760000
1IzCS4zuowRsXu4YS8caOB,Missin’ You Like This (Feat. Luke Combs),Post Malone,67,0.502,0.707,7,-4.894,1,0.0268,0.0252,0,0.374,0.447,78.984,222782,4,680000
6VCRBicgO32jHZOT3dRbPk,Vision De Tunel,Hermanos Espinoza,67,0.549,0.785,8,-7.478,0,0.0994,0.0513,0,0.209,0.604,103.489,172890,4,660000
2HbNfSh9KzbXUHAchtu0VO,Beer For Breakfast,Zach Top,64,0.767,0.544,7,-10.398,1,0.0309,0.54,0,0.238,0.766,119.96,206360,4,720000
1kDqGWSeR27gWaMouyXD0C,Chihiro,Gravagerz,77,0.708,0.512,10,-13.235,1,0.0908,0.726,0.596,0.127,0.0432,140.014,128576,4,630000
3Md1Rphgz24viHtEVSWWi9,PASSENGER PRINCESS,Nessa Barrett,68,0.605,0.821,10,-3.348,1,0.0335,0.109,6.00E-05,0.192,0.512,143.063,155578,4,670000
6SvAvDIzS5ZWBagkc7XOgp,El Gordo Trae El Mando,Chino Pacas,70,0.724,0.771,7,-5.504,0,0.036,0.105,0,0.0735,0.926,140.15,112409,3,660000
2uakf4oX6yCvlcHrCunap0,Monster,Jorge Rivera-Herrans,67,0.383,0.601,0,-5.695,0,0.0549,0.466,0,0.0991,0.274,85.193,218667,4,670000
1f2014WFRKVIZxEUDoLgk0,We'll Be Fine,Jorge Rivera-Herrans,67,0.489,0.552,10,-6.048,1,0.0585,0.741,0,0.305,0.744,115.142,125739,4,720000
0R7mbF0KQERtpLaTuugWZg,Bless Your Heart,Megan Moroney,64,0.323,0.796,7,-3.97,1,0.0866,0.224,0,0.378,0.622,175.291,163634,4,650000
06PqeO7IInus2yvzsZwZhf,CUTE DEPRESSED,Dyan Dxddy,76,0.83,0.919,10,-2.12,0,0.145,0.503,0.748,0.0757,0.848,151.221,96947,4,640000
0R23grfg7MaNE9TUpNNQUU,LA TROKA,Tito Double P,76,0.821,0.5,6,-10.302,1,0.044,0.43,0,0.097,0.638,117.995,142373,3,690000
3SDJGyVK6sDBkwan0Sxj6R,Love For You,LOVELI LORI,71,0.721,0.647,1,-9.494,1,0.0472,0.0606,0.272,0.179,0.547,109.254,170233,4,690000
2ffAF1x7V6E0KOuvvdGbTT,Turtle Race,Rod Wave,65,0.661,0.507,0,-10.845,1,0.128,0.0492,8.63E-06,0.0903,0.358,167.987,186566,3,680000
5bjB0xPlN7fR1roEedzQvg,Felt Good About You,Gracie Abrams,68,0.56,0.57,0,-8.911,1,0.363,0.811,0,0.104,0.359,191.946,164693,4,810000
5sWxZXRYjkAnRQr7894dRa,OCEAN,Future,66,0.683,0.475,6,-9.867,0,0.159,0.393,0.0361,0.162,0.258,138.061,203097,4,650000
37BZW7WkMBkWyIVs5OMVJt,Rule #34,Fish in a Birdcage,67,0.715,0.42,7,-12.562,0,0.0374,0.55,0.0374,0.124,0.772,153.035,164469,4,790000
2JyM1u6xSHBJVpbeFrC4B5,Coming Home,Old Dominion,65,0.593,0.903,5,-4.803,1,0.0477,0.0139,0,0.104,0.789,116.093,170240,4,670000
62fqMvguJbsSs9HKhhRfuS,Talk talk,Charli xcx,69,0.579,0.892,0,-5.636,0,0.282,0.0455,0,0.137,0.639,130.146,161757,3,710000
3HbZAu2nIPUNMJytD8i4jP,Cowboys Like Me Do,Zach Top,64,0.586,0.628,3,-5.797,1,0.0344,0.624,1.99E-06,0.119,0.445,87.916,178915,4,640000
2v1ivOOsgn64g5OywuH55L,The Smallest Man Who Ever Lived,Taylor Swift,69,0.426,0.41,10,-9.083,1,0.0581,0.52,0,0.338,0.263,142.377,245542,1,670000
6p2eArI2fcdxiO8UenVfVy,YOU,Chase Atlantic,66,0.608,0.46,2,-6.436,1,0.0401,0.272,0,0.14,0.17,115.873,213103,4,690000
08pbRBstuvH7ArRxeb8fwT,Hasta Aquí Llegué,Nanpa Básico,79,0.641,0.657,11,-8.338,0,0.218,0.538,0,0.106,0.411,100.016,188887,4,670000
3aGv9jITId050BkCMddYOX,Let It Happen,Gracie Abrams,68,0.515,0.564,7,-5.38,1,0.0402,0.635,0,0.11,0.2,91.651,260947,4,650000
4YnmQG1fnJR9LnTZtix70T,WYA REMIX RED,J Abdiel,81,0.733,0.527,0,-5.985,0,0.0486,0.364,0,0.0999,0.371,110.045,321742,4,640000
6puede6hRbNP5SdPmS2PT0,Change My Mind,Riley Green,64,0.497,0.673,11,-6.493,1,0.0465,0.00304,0.000533,0.128,0.43,78.811,199533,4,720000
27VnLN3KUpvEdKI8n1Zyid,Heaven,TOMORROW X TOGETHER,72,0.753,0.66,4,-5.979,0,0.0535,0.199,0,0.194,0.881,121.948,154989,4,670000
1RGidCmtrqER8GBs8TnG9C,Everything is romantic featuring caroline polachek,Charli xcx,69,0.604,0.449,0,-11.468,0,0.21,0.168,0.000724,0.334,0.333,150.106,203945,4,660000
5PFe4q5VmBRaYUnXSeZ6EX,Aeterna,Luna Novina,69,0.158,0.00252,2,-36.215,1,0.0506,0.977,0.922,0.108,0.0917,72.666,188531,4,610000
46clCWv55EyW1ZlOl796It,Cinderella,Remi Wolf,67,0.724,0.818,1,-4.544,1,0.058,0.0751,0,0.0981,0.608,103.001,243953,4,650000
21gmvAVeqXiSUbvJPesXsL,Open Arms,Jorge Rivera-Herrans,67,0.505,0.648,9,-6.149,1,0.644,0.698,0,0.221,0.379,65.945,198695,4,660000
4PZLbLNt6CsCwNvZSol1uZ,Snooze You Lose,BabyChiefDoit,63,0.749,0.744,11,-5.874,1,0.231,0.0989,0,0.215,0.417,149.878,154622,4,660000
3pUz2qJe5nqZemi3hhIxMk,Where You Are,John Summit,68,0.565,0.832,9,-6.422,0,0.041,0.0106,0.00693,0.508,0.0791,125.948,236000,4,620000
2x6iNna6wQexggFz8smJcB,Seventh Heaven,INOHA,68,0.431,0.902,7,-6.721,1,0.0699,0.00115,2.81E-06,0.343,0.479,162.995,234500,4,670000
30S82dxldXsPbuj4ShyVBK,Marble Floors,Summrs,65,0.659,0.455,1,-11.236,1,0.349,0.0804,5.76E-05,0.154,0.147,150.921,208212,4,650000
3NMrVbIVWT3fPXBj0rNDKG,The Tortured Poets Department,Taylor Swift,69,0.604,0.428,0,-8.441,1,0.0255,0.0483,0,0.126,0.292,110.259,293048,4,690000
5ahdQDl9WGN9dNDDH0RKyJ,Passport Junkie,Rod Wave,65,0.406,0.619,1,-6.762,1,0.0958,0.255,1.23E-06,0.399,0.601,83.53,147750,4,660000
1XUlg6YCcns9gsJAB4DoFi,Pain Is Cold Water - Live From Fenway Park,Noah Kahan,66,0.308,0.247,6,-15.12,1,0.0375,0.863,0,0.483,0.239,172.196,140328,3,640000
6nN8W5zHOii0P61I8eSdR3,Free Now,Gracie Abrams,67,0.59,0.379,0,-8.656,1,0.0767,0.421,0,0.231,0.321,149.996,214080,4,670000
73nX7BaV2Rat4AFVNV3YGR,Us Vs. Them,$uicideboy$,65,0.651,0.906,6,-4.454,1,0.172,0.046,0.214,0.895,0.509,77.978,184633,4,670000
2kyL1eP0mluFHYlAwKySzj,THINGS BEHIND THINGS BEHIND THINGS,Bon Iver,69,0.413,0.467,9,-9.282,1,0.0292,0.732,0.0111,0.0711,0.377,157.338,200589,4,690000
2RSOPh3dQYXIf4v17UTit3,Straight and Narrow,Sam Barber,66,0.427,0.278,10,-8.83,1,0.0331,0.47,2.22E-05,0.135,0.374,85.642,199875,3,640000
4u4zx9ERn7iIeTskOCGKXI,Different Beast,Jorge Rivera-Herrans,67,0.57,0.77,6,-3.722,0,0.307,0.229,0,0.109,0.568,171.711,210698,4,700000
7m8wiHGjtlJ5UQvqiCjhV5,Girls,The Dare,67,0.922,0.84,2,-1.9,1,0.262,0.0866,2.29E-06,0.0543,0.909,121.982,119559,4,650000
6nf4oqFOsVKLwJPEliYVwT,Hide My Gun (Feat. HARDY),Post Malone,66,0.506,0.651,7,-4.993,1,0.0361,0.0351,0,0.248,0.338,146.141,220479,4,670000
3MfTo3Q0ZCrhCsQJZ8u6iZ,Done For,Jorge Rivera-Herrans,67,0.633,0.558,11,-6.375,0,0.493,0.511,0,0.116,0.36,159.999,147000,4,630000
5giwUhMFuodJcRhA8tlLSQ,Nobody's Soldier,Hozier,64,0.645,0.816,7,-2.607,1,0.0318,0.0134,1.80E-06,0.338,0.781,133.973,237200,4,740000
0JGZYsSnDraphLvnhIUaQx,Scared Love,Rod Wave,64,0.484,0.476,2,-9.972,1,0.0629,0.152,0,0.368,0.314,111.893,185884,5,690000
0agQ9vIV7NP4dntGKLcCXO,Somebody (2024),Gotye,77,0.848,0.629,0,-6.198,1,0.0424,0.016,0.18,0.049,0.586,130.017,153519,4,660000
6snUFBfI2YU2ZUZKwXoZsa,There's the Sun,Zach Top,63,0.644,0.449,5,-7.244,1,0.0259,0.653,9.44E-06,0.107,0.247,82.99,205119,4,790000
2SMyu6hdDHWbLLXB76Oz4i,Apply Pressure,Rod Wave,64,0.567,0.616,8,-10.611,1,0.0407,0.0177,0,0.0947,0.54,81.999,175610,4,650000
2OcpUR9GG6jOv6OXhFrUda,The Great American Bar Scene,Zach Bryan,64,0.392,0.405,11,-9.279,1,0.0388,0.51,0.0988,0.369,0.279,141.192,216720,3,670000
49ttSix3w9y6xuFDtlVPdS,Take Me As I Come,Evan Honer,64,0.51,0.398,2,-7.704,1,0.0303,0.578,7.28E-06,0.105,0.388,149.557,190759,4,690000
4wTvw1dBiPXNiHTh0zzpcI,B2b,Charli xcx,69,0.769,0.771,1,-3.12,1,0.0436,0.000783,0.671,0.0537,0.37,116.027,178579,3,640000
2WWiXFrJY30PgpleAro7Tz,Baja Pa' Acá,Rauw Alejandro,0,0.788,0.784,8,-2.653,1,0.075,0.395,0,0.219,0.503,93.009,200000,4,770000
1YYfyJ2yCvGFCxwjsIqEK9,Khé?,Rauw Alejandro,0,0.687,0.627,7,-4.975,1,0.181,0.326,0,0.0893,0.47,155.865,206066,4,660000
1YYfyJ2yCvGFCxwjsIqEK9,Khé?,Rauw Alejandro,0,0.687,0.627,7,-4.975,1,0.181,0.326,0,0.0893,0.47,155.865,206066,4,640000
1YYfyJ2yCvGFCxwjsIqEK9,Khé?,Rauw Alejandro,0,0.687,0.627,7,-4.975,1,0.181,0.326,0,0.0893,0.47,155.865,206066,4,670000
1YYfyJ2yCvGFCxwjsIqEK9,Khé?,Rauw Alejandro,0,0.687,0.627,7,-4.975,1,0.181,0.326,0,0.0893,0.47,155.865,206066,4,570000
4O3EdWEn3apRHpiZxYabtl,Touching The Sky,Rauw Alejandro,0,0.776,0.788,5,-3.656,1,0.073,0.0381,4.79E-05,0.289,0.624,128.021,185613,4,680000
4O3EdWEn3apRHpiZxYabtl,Touching The Sky,Rauw Alejandro,0,0.776,0.788,5,-3.656,1,0.073,0.0381,4.79E-05,0.289,0.624,128.021,185613,4,580000
4O3EdWEn3apRHpiZxYabtl,Touching The Sky,Rauw Alejandro,0,0.776,0.788,5,-3.656,1,0.073,0.0381,4.79E-05,0.289,0.624,128.021,185613,4,700000
4O3EdWEn3apRHpiZxYabtl,Touching The Sky,Rauw Alejandro,0,0.776,0.788,5,-3.656,1,0.073,0.0381,4.79E-05,0.289,0.624,128.021,185613,4,640000
0xyWkRMb09qdCDhloehCsi,Ni Me Conozco,Rauw Alejandro,0,0.553,0.535,5,-6.681,0,0.168,0.335,0,0.169,0.307,90.168,229787,4,690000
7v12ia1PFVN9jSgU43rJnS,IL Capo,Rauw Alejandro,0,0.798,0.537,8,-5.078,1,0.103,0.185,8.96E-05,0.139,0.123,125.099,249600,4,720000
3HCcfBsa4TdiC0so0fPnRi,Baja Pa' Acá,Rauw Alejandro,0,0.788,0.784,8,-2.653,1,0.075,0.395,0,0.219,0.503,93.009,200000,4,680000
0Fpw7AgVXI9Nql2vLbJAhP,Revolú,Rauw Alejandro,0,0.728,0.688,9,-3.552,1,0.104,0.0615,2.72E-06,0.104,0.442,196.115,215512,4,670000
7xdRj1wA4XzYnXynPmtmnq,Committed,Rauw Alejandro,0,0.749,0.639,8,-5.406,1,0.108,0.129,0,0.12,0.483,121.982,159344,4,650000
2eQFYGegTZaObk2kuBz83Z,Tú Con Él,Rauw Alejandro,0,0.736,0.888,7,-4.518,1,0.0408,0.243,0.000205,0.239,0.788,93.05,289132,4,690000
63jUTfcbudnrqoPCC5Qp4i,SEXXXMACHINE,Rauw Alejandro,0,0.849,0.826,2,-3.508,1,0.0737,0.0703,0,0.0491,0.649,114.982,236353,4,730000
2J0TjDpiUlwgFRvVxtaLud,Mil Mujeres,Rauw Alejandro,0,0.658,0.852,7,-5.482,1,0.0596,0.0532,8.34E-05,0.137,0.52,147.895,168923,4,640000
0dDr2LgiACQVkZYJeStWh6,Pasaporte,Rauw Alejandro,0,0.799,0.757,2,-3.603,1,0.0326,0.0323,4.26E-06,0.332,0.653,116.97,263451,4,670000
5tZgkV8FTe3rtl8OcSeQAb,Déjame Entrar,Rauw Alejandro,0,0.675,0.697,0,-5.795,1,0.0483,0.343,2.89E-05,0.0996,0.262,102.006,254706,4,710000
5UxEKpzvvLnjoC10XoogN3,Cosa Nuestra,Rauw Alejandro,0,0.688,0.679,6,-4.477,1,0.0694,0.342,2.01E-06,0.601,0.739,172.035,260455,4,750000
53VE8ewS5xC7zWqmC6JrR2,Committed,Rauw Alejandro,0,0.749,0.639,8,-5.406,1,0.108,0.129,0,0.12,0.483,121.982,159344,4,690000
57ZbyAga41GuUkzjbMNDXW,Se Fue,Rauw Alejandro,0,0.768,0.608,8,-3.578,1,0.0392,0.354,0,0.109,0.102,119.861,241087,4,670000
4lqJsJd7kqWVvamQ4aFHA8,Revolú,Rauw Alejandro,0,0.728,0.688,9,-3.552,1,0.104,0.0615,2.72E-06,0.104,0.442,196.115,215512,4,640000
3PJgmyLaybZtALX4mrgbiD,Espresso Martini,Rauw Alejandro,0,0.864,0.568,8,-5.579,1,0.122,0.537,2.30E-05,0.12,0.192,123.036,191219,4,680000
1uFW6czrHk5PsK3s6gOI7C,Se Fue,Rauw Alejandro,0,0.689,0.743,8,-2.817,1,0.0328,0.0694,0,0.0966,0.138,119.957,240179,4,650000
1d3IPwNxCR8XrorxhP8BZ0,Espresso Martini,Rauw Alejandro,0,0.864,0.568,8,-5.579,1,0.122,0.537,2.30E-05,0.12,0.192,123.036,191219,4,700000
4jjFjbqCTkaN1mGb0BMYl2,Amar De Nuevo,Rauw Alejandro,0,0.708,0.451,11,-6.826,1,0.0329,0.313,0,0.207,0.326,95.033,268042,4,640000
5mx5lXpouQi2BnlGTHFvQZ,My Baby (feat. STAR BANDZ),Sugarhill Ddot,67,0.807,0.444,3,-5.044,0,0.0683,0.00786,0,0.132,0.209,90.97,178921,4,680000
3Vp4B9KshEPy72bwY0NJks,Tell Ur Girlfriend,Lay Bankz,70,0.867,0.743,7,-4.682,1,0.251,0.0943,0,0.0491,0.605,135.06,124444,4,710000
07Qh8kdRZoYGPJOevvbr0a,Modo Capone (with Drake & Fuerza Regida),Chino Pacas,70,0.708,0.706,5,-5.871,0,0.0382,0.27,0.000116,0.111,0.672,132.027,212167,3,760000
19CCQeIOxxUDcpFw539zd7,All My Life,Falling In Reverse,67,0.591,0.92,5,-4.131,0,0.0769,0.000933,0,0.129,0.415,92.015,190231,4,660000
1MGm3zOE0Ql0WWcU5ZvjOx,La Diabla,Xavi,71,0.751,0.819,11,-4.372,0,0.0409,0.255,0,0.236,0.697,131.842,172264,3,690000
1ymWIr4E5x6xORlDO0bXlP,Tobey (feat. Big Sean and BabyTron),Eminem,69,0.667,0.66,10,-9.054,0,0.148,0.263,0,0.145,0.216,139.117,284904,4,680000
6RIguoA2YSb8IgMgjLaYQE,life force,ptasinski,73,0.511,0.645,11,-7.729,1,0.0362,0.0112,0.941,0.308,0.478,124.896,109440,3,750000
7bn5nXdatftk0CHSrd7NHQ,how could u love somebody like me?,Artemas,72,0.489,0.86,6,-4.229,0,0.238,0.0787,0,0.17,0.31,146.348,126448,4,670000
1Wi1XpdZzGVIdRTzlTrIEF,Soup,Remi Wolf,65,0.65,0.686,6,-4.611,1,0.0569,0.0103,0.000599,0.0619,0.559,119.937,213117,4,640000
3cHudlaM9wXHnk83WLlzBA,Third Time's the Charm,Megan Moroney,64,0.44,0.711,0,-5.472,1,0.057,0.0779,9.35E-06,0.108,0.445,151.703,231819,4,670000
0OxKf18dUo2G5dFOQYCvBN,Qué Pasaría...,Rauw Alejandro,0,0.794,0.78,11,-3.745,0,0.127,0.444,0.000276,0.105,0.329,105.025,191019,4,660000
0Rerqpf0rXnz6ndP7ytQ6O,Khé?,Rauw Alejandro,0,0.687,0.627,7,-4.975,1,0.181,0.326,0,0.0893,0.47,155.865,206066,4,650000
26RFoBzKs36gTlbJCmtsFa,Never Stop,ian,64,0.612,0.775,9,-5.44,1,0.302,0.0693,0,0.325,0.315,77.026,127872,4,670000
6GvYbJ7A0iAnGYFReRMxSa,Now or Never (feat. Lauren Alaina),Corey Kent,64,0.478,0.768,7,-4.784,1,0.0342,0.102,0,0.101,0.465,110.046,174947,4,650000
0l3raueiJ78IsmZGwo6CRm,BROTHER STONE (FEAT. KODAK BLACK),Don Toliver,67,0.829,0.519,1,-6.822,1,0.339,0.0741,0,0.0969,0.526,157.039,202840,4,700000
3X1LErJuyzAEjH6X11ooMS,it boy,bbno$,71,0.746,0.915,9,-5.925,1,0.053,0.00182,0.000739,0.309,0.849,129.967,146432,4,600000
7cFwopK7QTOgaEwF9JgipA,Second Nature,Clairo,67,0.762,0.379,2,-8.847,1,0.0338,0.446,0.093,0.189,0.561,78.505,227410,4,650000
6jfp0rIQSdBoijRTR7TC9l,TRAQUETO,iZaak,74,0.78,0.599,8,-4.468,0,0.0993,0.135,0,0.119,0.394,99.955,202200,4,740000
6iXgIXqpqn13pbw0ZUhf0E,Purple Gas,Zach Bryan,65,0.52,0.308,0,-8.924,1,0.0434,0.856,0,0.0945,0.493,143.928,180153,4,730000
3ejfcz0QPyV717Vd3ta04V,My Way,Calvin Harris,75,0.818,0.913,4,-3.06,0,0.0426,0.093,3.69E-05,0.161,0.536,119.986,219160,4,680000
2eZbaxXxKdzY8u3ZMZVFiP,Misery in Waking Hours,$uicideboy$,65,0.835,0.723,2,-6.151,1,0.186,0.0242,0.000346,0.278,0.383,139.995,219535,4,660000
2YHUlS8D0qH6GUUMNBHFgT,Forever (feat. Malou & Yuna),HUGEL,68,0.542,0.946,9,-6.046,0,0.0425,0.0312,0.641,0.107,0.23,120.037,140500,4,640000
7JGcHNSQ8OlZehFbYywKIr,R0T,TWXN,67,0.691,0.604,1,-8.801,1,0.185,0.00187,2.45E-05,0.229,0.414,134.418,85584,4,670000
2VtXANhW6YpAzsMDQCFkAv,Your face,Wisp,67,0.512,0.77,4,-5.932,1,0.0284,0.00499,0.888,0.174,0.178,134.053,229728,4,670000
0lOQaZwX9AkAiSvObh4G70,All to Myself,Future,69,0.734,0.539,4,-7.244,0,0.0429,0.0623,1.54E-05,0.309,0.18,117.98,254320,4,690000
1xvuA42QBl5ssBHvCwHXwK,Herida Abierta,Ivan Cornejo,67,0.75,0.654,7,-6.13,1,0.0326,0.615,0,0.33,0.639,121.061,216568,3,580000
0ZS96pPRLyGUViVi5PWCAR,APAGA EL CEL,FloyyMenor,75,0.696,0.496,9,-7.532,0,0.0365,0.273,0.000397,0.0626,0.476,100.025,184806,4,730000
30877ufZfLUNYXR9mXo9bi,Good Times (Bonus Track),Koe Wetzel,64,0.6,0.906,9,-4.456,1,0.0314,0.0024,0,0.436,0.81,116.011,211278,4,690000
6BpZpCM8d8FJnVnr1IbnFL,GATITAS SANDUNGUERAS - VOL.1,Alvaro Diaz,74,0.769,0.842,1,-3.164,1,0.0446,0.169,3.23E-05,0.266,0.417,97.04,131853,4,690000
15rngwkbt1wMsu1P7Axggh,Blessed - Lost Tapes 2019,Tory Lanez,58,0.946,0.365,5,-11.374,0,0.179,0.0111,0,0.103,0.472,107.002,139065,4,680000
2TmS5wJTfWrpFgakSSTdCi,HOT ONE (with TiaCorine & A$AP Ferg),Denzel Curry,66,0.788,0.715,5,-5.211,1,0.119,0.698,0,0.152,0.819,81.523,165271,4,650000
4rTPLtqJxa4UtCBkdMwSp6,Whatever,Kygo,75,0.58,0.77,0,-5.724,0,0.0579,0.117,0,0.334,0.624,108,178273,4,560000
0DM63CJEklNPKu6kHGyuEl,Yours,Post Malone,68,0.514,0.672,5,-5.209,1,0.0321,0.0873,0,0.28,0.331,148.045,199439,4,790000
12KKiT4zlAF4nbh4YTuJMB,GPI,Clave Especial,68,0.679,0.85,4,-5.224,0,0.0317,0.21,0,0.102,0.76,133.12,123262,3,760000
1f18HzFpegqvH4ibGJyeMJ,2 hands,Tate McRae,0,0.608,0.806,1,-3.443,1,0.0486,0.121,0,0.191,0.587,104.032,181821,4,670000
1kHgm8rJc3VznmDBTG79Iy,It's ok I'm ok,Tate McRae,0,0.753,0.514,1,-7.709,0,0.0474,0.0259,3.73E-05,0.0807,0.367,114.998,156522,4,550000
7srqyRb5plksW5k65itXDB,"Girl, so confusing featuring lorde",Charli xcx,69,0.707,0.8,11,-5.567,0,0.0544,0.128,2.59E-05,0.3,0.354,124.991,205938,4,680000
2zNRgMzYj5VlfxNDZK7RGO,Know You Like That,Jordan Davis,65,0.605,0.649,3,-8.237,1,0.0296,0.54,2.50E-05,0.139,0.291,95.016,176451,4,670000
00vR63trn1CzygcjgAFaiM,WHISKEY WHISKEY (feat. Morgan Wallen),Moneybagg Yo,63,0.736,0.715,5,-3.819,0,0.0701,0.0269,0,0.158,0.708,152.017,161053,4,730000
2eqpaZGKGBdhcKzRKyKnyC,Tough Love,Gracie Abrams,68,0.548,0.711,0,-4.393,1,0.0679,0.336,0,0.096,0.673,90.03,169147,4,730000
4myFsmx2v6znDOJfn3IkbD,Popular Monster,Falling In Reverse,69,0.461,0.898,3,-3.982,0,0.0931,0.0083,0,0.0963,0.353,165.079,220537,4,640000
3AXw3pd7KHGSogprPSxrMh,Tengo Un Plan - Remix,Key-Key,76,0.597,0.832,8,-4.086,1,0.118,0.216,1.15E-06,0.102,0.621,127.553,215449,5,690000
14P3Ep4KDanxUFzFLsmX5K,BRAZZIER,Future,67,0.819,0.588,11,-6.558,1,0.253,0.022,0,0.225,0.31,140.073,188566,4,670000
1DTRUYVd8rYpla9hhVVwjo,The Manuscript,Taylor Swift,68,0.509,0.256,0,-11.665,1,0.0306,0.901,2.43E-06,0.103,0.436,94.184,224744,4,680000
1nOEnc4w1DeeIFJBw5F2ID,Vegas - A COLORS SHOW,Shaboozey,68,0.614,0.487,7,-8.486,0,0.0289,0.341,0.0391,0.104,0.215,141.947,181690,4,690000
6XpEm7VJ7TZxZTawH8BCSW,Jump,Tyla,73,0.79,0.716,10,-3.446,0,0.0929,0.0297,1.87E-05,0.213,0.627,100.104,147071,4,680000
0UXC93QrbB1by2v4Fa6ILS,PHAT,DaBaby,64,0.868,0.647,1,-8.064,1,0.342,0.0454,0,0.194,0.342,144.964,129107,4,700000
7cwaJRJ77yHcRizUtNGIUv,Don’t HMU,Anella Herim,64,0.802,0.611,6,-6.386,1,0.0405,0.022,0,0.109,0.659,124.946,98277,4,640000
0GTzR6GgyRIF9nIyMDV0ke,The Underworld,Jorge Rivera-Herrans,67,0.368,0.74,1,-5.012,0,0.0697,0.625,0,0.12,0.252,76.728,256800,4,630000
6l6XVeeoTe3ggya4fLY8l8,A Tear in Space (Airlock),Glass Animals,67,0.706,0.591,9,-7.383,0,0.0438,0.309,2.72E-05,0.0722,0.498,92.984,203989,4,640000
2kbVIAXEqZybRPxLUvqx0q,Cielo Eterno - Spotify Singles,DannyLux,73,0.683,0.681,8,-7.979,1,0.0398,0.431,2.25E-05,0.376,0.449,108.044,244245,3,670000
6Ck9THD8AaqwNW5RYQd0RY,PSYCHO,HARDY,64,0.631,0.897,4,-1.672,1,0.0497,0.0491,7.32E-06,0.661,0.418,123.023,198748,4,760000
63ABAnFKJCp28TAyqf2cGL,ROCKMAN,Mk.gee,67,0.781,0.501,3,-9.767,1,0.0333,0.66,3.78E-06,0.0908,0.961,134.014,177818,4,700000
4SPycPiDl1PeFmwp7QPXRc,GOD IS GOOD,Forrest Frank,65,0.456,0.653,11,-8.176,0,0.134,0.00829,0.000155,0.349,0.322,84.9,207529,4,680000
2rAClrs2LgdQiO1w7sczaS,Occasion,A´leroi,68,0.142,0.00194,0,-40.712,1,0.0519,0.992,0.765,0.118,0.027,139.611,174565,4,800000
1ZrzdArzDJj71mCOFa2qmV,U Kno What To Do (UKWTD),Sexyy Red,64,0.716,0.674,0,-5.775,1,0.137,0.00405,0,0.132,0.662,151.979,158067,4,660000
3iTgmx8cfxGLpPoCquEbNK,Idiota Ainda Te Amo,Litto Lins,71,0.595,0.903,10,-2.167,1,0.0815,0.343,0,0.322,0.685,76.981,173141,4,730000
1tpidJ4FBn9TwshePh1bc3,Wolf In Sheep's Clothing [REBORN],Set It Off,68,0.22,0.91,11,-3.979,0,0.233,6.15E-05,0,0.039,0.462,82.451,201939,4,650000
1qbql17v0Hazo94o5RUyWQ,KINTSUGI,HUMBE,80,0.373,0.464,4,-8.606,0,0.256,0.86,0.0135,0.127,0.301,79.503,237908,3,630000
3RauwC9sLKjxVN7uNw0vAH,Enculado,Fuerza Regida,70,0.742,0.599,6,-5.939,0,0.0369,0.0747,8.39E-06,0.168,0.823,125.13,147878,3,680000
2A7bKx16cVAOkLla98qzMx,Pienso En Ella,Grupo Frontera,73,0.463,0.869,9,-3.644,0,0.0439,0.218,0,0.104,0.607,151.976,159552,4,660000
7lcbpfihslisNObKdHjyLo,IA,Clarent,79,0.706,0.631,0,-5.812,0,0.0366,0.656,0,0.227,0.289,111.93,171429,4,750000
2PgjJ90q1zETqCX68dxgyd,Sweet Dreams,Koe Wetzel,63,0.71,0.57,2,-4.99,0,0.0295,0.251,0.000306,0.117,0.486,75.036,173269,4,650000
5FlA0RkPmd84okaFAk6MEN,Steady State,Matheo Lyon,69,0.14,0.00023,0,-42.293,1,0.0565,0.946,0.973,0.119,0.0322,138.498,171792,4,690000
3fAB50Ai1HwM0ibAAL0iyr,Bad Boys,Marshmello,58,0.721,0.969,9,-2.656,1,0.0505,0.0043,0.153,0.309,0.277,150.01,133025,4,640000
5jKvk01w395dOqkdzQi17z,Story of X,BigXthaPlug,64,0.791,0.52,10,-11.718,0,0.435,0.224,0,0.493,0.604,131.376,139268,4,670000
44hqFxUWsADWewEJELnncj,No Doubt,ENHYPEN,73,0.837,0.456,8,-7.07,0,0.0791,0.11,0,0.0553,0.521,130.03,167220,4,670000
0PI8WpeKqf32pC0X1jmNYc,i need you more,Josiah Queen,65,0.565,0.426,9,-6.271,1,0.0365,0.612,0,0.121,0.36,133.829,191921,4,640000
0QW0KPBXXv67haGjbtkRRB,Image,Magdalena Bay,67,0.611,0.863,5,-6.369,0,0.0421,0.000291,0.17,0.15,0.851,128.015,212867,3,690000
0UP0Mahe68ecSjuVrAYR97,Vueltas,Hermanos Espinoza,65,0.753,0.78,5,-5.181,0,0.0416,0.53,0.000236,0.0915,0.54,102.149,159581,4,630000
6BI9wJvfhw0DPIwhttf9Wp,B.B.O - Lost Tapes 2022,Tory Lanez,55,0.946,0.365,5,-11.374,0,0.179,0.0111,0,0.103,0.472,107.002,139065,4,660000
5wzPDiNVgJ5Rvhjne9Uj3F,act ii: date @ 8,4batz,67,0.741,0.451,0,-13.117,1,0.101,0.51,2.01E-05,0.403,0.558,136.48,113685,4,640000
4Kd9tBUgpXv26OfR6ugBv1,Finer Things (Feat. Hank Williams Jr.),Post Malone,66,0.629,0.937,5,-3.477,0,0.0378,0.00519,0,0.389,0.649,123.968,185534,4,730000
3mLDq0hbHkafZoy4GvF7EG,KRYPTONITE,Don Toliver,67,0.474,0.711,10,-3.546,0,0.0522,0.0308,1.13E-05,0.278,0.331,134.046,182320,4,640000
2XbHeIK0ZEpY30kFY15r38,Ando Enfocado,Jaziel Avilez,70,0.662,0.664,7,-7.112,0,0.132,0.122,0,0.0713,0.366,174.992,184427,3,690000
2qmmnbJ9JR3f7vofbyje5r,Slow Dance,Clairo,67,0.727,0.534,2,-8.444,1,0.0297,0.72,0.0186,0.0977,0.598,84.007,234854,4,680000
5REMa10O4aA2mLtYyflWxs,Stars Will Align,Kygo,75,0.601,0.75,1,-6.33,1,0.0305,0.451,9.45E-05,0.0559,0.146,111.984,234366,4,720000
7Kzy7StKclwXPJWFIJ7l1X,In The Living Room,Maggie Rogers,64,0.452,0.786,7,-4.153,1,0.0319,0.0133,0,0.112,0.368,94.072,263760,4,650000
6LCIDTgSgQtpzXTW5FpW12,Islands (kompa pasión),фрози,73,0.521,0.863,11,-7.245,0,0.0466,0.00325,0,0.593,0.445,97.065,126495,4,690000
7chTH3GBjjAyagf0SPCZDL,SI SABE FERXXO,Blessd,75,0.726,0.831,8,-2.035,0,0.12,0.0139,3.71E-06,0.0891,0.489,95.997,152500,4,720000
70E8PmfBWR18u3NJfw63Qh,I Know You,Megan Moroney,63,0.502,0.45,8,-6.193,0,0.0245,0.722,0,0.184,0.573,94.097,160675,4,700000
