track_name,artist_name,popularity,danceability,energy,key,loudness,acousticness,liveness,duration_ms,streaming_count,duration_minutes,Week_1,Week_2,Week_3,Week_4,Week_5,Week_6,Week_7,Week_8,Week_9,Week_10,Week_11,Week_12,Week_13,Week_14,Week_15,Week_16,Weekly Mean
Die With A Smile,Lady Gaga,100,-0.8706589696519874,-0.2895722872624568,6,-0.3200679464943088,0.2220974821792349,-0.4424518747390006,251668,1000000,4.194466666666667,88565.71768134144,84246.31666051513,80137.57531328672,76229.21964614035,72511.47673413662,68975.05028350968,65611.09738609073,62411.20640743138,59367.37595333623,56471.994862209554,53717.823173186865,51097.97402246166,48605.89642253864,46235.358881352746,43980.43382029315,41835.48275216919,62500.000000000015
BIRDS OF A FEATHER,Billie Eilish,97,0.6349884874771541,-0.7745626016250429,2,-0.958525070422482,-0.2040390769582321,-0.48075226222809,210373,970000,3.5062166666666665,85908.7461509012,81718.92716069968,77733.44805388812,73942.34305675614,70336.13243211251,66905.7987750044,63642.764464508,60538.870215208444,57586.35467473614,54777.83501634326,52106.28847799126,49565.03480178781,47147.71952986248,44848.29811491216,42661.02080568435,40580.41826960411,60625.00000000001
"Good Luck, Babe!",Chappell Roan,94,0.3218671136494119,-0.3466299713051141,11,0.1645087428028888,-0.7951062673174227,-0.7021285019150276,218424,940000,3.6404,83251.77462046096,79191.53766088422,75329.32079448951,71655.46646737192,68160.78813008842,64836.5472664991,61674.43154292528,58666.5340229855,55805.333396136055,53083.67517047698,50494.753782795655,48032.095581113965,45689.54263718632,43461.23734847158,41341.607791075556,39325.353787039036,58750.00000000001
Taste,Sabrina Carpenter,94,0.1486510345106617,1.5077447600812452,3,0.6642867921936142,-0.5946642561675771,0.8980616873791333,157280,940000,2.6213333333333333,83251.77462046096,79191.53766088422,75329.32079448951,71655.46646737192,68160.78813008842,64836.5472664991,61674.43154292528,58666.5340229855,55805.333396136055,53083.67517047698,50494.753782795655,48032.095581113965,45689.54263718632,43461.23734847158,41341.607791075556,39325.353787039036,58750.00000000001
Sailor Song,Gigi Perez,93,-1.0505372056806903,-1.3109048316260208,11,-1.0281312982191628,1.69779260363676,0.1014136276060709,211979,900000,3.532983333333333,79709.14591320729,75821.68499446362,72123.81778195805,68606.29768152631,65260.32906072296,62077.545255158715,59049.98764748165,56170.085766688244,53430.63835800261,50824.79537598859,48346.04085586818,45988.1766202155,43745.30678028477,41611.82299321747,39582.39043826383,37651.93447695227,56250.0
St. Chroma (feat. Daniel Caesar),"Tyler, The Creator",90,-0.5042403407046303,1.3765120867831335,0,0.4050635990197695,0.415437217343456,1.441927189724205,197020,920000,3.2836666666666665,81480.46026683412,77506.61132767392,73726.56928822378,70130.88207444912,66710.55859540569,63457.04626082891,60362.209595203465,57418.30989483687,54617.98587706933,51954.235273232785,49420.39731933192,47010.13610066473,44717.42470873555,42536.530170844526,40461.99911466969,38488.64413199565,57500.0
That’s So True,Gracie Abrams,92,-0.6508077922835728,0.9428736880589392,1,0.6421514783732141,-0.1487991526255976,-0.1590290073197379,166300,930000,2.7716666666666665,82366.11744364754,78349.07449427908,74527.94504135665,70893.17427091053,67435.67336274705,64146.79676366401,61018.32056906437,58042.42195891119,55211.65963660269,52518.955221854885,49957.57555106378,47521.115840889346,45203.48367296093,42998.883759658056,40901.80345287263,38906.99895951735,58125.000000000015
"Sticky (feat. GloRilla, Sexyy Red & Lil Wayne)","Tyler, The Creator",87,-0.9772534798912188,0.965696761676002,1,0.6909558449892773,0.1313461779184779,2.0240930795583663,255916,980000,4.265266666666666,86794.40332771461,82561.39032730483,78534.82380702098,74704.63525321754,71061.24719945388,67595.54927783948,64298.87543836891,61162.982279282754,58180.0284342695,55342.55496496536,52643.46670972313,50076.01454201243,47633.77849408786,45310.65170372569,43100.82514388728,40998.773097125806,61250.0
APT.,ROSÉ,98,0.8348531941757128,0.800229477952296,0,0.5600107957625717,-0.8815172918091869,1.342346182252572,169917,870000,2.83195,77052.17438276706,73294.29549464816,69719.69052255944,66319.4210921421,63084.984758698854,60008.29374665343,57081.65472589893,54297.749574465306,51649.61707940252,49130.63553012231,46734.50616067257,44455.23739954165,42287.129887608615,40224.76222677689,38262.97742365504,36396.86999438719,54375.0
Timeless (with Playboi Carti),The Weeknd,92,0.7815559390560972,0.4521776052920868,11,0.2911867435822882,-0.7627514544940225,-0.5267127272149975,256000,920000,4.266666666666667,81480.46026683412,77506.61132767392,73726.56928822378,70130.88207444912,66710.55859540569,63457.04626082891,60362.209595203465,57418.30989483687,54617.98587706933,51954.235273232785,49420.39731933192,47010.13610066473,44717.42470873555,42536.530170844526,40461.99911466969,38488.64413199565,57500.0
Bed Chem,Sabrina Carpenter,90,0.5816912323575384,0.4807064473134154,11,0.1623752185792357,-0.7256617910135392,-0.580333269699723,171870,920000,2.8645,81480.46026683412,77506.61132767392,73726.56928822378,70130.88207444912,66710.55859540569,63457.04626082891,60362.209595203465,57418.30989483687,54617.98587706933,51954.235273232785,49420.39731933192,47010.13610066473,44717.42470873555,42536.530170844526,40461.99911466969,38488.64413199565,57500.0
"Darling, I (feat. Teezo Touchdown)","Tyler, The Creator",87,-1.8566581893648768,0.9999313721015958,3,0.9032415052427551,0.4272743439861635,1.947492304580187,253834,870000,4.230566666666666,77052.17438276706,73294.29549464816,69719.69052255944,66319.4210921421,63084.984758698854,60008.29374665343,57081.65472589893,54297.749574465306,51649.61707940252,49130.63553012231,46734.50616067257,44455.23739954165,42287.129887608615,40224.76222677689,38262.97742365504,36396.86999438719,54375.0
WILDFLOWER,Billie Eilish,92,-1.2304154417093929,-2.2580623867341303,6,-1.4468354271110728,1.4215929819735869,-0.0747681548437408,261467,900000,4.357783333333333,79709.14591320729,75821.68499446362,72123.81778195805,68606.29768152631,65260.32906072296,62077.545255158715,59049.98764748165,56170.085766688244,53430.63835800261,50824.79537598859,48346.04085586818,45988.1766202155,43745.30678028477,41611.82299321747,39582.39043826383,37651.93447695227,56250.0
Rah Tah Tah,"Tyler, The Creator",87,0.0620429949412862,1.3422774763575394,1,0.6608198153301781,-0.9817777544729188,1.5415081971958378,165413,870000,2.756883333333333,77052.17438276706,73294.29549464816,69719.69052255944,66319.4210921421,63084.984758698854,60008.29374665343,57081.65472589893,54297.749574465306,51649.61707940252,49130.63553012231,46734.50616067257,44455.23739954165,42287.129887608615,40224.76222677689,38262.97742365504,36396.86999438719,54375.0
Who,Jimin,92,0.0553808380513342,0.6461737310371215,0,0.7557616432827386,-0.9817777544729188,0.1014136276060709,170888,860000,2.848133333333333,76166.51720595364,72451.832328043,68918.31476942658,65557.1288956807,62359.86999135749,59318.54324381833,56425.54375203802,53673.63751039099,51055.943319869155,48565.915581500216,46197.32792894071,43944.25765931703,41801.07092338323,39762.40863796336,37823.17308545211,35978.5151668655,53750.00000000001
Love Somebody,Morgan Wallen,86,-0.217767594436696,1.1425755822082388,5,0.3277233459123467,-0.9557755329477716,-0.1207286198306483,204829,900000,3.4138166666666665,79709.14591320729,75821.68499446362,72123.81778195805,68606.29768152631,65260.32906072296,62077.545255158715,59049.98764748165,56170.085766688244,53430.63835800261,50824.79537598859,48346.04085586818,45988.1766202155,43745.30678028477,41611.82299321747,39582.39043826383,37651.93447695227,56250.0
"I Love You, I'm Sorry",Gracie Abrams,90,-0.8106995576424197,-1.3508452104558804,10,-0.2480615039460185,1.5952041727332955,-0.3581910222630035,157147,920000,2.6191166666666668,81480.46026683412,77506.61132767392,73726.56928822378,70130.88207444912,66710.55859540569,63457.04626082891,60362.209595203465,57418.30989483687,54617.98587706933,51954.235273232785,49420.39731933192,47010.13610066473,44717.42470873555,42536.530170844526,40461.99911466969,38488.64413199565,57500.0
Not Like Us,Kendrick Lamar,88,1.6409741778598992,-0.9742644957743432,1,-0.1131160967999636,-0.9509617681130704,-0.2969104022804604,274192,880000,4.569866666666667,77937.83155958047,74136.75866125332,70521.06627569231,67081.71328860351,63810.09952604023,60698.04424948852,57737.76569975984,54921.861638539616,52243.290838935885,49695.35547874441,47271.684392404444,44966.21713976626,42773.188851834006,40687.11581559041,38702.781761857965,36815.22482190889,54999.999999999985
Like Him (feat. Lola Young),"Tyler, The Creator",86,-1.7300772084557896,-0.5006857182202881,4,-0.0347090815807141,0.1392375956802828,-0.3811712547564572,278015,860000,4.633583333333333,76166.51720595364,72451.832328043,68918.31476942658,65557.1288956807,62359.86999135749,59318.54324381833,56425.54375203802,53673.63751039099,51055.943319869155,48565.915581500216,46197.32792894071,43944.25765931703,41801.07092338323,39762.40863796336,37823.17308545211,35978.5151668655,53750.00000000001
MILLION DOLLAR BABY,Tommy Richman,88,1.3345149609221092,0.3095333951854436,1,0.2818525751038063,-0.6092633790269163,-0.8576280751207312,155152,880000,2.5858666666666665,77937.83155958047,74136.75866125332,70521.06627569231,67081.71328860351,63810.09952604023,60698.04424948852,57737.76569975984,54921.861638539616,52243.290838935885,49695.35547874441,47271.684392404444,44966.21713976626,42773.188851834006,40687.11581559041,38702.781761857965,36815.22482190889,54999.999999999985
Thought I Was Dead (feat. ScHoolboy Q & Santigold),"Tyler, The Creator",85,0.7882180959460491,1.2338678766764906,10,0.8520369238750821,0.4351657617479684,3.778250826558667,207273,850000,3.45455,75280.86002914023,71609.36916143786,68116.9390162937,64794.8366992193,61634.755224016124,58628.792740983234,55769.43277817711,53049.52544631668,50462.26956033579,48001.195632878116,45660.149697208835,43433.27791909241,41315.01195915784,39300.055049149836,37383.36874724917,35560.16033934381,53125.00000000001
Pink Skies,Zach Bryan,85,-0.8440103420921796,-0.8829722013060917,0,-0.0885805682279535,-0.2395504568863544,-0.3428708672673677,194920,850000,3.248666666666667,75280.86002914023,71609.36916143786,68116.9390162937,64794.8366992193,61634.755224016124,58628.792740983234,55769.43277817711,53049.52544631668,50462.26956033579,48001.195632878116,45660.149697208835,43433.27791909241,41315.01195915784,39300.055049149836,37383.36874724917,35560.16033934381,53125.00000000001
Juno,Sabrina Carpenter,87,-0.1244973979773686,0.469294910504884,5,0.6186827119130306,-0.8112836737291229,0.1933345575798857,223192,870000,3.719866666666667,77052.17438276706,73294.29549464816,69719.69052255944,66319.4210921421,63084.984758698854,60008.29374665343,57081.65472589893,54297.749574465306,51649.61707940252,49130.63553012231,46734.50616067257,44455.23739954165,42287.129887608615,40224.76222677689,38262.97742365504,36396.86999438719,54375.0
Noid,"Tyler, The Creator",85,-1.810023091135213,0.8059352463565618,1,0.1527743595727971,1.0704248915732668,2.407096954449261,284364,930000,4.7394,82366.11744364754,78349.07449427908,74527.94504135665,70893.17427091053,67435.67336274705,64146.79676366401,61018.32056906437,58042.42195891119,55211.65963660269,52518.955221854885,49957.57555106378,47521.115840889346,45203.48367296093,42998.883759658056,40901.80345287263,38906.99895951735,58125.000000000015
Tu Boda,Oscar Maydon,93,0.2818941723097001,0.0470680485892209,6,-0.1043153093773947,0.9638907517889,-0.774133230394516,225881,850000,3.764683333333333,75280.86002914023,71609.36916143786,68116.9390162937,64794.8366992193,61634.755224016124,58628.792740983234,55769.43277817711,53049.52544631668,50462.26956033579,48001.195632878116,45660.149697208835,43433.27791909241,41315.01195915784,39300.055049149836,37383.36874724917,35560.16033934381,53125.00000000001
Good Graces,Sabrina Carpenter,86,0.7082722132666256,0.6632910362499186,5,0.3365241333349153,0.3049573686781869,-0.2739301697870067,185265,860000,3.08775,76166.51720595364,72451.832328043,68918.31476942658,65557.1288956807,62359.86999135749,59318.54324381833,56425.54375203802,53673.63751039099,51055.943319869155,48565.915581500216,46197.32792894071,43944.25765931703,41801.07092338323,39762.40863796336,37823.17308545211,35978.5151668655,53750.00000000001
I Had Some Help (Feat. Morgan Wallen),Post Malone,84,-0.051213672187897,1.3194544027404764,0,0.4944049258852407,-0.9485943427845288,0.3618562625318798,178206,830000,2.9701,73509.5456755134,69924.44282822756,66514.18751002797,63270.25230629649,60184.52568933339,57249.29173531304,54457.2108304553,51801.30131816805,49274.92204126907,46871.75573563393,44585.7932337451,42411.31843864318,40342.89403070707,38375.347871522776,36503.76007084331,34723.45068430043,51874.99999999999
NEL,Fuerza Regida,89,0.2552455447498923,-0.917206811731686,7,0.0644997948191523,1.0704248915732668,-0.8193276876316417,149074,880000,2.484566666666667,77937.83155958047,74136.75866125332,70521.06627569231,67081.71328860351,63810.09952604023,60698.04424948852,57737.76569975984,54921.861638539616,52243.290838935885,49695.35547874441,47271.684392404444,44966.21713976626,42773.188851834006,40687.11581559041,38702.781761857965,36815.22482190889,54999.999999999985
No One Noticed,The Marías,83,0.3551778980991717,-1.7331316935416836,7,-1.0761355932513563,1.1848504491194385,-0.4577720297346364,236907,840000,3.94845,74395.20285232681,70766.9059948327,67315.56326316085,64032.5445027579,60909.64045667476,57939.04223814813,55113.321804316205,52425.41338224236,49868.59580080243,47436.475684256024,45122.97146547697,42922.29817886779,40828.95299493246,38837.701460336306,36943.564409046245,35141.80551182212,52500.00000000001
Slow It Down,Benson Boone,87,-1.4635909328577117,-0.3409242029008483,8,0.5053392375314625,-0.3066275078616965,-0.6622960989263745,161831,890000,2.6971833333333333,78823.48873639389,74979.22182785846,71322.44202882519,67844.00548506492,64535.21429338159,61387.79475232362,58393.87667362074,55545.973702613934,52836.96459846925,50260.0754273665,47808.86262413631,45477.19687999088,43259.24781605939,41149.46940440394,39142.5861000609,37233.579649430576,55624.99999999999
Espresso,Sabrina Carpenter,88,0.31520495675946,0.7602890991224359,0,0.3453249207574842,-0.4762929897405029,0.1933345575798857,175459,820000,2.9243166666666665,72623.88849869999,69081.9796616224,65712.81175689511,62507.96010983509,59459.41092199203,56559.54123247794,53801.099856594396,51177.18925409373,48681.24828173571,46307.03578701183,44048.615002013226,41900.33869841856,39856.83506648168,37912.99428270925,36063.95573264038,34305.09585677873,51250.000000000015
Beautiful Things,Benson Boone,89,-1.1971046572596336,-0.9799702641786088,10,0.2359818042952657,-0.3973788121224534,-0.3045704797782781,180304,870000,3.0050666666666666,77052.17438276706,73294.29549464816,69719.69052255944,66319.4210921421,63084.984758698854,60008.29374665343,57081.65472589893,54297.749574465306,51649.61707940252,49130.63553012231,46734.50616067257,44455.23739954165,42287.129887608615,40224.76222677689,38262.97742365504,36396.86999438719,54375.0
28,Zach Bryan,82,-1.0638615194605945,-0.7060933807738541,7,-0.082446686084951,-0.0975049371738654,-0.8461379588740043,233333,830000,3.888883333333333,73509.5456755134,69924.44282822756,66514.18751002797,63270.25230629649,60184.52568933339,57249.29173531304,54457.2108304553,51801.30131816805,49274.92204126907,46871.75573563393,44585.7932337451,42411.31843864318,40342.89403070707,38375.347871522776,36503.76007084331,34723.45068430043,51874.99999999999
Lies Lies Lies,Morgan Wallen,82,-1.103834460800306,0.3380622372067723,1,0.2183802294501281,-0.0501564306030358,-0.6783822616717922,198069,830000,3.30115,73509.5456755134,69924.44282822756,66514.18751002797,63270.25230629649,60184.52568933339,57249.29173531304,54457.2108304553,51801.30131816805,49274.92204126907,46871.75573563393,44585.7932337451,42411.31843864318,40342.89403070707,38375.347871522776,36503.76007084331,34723.45068430043,51874.99999999999
Judge Judy,"Tyler, The Creator",83,-0.1977811237668402,0.1041257326318782,1,0.1789100313125469,0.1786946844893076,-0.1130685423328304,269622,870000,4.4937,77052.17438276706,73294.29549464816,69719.69052255944,66319.4210921421,63084.984758698854,60008.29374665343,57081.65472589893,54297.749574465306,51649.61707940252,49130.63553012231,46734.50616067257,44455.23739954165,42287.129887608615,40224.76222677689,38262.97742365504,36396.86999438719,54375.0
Take Your Mask Off (feat. Daniel Caesar & LaToiya Williams),"Tyler, The Creator",83,-0.9905777936711226,0.087008427419081,6,0.201045345132947,0.8218452320764109,1.5491682746936557,253910,890000,4.231833333333333,78823.48873639389,74979.22182785846,71322.44202882519,67844.00548506492,64535.21429338159,61387.79475232362,58393.87667362074,55545.973702613934,52836.96459846925,50260.0754273665,47808.86262413631,45477.19687999088,43259.24781605939,41149.46940440394,39142.5861000609,37233.579649430576,55624.99999999999
Espresso,Sabrina Carpenter,90,0.3285292705393638,0.6689968046541843,0,0.2930535772779847,-0.5709900028821623,0.0401330076235276,175459,900000,2.9243166666666665,79709.14591320729,75821.68499446362,72123.81778195805,68606.29768152631,65260.32906072296,62077.545255158715,59049.98764748165,56170.085766688244,53430.63835800261,50824.79537598859,48346.04085586818,45988.1766202155,43745.30678028477,41611.82299321747,39582.39043826383,37651.93447695227,56250.0
Austin (Boots Stop Workin'),Dasha,87,0.6949478994867216,0.1668891850788011,0,-0.0443099405871529,0.8376280676000208,-0.5496929597084513,171783,860000,2.86305,76166.51720595364,72451.832328043,68918.31476942658,65557.1288956807,62359.86999135749,59318.54324381833,56425.54375203802,53673.63751039099,51055.943319869155,48565.915581500216,46197.32792894071,43944.25765931703,41801.07092338323,39762.40863796336,37823.17308545211,35978.5151668655,53750.00000000001
A Bar Song (Tipsy),Shaboozey,86,0.4684345652283551,0.3780026160366324,9,0.4338661760390855,-0.7434174809776004,-0.7611110986482256,171292,820000,2.8548666666666667,72623.88849869999,69081.9796616224,65712.81175689511,62507.96010983509,59459.41092199203,56559.54123247794,53801.099856594396,51177.18925409373,48681.24828173571,46307.03578701183,44048.615002013226,41900.33869841856,39856.83506648168,37912.99428270925,36063.95573264038,34305.09585677873,51250.000000000015
Hey Jane,"Tyler, The Creator",83,-1.0438750487907384,0.8059352463565618,10,-0.1200500505268359,1.196687575762146,3.379926796672136,240742,870000,4.012366666666667,77052.17438276706,73294.29549464816,69719.69052255944,66319.4210921421,63084.984758698854,60008.29374665343,57081.65472589893,54297.749574465306,51649.61707940252,49130.63553012231,46734.50616067257,44455.23739954165,42287.129887608615,40224.76222677689,38262.97742365504,36396.86999438719,54375.0
Please Please Please,Sabrina Carpenter,87,0.1553131914006136,-0.3238068976880512,9,0.1309057362803532,0.0208663292532087,-0.580333269699723,186365,830000,3.1060833333333333,73509.5456755134,69924.44282822756,66514.18751002797,63270.25230629649,60184.52568933339,57249.29173531304,54457.2108304553,51801.30131816805,49274.92204126907,46871.75573563393,44585.7932337451,42411.31843864318,40342.89403070707,38375.347871522776,36503.76007084331,34723.45068430043,51874.99999999999
Ain't No Love In Oklahoma (From Twisters: The Album),Luke Combs,82,-1.097172303910354,0.087008427419081,5,-0.9057203458870696,-0.9585769862532122,-0.6109735796909945,210950,820000,3.515833333333333,72623.88849869999,69081.9796616224,65712.81175689511,62507.96010983509,59459.41092199203,56559.54123247794,53801.099856594396,51177.18925409373,48681.24828173571,46307.03578701183,44048.615002013226,41900.33869841856,39856.83506648168,37912.99428270925,36063.95573264038,34305.09585677873,51250.000000000015
Balloon (feat. Doechii),"Tyler, The Creator",82,-1.4302801484079517,1.285219792314882,6,0.945911989715816,1.891132338800981,0.4154768050166053,154261,820000,2.5710166666666665,72623.88849869999,69081.9796616224,65712.81175689511,62507.96010983509,59459.41092199203,56559.54123247794,53801.099856594396,51177.18925409373,48681.24828173571,46307.03578701183,44048.615002013226,41900.33869841856,39856.83506648168,37912.99428270925,36063.95573264038,34305.09585677873,51250.000000000015
A Bar Song (Tipsy),Shaboozey,84,0.4684345652283551,0.3608853108238352,9,0.4586683951390521,-0.7090898137137488,-0.8637561371189855,171292,880000,2.8548666666666667,77937.83155958047,74136.75866125332,70521.06627569231,67081.71328860351,63810.09952604023,60698.04424948852,57737.76569975984,54921.861638539616,52243.290838935885,49695.35547874441,47271.684392404444,44966.21713976626,42773.188851834006,40687.11581559041,38702.781761857965,36815.22482190889,54999.999999999985
I Had Some Help (Feat. Morgan Wallen),Post Malone,84,-0.0911866135276088,1.2110448030594276,7,0.4578683235551822,-0.9633118369102952,0.4997376574926021,178206,840000,2.9701,74395.20285232681,70766.9059948327,67315.56326316085,64032.5445027579,60909.64045667476,57939.04223814813,55113.321804316205,52425.41338224236,49868.59580080243,47436.475684256024,45122.97146547697,42922.29817886779,40828.95299493246,38837.701460336306,36943.564409046245,35141.80551182212,52500.00000000001
CHIHIRO,Billie Eilish,88,0.3218671136494119,-1.242435610774832,7,-1.5879147164001304,-0.4249987742887708,-0.741194897153899,303440,820000,5.057333333333333,72623.88849869999,69081.9796616224,65712.81175689511,62507.96010983509,59459.41092199203,56559.54123247794,53801.099856594396,51177.18925409373,48681.24828173571,46307.03578701183,44048.615002013226,41900.33869841856,39856.83506648168,37912.99428270925,36063.95573264038,34305.09585677873,51250.000000000015
one of wun,Gunna,84,1.7542308449890829,-1.0826740954553915,10,0.5301414566314291,-0.6491150387240312,-0.580333269699723,144000,880000,2.4,77937.83155958047,74136.75866125332,70521.06627569231,67081.71328860351,63810.09952604023,60698.04424948852,57737.76569975984,54921.861638539616,52243.290838935885,49695.35547874441,47271.684392404444,44966.21713976626,42773.188851834006,40687.11581559041,38702.781761857965,36815.22482190889,54999.999999999985
Diet Pepsi,Addison Rae,88,0.1153402500609019,-0.4664511077946937,10,0.0103616176439562,0.9599450429079974,-0.6462099361809569,169698,840000,2.8283,74395.20285232681,70766.9059948327,67315.56326316085,64032.5445027579,60909.64045667476,57939.04223814813,55113.321804316205,52425.41338224236,49868.59580080243,47436.475684256024,45122.97146547697,42922.29817886779,40828.95299493246,38837.701460336306,36943.564409046245,35141.80551182212,52500.00000000001
I Killed You,"Tyler, The Creator",82,0.6483128012570579,1.4449813076343223,2,0.4448004876853075,0.4114915084625535,0.6682593624445963,168421,880000,2.8070166666666667,77937.83155958047,74136.75866125332,70521.06627569231,67081.71328860351,63810.09952604023,60698.04424948852,57737.76569975984,54921.861638539616,52243.290838935885,49695.35547874441,47271.684392404444,44966.21713976626,42773.188851834006,40687.11581559041,38702.781761857965,36815.22482190889,54999.999999999985
Please Please Please,Sabrina Carpenter,88,0.1153402500609019,-0.3238068976880512,9,0.1343727131437894,0.0879433802285508,-0.580333269699723,186365,840000,3.1060833333333333,74395.20285232681,70766.9059948327,67315.56326316085,64032.5445027579,60909.64045667476,57939.04223814813,55113.321804316205,52425.41338224236,49868.59580080243,47436.475684256024,45122.97146547697,42922.29817886779,40828.95299493246,38837.701460336306,36943.564409046245,35141.80551182212,52500.00000000001
LUNCH,Billie Eilish,86,1.6076633934101394,-1.3850798208814747,11,-0.3744728141974614,-0.8148348117219352,-0.8928644316106935,179587,850000,2.993116666666667,75280.86002914023,71609.36916143786,68116.9390162937,64794.8366992193,61634.755224016124,58628.792740983234,55769.43277817711,53049.52544631668,50462.26956033579,48001.195632878116,45660.149697208835,43433.27791909241,41315.01195915784,39300.055049149836,37383.36874724917,35560.16033934381,53125.00000000001
Like That,Future,83,1.0813529991039346,0.189712258695864,11,0.5085395238669421,-0.9652057771731284,-0.4654321072324543,267707,830000,4.461783333333333,73509.5456755134,69924.44282822756,66514.18751002797,63270.25230629649,60184.52568933339,57249.29173531304,54457.2108304553,51801.30131816805,49274.92204126907,46871.75573563393,44585.7932337451,42411.31843864318,40342.89403070707,38375.347871522776,36503.76007084331,34723.45068430043,51874.99999999999
NEW DROP,Don Toliver,85,0.7016100563766736,-0.0841646247088907,4,-0.0368426058043672,-0.2474418746481594,0.3158957975449724,217333,850000,3.622216666666666,75280.86002914023,71609.36916143786,68116.9390162937,64794.8366992193,61634.755224016124,58628.792740983234,55769.43277817711,53049.52544631668,50462.26956033579,48001.195632878116,45660.149697208835,43433.27791909241,41315.01195915784,39300.055049149836,37383.36874724917,35560.16033934381,53125.00000000001
Stargazing,Myles Smith,88,-0.1111730841974647,-0.2382203716240653,1,0.1194380435782183,-0.0225364684367184,-0.5343728047128155,172533,880000,2.87555,77937.83155958047,74136.75866125332,70521.06627569231,67081.71328860351,63810.09952604023,60698.04424948852,57737.76569975984,54921.861638539616,52243.290838935885,49695.35547874441,47271.684392404444,44966.21713976626,42773.188851834006,40687.11581559041,38702.781761857965,36815.22482190889,54999.999999999985
Scared To Start,Michael Marcagi,85,-0.8306860283122757,-0.5235087918373509,7,-1.248417674311339,0.5219713571278229,1.710029902147832,159636,860000,2.6606,76166.51720595364,72451.832328043,68918.31476942658,65557.1288956807,62359.86999135749,59318.54324381833,56425.54375203802,53673.63751039099,51055.943319869155,48565.915581500216,46197.32792894071,43944.25765931703,41801.07092338323,39762.40863796336,37823.17308545211,35978.5151668655,53750.00000000001
DOS DÍAS,Tito Double P,88,0.6216641736972501,-0.7403279911994485,1,-0.677166563428237,2.09630920060791,0.2775954100558828,154620,760000,2.577,67309.9454378195,64027.2006619915,60904.55723809791,57934.20693106666,55108.72231794383,52421.03821546736,49864.43401342895,47432.51686964785,45119.20572453553,42918.71609527926,40825.545611622016,38834.46025707087,36940.48128112937,35138.872749828086,33425.12970342279,31794.966891648583,47500.0
Tomorrow,"Tyler, The Creator",81,-1.2570640692692008,-0.5805664758800082,1,-0.004573051921615,2.2067890492731794,-0.4194716422455468,182326,810000,3.0387666666666666,71738.23132188657,68239.51649501726,64911.43600376224,61745.66791337368,58734.29615465066,55869.790729642846,53144.98888273349,50553.07719001942,48087.57452220235,45742.31583838974,43511.43677028136,41389.358958193945,39370.7761022563,37450.64069389572,35624.151394437446,33886.74102925704,50625.000000000015
Si Antes Te Hubiera Conocido,KAROL G,93,1.8141902569986503,0.1440661114617382,11,-0.0581778480408976,0.7666053077437762,-0.8576280751207312,195824,930000,3.263733333333333,82366.11744364754,78349.07449427908,74527.94504135665,70893.17427091053,67435.67336274705,64146.79676366401,61018.32056906437,58042.42195891119,55211.65963660269,52518.955221854885,49957.57555106378,47521.115840889346,45203.48367296093,42998.883759658056,40901.80345287263,38906.99895951735,58125.000000000015
It's ok I'm ok,Tate McRae,85,0.6816235857068178,-0.7346222227951827,1,-0.3051332769287375,-0.8917761348995333,-0.7580470676490985,156522,880000,2.6087,77937.83155958047,74136.75866125332,70521.06627569231,67081.71328860351,63810.09952604023,60698.04424948852,57737.76569975984,54921.861638539616,52243.290838935885,49695.35547874441,47271.684392404444,44966.21713976626,42773.188851834006,40687.11581559041,38702.781761857965,36815.22482190889,54999.999999999985
High Road,Zach Bryan,75,-1.2104289710395373,-2.360766218010913,4,-1.1870788528813148,2.222571884796789,-0.0594479998481052,199893,850000,3.33155,75280.86002914023,71609.36916143786,68116.9390162937,64794.8366992193,61634.755224016124,58628.792740983234,55769.43277817711,53049.52544631668,50462.26956033579,48001.195632878116,45660.149697208835,43433.27791909241,41315.01195915784,39300.055049149836,37383.36874724917,35560.16033934381,53125.00000000001
Saturn,SZA,85,-1.6034962275467026,-0.1355165403472822,1,-0.0685787786312061,1.4531586530208065,-0.5343728047128155,186192,850000,3.1032,75280.86002914023,71609.36916143786,68116.9390162937,64794.8366992193,61634.755224016124,58628.792740983234,55769.43277817711,53049.52544631668,50462.26956033579,48001.195632878116,45660.149697208835,43433.27791909241,41315.01195915784,39300.055049149836,37383.36874724917,35560.16033934381,53125.00000000001
Coincidence,Sabrina Carpenter,83,-1.556861129317039,0.9828140668887986,9,0.0962359676459913,0.4351657617479684,-0.4194716422455468,164203,860000,2.7367166666666667,76166.51720595364,72451.832328043,68918.31476942658,65557.1288956807,62359.86999135749,59318.54324381833,56425.54375203802,53673.63751039099,51055.943319869155,48565.915581500216,46197.32792894071,43944.25765931703,41801.07092338323,39762.40863796336,37823.17308545211,35978.5151668655,53750.00000000001
Big Dawgs,Hanumankind,86,-1.2504019123792487,0.5834102785901985,4,0.9000412189072757,-0.9004566944375189,1.4036268022351153,190667,830000,3.177783333333333,73509.5456755134,69924.44282822756,66514.18751002797,63270.25230629649,60184.52568933339,57249.29173531304,54457.2108304553,51801.30131816805,49274.92204126907,46871.75573563393,44585.7932337451,42411.31843864318,40342.89403070707,38375.347871522776,36503.76007084331,34723.45068430043,51874.99999999999
LA PATRULLA,Peso Pluma,86,0.4684345652283551,0.5548814365688699,6,-0.1715213224224655,1.6899011858749553,-0.0288076898568335,130615,780000,2.1769166666666666,69081.25979144633,65712.1269952018,62507.30874436364,59458.79132398947,56558.95185262656,53800.53922113755,51176.65596115076,48680.74099779648,46306.55324360226,44048.15599252345,41899.90207508575,39856.4197375201,37912.59920958014,36063.57992745514,34304.738379828654,32631.676546691968,48750.0
Too Sweet,Hozier,78,0.5950155461374423,-0.1298107719430165,10,0.2858529330231557,-0.8767824411521039,-1.0721102450596327,251424,780000,4.1904,69081.25979144633,65712.1269952018,62507.30874436364,59458.79132398947,56558.95185262656,53800.53922113755,51176.65596115076,48680.74099779648,46306.55324360226,44048.15599252345,41899.90207508575,39856.4197375201,37912.59920958014,36063.57992745514,34304.738379828654,32631.676546691968,48750.0
Type Shit,Future,84,-0.0778622997477049,-0.5178030234330852,2,0.2394487811587018,-0.9083481121993238,-0.4654321072324543,228267,840000,3.80445,74395.20285232681,70766.9059948327,67315.56326316085,64032.5445027579,60909.64045667476,57939.04223814813,55113.321804316205,52425.41338224236,49868.59580080243,47436.475684256024,45122.97146547697,42922.29817886779,40828.95299493246,38837.701460336306,36943.564409046245,35141.80551182212,52500.00000000001
I Never Lie,Zach Top,77,0.8681639786254727,-0.0099896354534363,3,0.0388975041353158,0.3167944953208943,-0.5496929597084513,224907,860000,3.74845,76166.51720595364,72451.832328043,68918.31476942658,65557.1288956807,62359.86999135749,59318.54324381833,56425.54375203802,53673.63751039099,51055.943319869155,48565.915581500216,46197.32792894071,43944.25765931703,41801.07092338323,39762.40863796336,37823.17308545211,35978.5151668655,53750.00000000001
Guess featuring billie eilish,Charli xcx,85,0.8281910372857609,0.1383603430574725,7,-0.0120403867044005,-0.9355735034775507,-0.7940494318888426,145219,800000,2.4203166666666664,70852.57414507316,67397.0533284121,64110.06025062937,60983.375716912284,58009.1813873093,55180.040226807745,52488.87790887258,49928.965125945106,47493.900762668985,45177.59588976764,42974.25853854949,40878.37921796933,38884.71713803091,36988.2871050822,35184.34705623452,33468.38620173535,50000.00000000001
I Hope You Find Your Way Home,"Tyler, The Creator",80,-0.2044432806567921,-0.2667492136453939,4,0.593880492813064,0.1668575578466002,-0.3505309447651856,269704,850000,4.495066666666666,75280.86002914023,71609.36916143786,68116.9390162937,64794.8366992193,61634.755224016124,58628.792740983234,55769.43277817711,53049.52544631668,50462.26956033579,48001.195632878116,45660.149697208835,43433.27791909241,41315.01195915784,39300.055049149836,37383.36874724917,35560.16033934381,53125.00000000001
ALL RED,Playboi Carti,82,0.7215965270465295,0.1155372694404096,9,0.4837373047669755,-0.5630985851203574,0.9593423073616766,148053,830000,2.46755,73509.5456755134,69924.44282822756,66514.18751002797,63270.25230629649,60184.52568933339,57249.29173531304,54457.2108304553,51801.30131816805,49274.92204126907,46871.75573563393,44585.7932337451,42411.31843864318,40342.89403070707,38375.347871522776,36503.76007084331,34723.45068430043,51874.99999999999
TORE UP,Don Toliver,83,-0.784050930082612,1.0056371405058615,11,0.5994809939001532,-0.988446002481644,-0.5190526497171797,126987,780000,2.11645,69081.25979144633,65712.1269952018,62507.30874436364,59458.79132398947,56558.95185262656,53800.53922113755,51176.65596115076,48680.74099779648,46306.55324360226,44048.15599252345,41899.90207508575,39856.4197375201,37912.59920958014,36063.57992745514,34304.738379828654,32631.676546691968,48750.0
Wind Up Missin’ You,Tucker Wetmore,78,-0.5375511251543902,0.4236487632707582,6,0.2053123935802531,1.0112392583597296,-0.5190526497171797,166667,890000,2.7777833333333333,78823.48873639389,74979.22182785846,71322.44202882519,67844.00548506492,64535.21429338159,61387.79475232362,58393.87667362074,55545.973702613934,52836.96459846925,50260.0754273665,47808.86262413631,45477.19687999088,43259.24781605939,41149.46940440394,39142.5861000609,37233.579649430576,55624.99999999999
EL LOKERON,Tito Double P,89,0.481758879008259,0.2638872479513178,7,-0.1592535581364607,1.26771033561839,-0.6707221841739742,146141,810000,2.435683333333333,71738.23132188657,68239.51649501726,64911.43600376224,61745.66791337368,58734.29615465066,55869.790729642846,53144.98888273349,50553.07719001942,48087.57452220235,45742.31583838974,43511.43677028136,41389.358958193945,39370.7761022563,37450.64069389572,35624.151394437446,33886.74102925704,50625.000000000015
Sharpest Tool,Sabrina Carpenter,81,0.4284616238886433,-0.0727530879003592,4,-0.2485948850019319,0.8810308652899479,-0.6546360214285567,218284,810000,3.6380666666666666,71738.23132188657,68239.51649501726,64911.43600376224,61745.66791337368,58734.29615465066,55869.790729642846,53144.98888273349,50553.07719001942,48087.57452220235,45742.31583838974,43511.43677028136,41389.358958193945,39370.7761022563,37450.64069389572,35624.151394437446,33886.74102925704,50625.000000000015
I'll Be There,Jin,89,-0.757402302522804,0.5434698997603384,10,1.1107267359930135,-0.8546864714190501,-0.6891063701687372,181678,890000,3.0279666666666665,78823.48873639389,74979.22182785846,71322.44202882519,67844.00548506492,64535.21429338159,61387.79475232362,58393.87667362074,55545.973702613934,52836.96459846925,50260.0754273665,47808.86262413631,45477.19687999088,43259.24781605939,41149.46940440394,39142.5861000609,37233.579649430576,55624.99999999999
Disease,Lady Gaga,86,-0.5975105371639571,1.5648024441239026,11,1.0157849080404533,-0.79076598754843,2.361136489462353,229997,720000,3.833283333333333,63767.31673056584,60657.3479955709,57699.05422556644,54885.03814522105,52208.26324857836,49662.03620412697,47239.99011798532,44936.068613350595,42744.510686402085,40659.83630079088,38676.83268469454,36790.5412961724,34996.24542422782,33289.45839457398,31665.912350611066,30121.547581561816,45000.00000000001
Apple,Charli xcx,84,1.0147314302044157,1.793033180294531,0,0.2999875310048571,-0.4999672430259177,-0.5037324947215438,151740,810000,2.529,71738.23132188657,68239.51649501726,64911.43600376224,61745.66791337368,58734.29615465066,55869.790729642846,53144.98888273349,50553.07719001942,48087.57452220235,45742.31583838974,43511.43677028136,41389.358958193945,39370.7761022563,37450.64069389572,35624.151394437446,33886.74102925704,50625.000000000015
Miles On It,Marshmello,81,-0.1178352410874166,0.67470257305845,5,0.4866709005744984,-0.9719923964482808,2.8284012168292465,168454,830000,2.8075666666666668,73509.5456755134,69924.44282822756,66514.18751002797,63270.25230629649,60184.52568933339,57249.29173531304,54457.2108304553,51801.30131816805,49274.92204126907,46871.75573563393,44585.7932337451,42411.31843864318,40342.89403070707,38375.347871522776,36503.76007084331,34723.45068430043,51874.99999999999
on one tonight,Gunna,81,1.5676904520704278,0.4807064473134154,4,0.6024145897076761,0.5101342304851155,0.2546151775624291,90760,820000,1.5126666666666666,72623.88849869999,69081.9796616224,65712.81175689511,62507.96010983509,59459.41092199203,56559.54123247794,53801.099856594396,51177.18925409373,48681.24828173571,46307.03578701183,44048.615002013226,41900.33869841856,39856.83506648168,37912.99428270925,36063.95573264038,34305.09585677873,51250.000000000015
Juna,Clairo,80,-0.3043756340060715,0.406531458057961,3,0.0887686328632057,-0.0541021394839382,-0.5650131147040871,195110,800000,3.2518333333333334,70852.57414507316,67397.0533284121,64110.06025062937,60983.375716912284,58009.1813873093,55180.040226807745,52488.87790887258,49928.965125945106,47493.900762668985,45177.59588976764,42974.25853854949,40878.37921796933,38884.71713803091,36988.2871050822,35184.34705623452,33468.38620173535,50000.00000000001
Fortnight (feat. Post Malone),Taylor Swift,84,-0.9839156367811708,-1.464960578541195,11,-1.17321094542757,0.9875650050743148,-0.6408478819324843,228965,860000,3.816083333333333,76166.51720595364,72451.832328043,68918.31476942658,65557.1288956807,62359.86999135749,59318.54324381833,56425.54375203802,53673.63751039099,51055.943319869155,48565.915581500216,46197.32792894071,43944.25765931703,41801.07092338323,39762.40863796336,37823.17308545211,35978.5151668655,53750.00000000001
This World's A Giant,Zach Bryan,71,-1.543536815537135,-1.972773966520844,1,-1.1980131645275367,2.4356401643655223,-0.5190526497171797,216160,790000,3.6026666666666665,69966.91696825974,66554.59016180695,63308.684497496506,60221.08352045088,57284.066619967925,54490.28972397265,51832.76693501167,49304.853061870795,46900.227003135624,44612.87594114555,42437.080306817625,40367.399477744715,38398.658173805525,36525.93351626867,34744.54271803158,33050.03137421366,49375.0
I Can Do It With a Broken Heart,Taylor Swift,83,0.3285292705393638,0.6176448890157928,0,-0.4835492401317234,-0.5078586607877227,-0.2279697048000991,218005,830000,3.6334166666666663,73509.5456755134,69924.44282822756,66514.18751002797,63270.25230629649,60184.52568933339,57249.29173531304,54457.2108304553,51801.30131816805,49274.92204126907,46871.75573563393,44585.7932337451,42411.31843864318,40342.89403070707,38375.347871522776,36503.76007084331,34723.45068430043,51874.99999999999
Devil You Know,Tyler Braden,79,-0.8773211265419394,0.8972275408248134,1,0.6189494024409871,-0.9615757250026982,0.9440221523660408,192693,690000,3.21155,61110.345200125594,58129.95849575544,55294.92696616783,52598.16155583684,50032.918946554266,47592.78469562168,45271.6571964026,43063.73242112766,40963.489407802,38965.67645492459,37065.29798949894,35257.602075498544,33538.06853155166,31902.397628133393,30346.49933600227,28866.48309899674,43125.0
Who,Jimin,88,0.0553808380513342,0.6518794994413871,0,0.7557616432827386,-0.9817777544729188,0.1014136276060709,170888,840000,2.848133333333333,74395.20285232681,70766.9059948327,67315.56326316085,64032.5445027579,60909.64045667476,57939.04223814813,55113.321804316205,52425.41338224236,49868.59580080243,47436.475684256024,45122.97146547697,42922.29817886779,40828.95299493246,38837.701460336306,36943.564409046245,35141.80551182212,52500.00000000001
Who,Jimin,88,0.0553808380513342,0.6518794994413871,0,0.7557616432827386,-0.9817777544729188,0.1014136276060709,170888,850000,2.848133333333333,75280.86002914023,71609.36916143786,68116.9390162937,64794.8366992193,61634.755224016124,58628.792740983234,55769.43277817711,53049.52544631668,50462.26956033579,48001.195632878116,45660.149697208835,43433.27791909241,41315.01195915784,39300.055049149836,37383.36874724917,35560.16033934381,53125.00000000001
Si No Quieres No,Luis R Conriquez,85,0.8948126061852805,0.8173467831650932,4,0.054632245284757,0.7626595988628738,-0.6515719904294294,147011,770000,2.4501833333333334,68195.60261463291,64869.66382859665,61705.93299123077,58696.49912752807,55833.837085285195,53110.78871830246,50520.54498728985,48056.62893372217,45712.87948406889,43483.436043901354,41362.72384335389,39345.43999729548,37426.54024535475,35601.226338641616,33864.93404162572,32213.321719170275,48125.00000000001
This World's A Giant,Zach Bryan,69,-1.543536815537135,-1.972773966520844,1,-1.1980131645275367,2.4356401643655223,-0.5190526497171797,216160,770000,3.6026666666666665,68195.60261463291,64869.66382859665,61705.93299123077,58696.49912752807,55833.837085285195,53110.78871830246,50520.54498728985,48056.62893372217,45712.87948406889,43483.436043901354,41362.72384335389,39345.43999729548,37426.54024535475,35601.226338641616,33864.93404162572,32213.321719170275,48125.00000000001
360,Charli xcx,81,1.367825745371869,-0.1298107719430165,0,-0.4142097028629996,1.555747083924271,-0.6615300911765928,133805,860000,2.2300833333333334,76166.51720595364,72451.832328043,68918.31476942658,65557.1288956807,62359.86999135749,59318.54324381833,56425.54375203802,53673.63751039099,51055.943319869155,48565.915581500216,46197.32792894071,43944.25765931703,41801.07092338323,39762.40863796336,37823.17308545211,35978.5151668655,53750.00000000001
Too Sweet,Hozier,77,0.5950155461374423,-0.1298107719430165,10,0.2858529330231557,-0.8767824411521039,-1.0721102450596327,251424,880000,4.1904,77937.83155958047,74136.75866125332,70521.06627569231,67081.71328860351,63810.09952604023,60698.04424948852,57737.76569975984,54921.861638539616,52243.290838935885,49695.35547874441,47271.684392404444,44966.21713976626,42773.188851834006,40687.11581559041,38702.781761857965,36815.22482190889,54999.999999999985
Embrace It,Ndotz,88,1.5343796676206678,0.0128334381636265,1,-0.1749882992859017,0.8810308652899479,-0.9403569120971648,104419,860000,1.7403166666666667,76166.51720595364,72451.832328043,68918.31476942658,65557.1288956807,62359.86999135749,59318.54324381833,56425.54375203802,53673.63751039099,51055.943319869155,48565.915581500216,46197.32792894071,43944.25765931703,41801.07092338323,39762.40863796336,37823.17308545211,35978.5151668655,53750.00000000001
KEHLANI,Jordan Adetunji,84,-0.0445515152979451,-0.0499300142832963,10,0.7488276895558661,-0.3697588499561361,-0.6814462926709193,122361,840000,2.03935,74395.20285232681,70766.9059948327,67315.56326316085,64032.5445027579,60909.64045667476,57939.04223814813,55113.321804316205,52425.41338224236,49868.59580080243,47436.475684256024,45122.97146547697,42922.29817886779,40828.95299493246,38837.701460336306,36943.564409046245,35141.80551182212,52500.00000000001
we can't be friends (wait for your love),Ariana Grande,86,-0.0445515152979451,0.0185392065678923,5,-0.4686145705661519,-0.7505197569632248,-0.8101355946342602,228639,880000,3.81065,77937.83155958047,74136.75866125332,70521.06627569231,67081.71328860351,63810.09952604023,60698.04424948852,57737.76569975984,54921.861638539616,52243.290838935885,49695.35547874441,47271.684392404444,44966.21713976626,42773.188851834006,40687.11581559041,38702.781761857965,36815.22482190889,54999.999999999985
Beautiful Things,Benson Boone,86,-1.1971046572596336,-0.9799702641786088,10,0.2359818042952657,-0.3973788121224534,-0.3045704797782781,180304,880000,3.0050666666666666,77937.83155958047,74136.75866125332,70521.06627569231,67081.71328860351,63810.09952604023,60698.04424948852,57737.76569975984,54921.861638539616,52243.290838935885,49695.35547874441,47271.684392404444,44966.21713976626,42773.188851834006,40687.11581559041,38702.781761857965,36815.22482190889,54999.999999999985
WHATCHU KNO ABOUT ME (feat. Sexyy Red),GloRilla,77,1.20127182312307,0.2353584059299898,1,0.5029390227798529,-0.9754646202634748,0.3771764175275157,149461,820000,2.491016666666667,72623.88849869999,69081.9796616224,65712.81175689511,62507.96010983509,59459.41092199203,56559.54123247794,53801.099856594396,51177.18925409373,48681.24828173571,46307.03578701183,44048.615002013226,41900.33869841856,39856.83506648168,37912.99428270925,36063.95573264038,34305.09585677873,51250.000000000015
THE GREATEST,Billie Eilish,82,-1.6301448551065103,-2.5718796489687445,7,-1.176944612818963,1.5202357039961487,0.2316349450689753,293840,810000,4.897333333333333,71738.23132188657,68239.51649501726,64911.43600376224,61745.66791337368,58734.29615465066,55869.790729642846,53144.98888273349,50553.07719001942,48087.57452220235,45742.31583838974,43511.43677028136,41389.358958193945,39370.7761022563,37450.64069389572,35624.151394437446,33886.74102925704,50625.000000000015
Close To You,Gracie Abrams,80,-0.4376187718051108,0.4407660684835554,6,-0.3752728857813313,-0.9000621235494285,-0.6684241609246289,225973,780000,3.7662166666666663,69081.25979144633,65712.1269952018,62507.30874436364,59458.79132398947,56558.95185262656,53800.53922113755,51176.65596115076,48680.74099779648,46306.55324360226,44048.15599252345,41899.90207508575,39856.4197375201,37912.59920958014,36063.57992745514,34304.738379828654,32631.676546691968,48750.0
Home,Good Neighbours,81,-0.4509430855850146,0.1725949534830669,6,0.5688115831851406,-0.8763878702640137,-0.4501119522368185,157486,900000,2.6247666666666665,79709.14591320729,75821.68499446362,72123.81778195805,68606.29768152631,65260.32906072296,62077.545255158715,59049.98764748165,56170.085766688244,53430.63835800261,50824.79537598859,48346.04085586818,45988.1766202155,43745.30678028477,41611.82299321747,39582.39043826383,37651.93447695227,56250.0
Whatever She Wants,Bryson Tiller,78,1.0080692733144638,-0.7460337596037142,9,-0.0784463281656017,-0.4881301163832103,-0.6661261376752835,161342,810000,2.689033333333333,71738.23132188657,68239.51649501726,64911.43600376224,61745.66791337368,58734.29615465066,55869.790729642846,53144.98888273349,50553.07719001942,48087.57452220235,45742.31583838974,43511.43677028136,41389.358958193945,39370.7761022563,37450.64069389572,35624.151394437446,33886.74102925704,50625.000000000015
Slim Pickins,Sabrina Carpenter,79,-0.217767594436696,-0.5748607074757425,2,-0.5611561837671025,0.1431833045611853,-0.2203096273022812,152195,790000,2.536583333333333,69966.91696825974,66554.59016180695,63308.684497496506,60221.08352045088,57284.066619967925,54490.28972397265,51832.76693501167,49304.853061870795,46900.227003135624,44612.87594114555,42437.080306817625,40367.399477744715,38398.658173805525,36525.93351626867,34744.54271803158,33050.03137421366,49375.0
Noid,"Tyler, The Creator",79,-1.810023091135213,0.7260544886968416,1,0.1557079553803199,0.8731394475281429,0.4844175024969663,287693,810000,4.794883333333333,71738.23132188657,68239.51649501726,64911.43600376224,61745.66791337368,58734.29615465066,55869.790729642846,53144.98888273349,50553.07719001942,48087.57452220235,45742.31583838974,43511.43677028136,41389.358958193945,39370.7761022563,37450.64069389572,35624.151394437446,33886.74102925704,50625.000000000015
The Emptiness Machine,Linkin Park,90,-1.2370775985993447,1.308042865931945,7,0.8621711639374342,-0.9316277945966484,-0.4501119522368185,190428,810000,3.1738,71738.23132188657,68239.51649501726,64911.43600376224,61745.66791337368,58734.29615465066,55869.790729642846,53144.98888273349,50553.07719001942,48087.57452220235,45742.31583838974,43511.43677028136,41389.358958193945,39370.7761022563,37450.64069389572,35624.151394437446,33886.74102925704,50625.000000000015
Who,Jimin,88,0.0553808380513342,0.6518794994413871,0,0.7557616432827386,-0.9817777544729188,0.1014136276060709,170888,880000,2.848133333333333,77937.83155958047,74136.75866125332,70521.06627569231,67081.71328860351,63810.09952604023,60698.04424948852,57737.76569975984,54921.861638539616,52243.290838935885,49695.35547874441,47271.684392404444,44966.21713976626,42773.188851834006,40687.11581559041,38702.781761857965,36815.22482190889,54999.999999999985
redrum,21 Savage,81,-0.1777946530969843,0.5149410577390098,2,-0.5814246638918066,-0.96958551403093,1.4955477322089303,270698,790000,4.511633333333333,69966.91696825974,66554.59016180695,63308.684497496506,60221.08352045088,57284.066619967925,54490.28972397265,51832.76693501167,49304.853061870795,46900.227003135624,44612.87594114555,42437.080306817625,40367.399477744715,38398.658173805525,36525.93351626867,34744.54271803158,33050.03137421366,49375.0
オトノケ - Otonoke,Creepy Nuts,85,-0.8973075972117952,1.1368698138039732,1,-0.0875138061161271,-0.7485469025227736,-0.1666890848175558,185627,790000,3.0937833333333336,69966.91696825974,66554.59016180695,63308.684497496506,60221.08352045088,57284.066619967925,54490.28972397265,51832.76693501167,49304.853061870795,46900.227003135624,44612.87594114555,42437.080306817625,40367.399477744715,38398.658173805525,36525.93351626867,34744.54271803158,33050.03137421366,49375.0
Don’t Smile,Sabrina Carpenter,79,-0.1578081824271284,-1.0826740954553915,1,-0.9505243545837831,0.7744967255055812,-0.1130685423328304,206296,840000,3.438266666666667,74395.20285232681,70766.9059948327,67315.56326316085,64032.5445027579,60909.64045667476,57939.04223814813,55113.321804316205,52425.41338224236,49868.59580080243,47436.475684256024,45122.97146547697,42922.29817886779,40828.95299493246,38837.701460336306,36943.564409046245,35141.80551182212,52500.00000000001
KEEP UP,Odetari,84,-1.1704560296998257,1.0626948245485188,10,0.7389601400214708,-0.9253146603872044,-0.0977483873371946,133227,810000,2.22045,71738.23132188657,68239.51649501726,64911.43600376224,61745.66791337368,58734.29615465066,55869.790729642846,53144.98888273349,50553.07719001942,48087.57452220235,45742.31583838974,43511.43677028136,41389.358958193945,39370.7761022563,37450.64069389572,35624.151394437446,33886.74102925704,50625.000000000015
CARNIVAL,¥$,81,-0.3843215166854951,0.9599909932717364,1,0.2215805157856075,-0.2474418746481594,1.2197849422874858,264324,780000,4.4054,69081.25979144633,65712.1269952018,62507.30874436364,59458.79132398947,56558.95185262656,53800.53922113755,51176.65596115076,48680.74099779648,46306.55324360226,44048.15599252345,41899.90207508575,39856.4197375201,37912.59920958014,36063.57992745514,34304.738379828654,32631.676546691968,48750.0
What He'll Never Have,Dylan Scott,78,-1.08384799013045,0.6404679626328558,6,0.5616109389303116,-0.9442540630155364,0.7678403699162292,153907,850000,2.5651166666666665,75280.86002914023,71609.36916143786,68116.9390162937,64794.8366992193,61634.755224016124,58628.792740983234,55769.43277817711,53049.52544631668,50462.26956033579,48001.195632878116,45660.149697208835,43433.27791909241,41315.01195915784,39300.055049149836,37383.36874724917,35560.16033934381,53125.00000000001
Or What,NLE Choppa,77,0.5283939772379227,-0.3238068976880512,1,-0.2632628640395465,-0.53547862295404,-0.6209316804381578,199165,890000,3.3194166666666667,78823.48873639389,74979.22182785846,71322.44202882519,67844.00548506492,64535.21429338159,61387.79475232362,58393.87667362074,55545.973702613934,52836.96459846925,50260.0754273665,47808.86262413631,45477.19687999088,43259.24781605939,41149.46940440394,39142.5861000609,37233.579649430576,55624.99999999999
Worst Way,Riley Green,76,-1.9032932875945403,-0.8601491276890287,11,-0.3528708814329744,-0.6384616247455946,-0.3658510997608214,220558,850000,3.6759666666666666,75280.86002914023,71609.36916143786,68116.9390162937,64794.8366992193,61634.755224016124,58628.792740983234,55769.43277817711,53049.52544631668,50462.26956033579,48001.195632878116,45660.149697208835,43433.27791909241,41315.01195915784,39300.055049149836,37383.36874724917,35560.16033934381,53125.00000000001
Mantra,JENNIE,89,1.6143255503000915,0.469294910504884,10,0.4247986980885601,-0.97605647659561,-0.7526850134006259,136627,800000,2.2771166666666667,70852.57414507316,67397.0533284121,64110.06025062937,60983.375716912284,58009.1813873093,55180.040226807745,52488.87790887258,49928.965125945106,47493.900762668985,45177.59588976764,42974.25853854949,40878.37921796933,38884.71713803091,36988.2871050822,35184.34705623452,33468.38620173535,50000.00000000001
BLUE,Billie Eilish,82,-2.016549954723724,-1.744543230350215,7,-1.0918703344007974,0.1510747223229903,-0.312230557276096,343120,820000,5.718666666666667,72623.88849869999,69081.9796616224,65712.81175689511,62507.96010983509,59459.41092199203,56559.54123247794,53801.099856594396,51177.18925409373,48681.24828173571,46307.03578701183,44048.615002013226,41900.33869841856,39856.83506648168,37912.99428270925,36063.95573264038,34305.09585677873,51250.000000000015
Touch,KATSEYE,85,0.5816912323575384,1.4906274548684482,5,1.0459209376995526,1.1730133224767312,-0.6508059826796477,129883,760000,2.164716666666666,67309.9454378195,64027.2006619915,60904.55723809791,57934.20693106666,55108.72231794383,52421.03821546736,49864.43401342895,47432.51686964785,45119.20572453553,42918.71609527926,40825.545611622016,38834.46025707087,36940.48128112937,35138.872749828086,33425.12970342279,31794.966891648583,47500.0
misses,Dominic Fike,80,-0.4909160269247264,-0.7631510648165114,2,0.0927689907825551,-0.4802386986214053,1.2580853297765748,74379,820000,1.23965,72623.88849869999,69081.9796616224,65712.81175689511,62507.96010983509,59459.41092199203,56559.54123247794,53801.099856594396,51177.18925409373,48681.24828173571,46307.03578701183,44048.615002013226,41900.33869841856,39856.83506648168,37912.99428270925,36063.95573264038,34305.09585677873,51250.000000000015
L’AMOUR DE MA VIE,Billie Eilish,82,-1.2304154417093929,-1.4307259681156006,9,-0.7409055996098718,-0.2040390769582321,-0.5650131147040871,333987,760000,5.56645,67309.9454378195,64027.2006619915,60904.55723809791,57934.20693106666,55108.72231794383,52421.03821546736,49864.43401342895,47432.51686964785,45119.20572453553,42918.71609527926,40825.545611622016,38834.46025707087,36940.48128112937,35138.872749828086,33425.12970342279,31794.966891648583,47500.0
Holy Smokes,Bailey Zimmerman,76,-1.2637262261591526,-0.4208049605605685,7,-0.3550044056566275,1.015184967240632,-0.4577720297346364,195158,770000,3.2526333333333333,68195.60261463291,64869.66382859665,61705.93299123077,58696.49912752807,55833.837085285195,53110.78871830246,50520.54498728985,48056.62893372217,45712.87948406889,43483.436043901354,41362.72384335389,39345.43999729548,37426.54024535475,35601.226338641616,33864.93404162572,32213.321719170275,48125.00000000001
ESCAPATE,Tito Double P,87,1.1080016266637425,-1.116908705880986,5,-0.978793550547186,1.0349135116451444,0.0554531626191634,145184,870000,2.4197333333333333,77052.17438276706,73294.29549464816,69719.69052255944,66319.4210921421,63084.984758698854,60008.29374665343,57081.65472589893,54297.749574465306,51649.61707940252,49130.63553012231,46734.50616067257,44455.23739954165,42287.129887608615,40224.76222677689,38262.97742365504,36396.86999438719,54375.0
LIL DEMON,Future,77,1.4077986867115806,0.63476219422859,11,0.1935780103501615,-0.988248717037599,-0.6776162539220103,139197,780000,2.31995,69081.25979144633,65712.1269952018,62507.30874436364,59458.79132398947,56558.95185262656,53800.53922113755,51176.65596115076,48680.74099779648,46306.55324360226,44048.15599252345,41899.90207508575,39856.4197375201,37912.59920958014,36063.57992745514,34304.738379828654,32631.676546691968,48750.0
Dumb & Poetic,Sabrina Carpenter,78,-1.2037668141495854,-1.4478432733283977,7,0.3082549373715125,2.0529064029179827,0.515057812488238,133479,760000,2.22465,67309.9454378195,64027.2006619915,60904.55723809791,57934.20693106666,55108.72231794383,52421.03821546736,49864.43401342895,47432.51686964785,45119.20572453553,42918.71609527926,40825.545611622016,38834.46025707087,36940.48128112937,35138.872749828086,33425.12970342279,31794.966891648583,47500.0
25,Rod Wave,76,-1.4969017173074712,-0.8145029804549029,0,-0.4512796862489711,0.1352918867993804,-0.404151487249911,180000,760000,3.0,67309.9454378195,64027.2006619915,60904.55723809791,57934.20693106666,55108.72231794383,52421.03821546736,49864.43401342895,47432.51686964785,45119.20572453553,42918.71609527926,40825.545611622016,38834.46025707087,36940.48128112937,35138.872749828086,33425.12970342279,31794.966891648583,47500.0
Después De La 1,Cris Mj,86,1.0213935870943678,-0.3523357397093798,6,0.3962628115972006,-0.873625874047382,-0.6622960989263745,177600,860000,2.96,76166.51720595364,72451.832328043,68918.31476942658,65557.1288956807,62359.86999135749,59318.54324381833,56425.54375203802,53673.63751039099,51055.943319869155,48565.915581500216,46197.32792894071,43944.25765931703,41801.07092338323,39762.40863796336,37823.17308545211,35978.5151668655,53750.00000000001
ss,Ken Carson,77,-1.0039021074510266,0.1098315010361439,11,-0.1557865812730243,-0.8495570498738769,-0.2126495498044633,184375,770000,3.0729166666666665,68195.60261463291,64869.66382859665,61705.93299123077,58696.49912752807,55833.837085285195,53110.78871830246,50520.54498728985,48056.62893372217,45712.87948406889,43483.436043901354,41362.72384335389,39345.43999729548,37426.54024535475,35601.226338641616,33864.93404162572,32213.321719170275,48125.00000000001
Spin You Around (1/24),Morgan Wallen,76,-0.1977811237668402,-1.1340260110937832,4,0.1378396900072258,2.14365770717874,-0.2126495498044633,209427,780000,3.49045,69081.25979144633,65712.1269952018,62507.30874436364,59458.79132398947,56558.95185262656,53800.53922113755,51176.65596115076,48680.74099779648,46306.55324360226,44048.15599252345,41899.90207508575,39856.4197375201,37912.59920958014,36063.57992745514,34304.738379828654,32631.676546691968,48750.0
Am I Okay?,Megan Moroney,75,-0.390983673575447,0.5206468261432755,9,0.3095883900112957,-0.9142666755206776,-0.3198906347739139,235003,810000,3.916716666666667,71738.23132188657,68239.51649501726,64911.43600376224,61745.66791337368,58734.29615465066,55869.790729642846,53144.98888273349,50553.07719001942,48087.57452220235,45742.31583838974,43511.43677028136,41389.358958193945,39370.7761022563,37450.64069389572,35624.151394437446,33886.74102925704,50625.000000000015
TÚ NAME,Fuerza Regida,81,0.7215965270465295,0.5948218153987299,0,0.3983963358208536,-0.72684550367781,0.9899826173529483,152079,750000,2.53465,66424.28826100608,63184.73749538635,60103.18148496504,57171.91473460526,54383.607550602464,51731.287712632264,49208.323039568044,46808.40480557354,44525.53196500217,42353.99614665716,40288.36737989015,38323.48051684625,36454.422316903976,34676.519161014556,32985.32536521986,31376.61206412689,46875.00000000001
i like the way you kiss me,Artemas,84,-0.3510107322357352,1.730269727847608,11,0.6170825687452908,-0.9894797782084404,-0.7442589281530261,142515,780000,2.37525,69081.25979144633,65712.1269952018,62507.30874436364,59458.79132398947,56558.95185262656,53800.53922113755,51176.65596115076,48680.74099779648,46306.55324360226,44048.15599252345,41899.90207508575,39856.4197375201,37912.59920958014,36063.57992745514,34304.738379828654,32631.676546691968,48750.0
euphoria,Kendrick Lamar,78,1.194609666233118,0.0014219013550951,1,0.4199982685853408,-0.8116782446172132,-0.733534819656081,383639,780000,6.393983333333333,69081.25979144633,65712.1269952018,62507.30874436364,59458.79132398947,56558.95185262656,53800.53922113755,51176.65596115076,48680.74099779648,46306.55324360226,44048.15599252345,41899.90207508575,39856.4197375201,37912.59920958014,36063.57992745514,34304.738379828654,32631.676546691968,48750.0
Yeah Glo!,GloRilla,75,1.6143255503000915,0.0984199642276124,11,0.3274566553843899,-0.8973001273327968,-0.312230557276096,142703,850000,2.3783833333333333,75280.86002914023,71609.36916143786,68116.9390162937,64794.8366992193,61634.755224016124,58628.792740983234,55769.43277817711,53049.52544631668,50462.26956033579,48001.195632878116,45660.149697208835,43433.27791909241,41315.01195915784,39300.055049149836,37383.36874724917,35560.16033934381,53125.00000000001
SI NO ES CONTIGO,Cris Mj,85,0.7415829977163854,-0.0955761615174221,5,0.2506497833328805,-0.6542444602692045,0.1933345575798857,156171,790000,2.60285,69966.91696825974,66554.59016180695,63308.684497496506,60221.08352045088,57284.066619967925,54490.28972397265,51832.76693501167,49304.853061870795,46900.227003135624,44612.87594114555,42437.080306817625,40367.399477744715,38398.658173805525,36525.93351626867,34744.54271803158,33050.03137421366,49375.0
Lonely Road (with Jelly Roll),mgk,78,-0.6841185767333325,0.2068295639086612,7,0.2869196951349821,-0.9525400516654314,1.4189469572307511,189357,780000,3.15595,69081.25979144633,65712.1269952018,62507.30874436364,59458.79132398947,56558.95185262656,53800.53922113755,51176.65596115076,48680.74099779648,46306.55324360226,44048.15599252345,41899.90207508575,39856.4197375201,37912.59920958014,36063.57992745514,34304.738379828654,32631.676546691968,48750.0
us. (feat. Taylor Swift),Gracie Abrams,79,-0.7907130869725639,-0.5120972550288195,7,0.0242295250977012,0.9717821695507048,-0.6791482694215739,242667,780000,4.04445,69081.25979144633,65712.1269952018,62507.30874436364,59458.79132398947,56558.95185262656,53800.53922113755,51176.65596115076,48680.74099779648,46306.55324360226,44048.15599252345,41899.90207508575,39856.4197375201,37912.59920958014,36063.57992745514,34304.738379828654,32631.676546691968,48750.0
Risk,Gracie Abrams,78,0.3818265256589795,-0.8715606644975602,3,0.1437068816222715,1.038859220526047,-0.7304707886569539,191587,830000,3.1931166666666666,73509.5456755134,69924.44282822756,66514.18751002797,63270.25230629649,60184.52568933339,57249.29173531304,54457.2108304553,51801.30131816805,49274.92204126907,46871.75573563393,44585.7932337451,42411.31843864318,40342.89403070707,38375.347871522776,36503.76007084331,34723.45068430043,51874.99999999999
TEFLON DON,Future,56,1.7608930018790343,-0.369453044922177,11,0.08050122649655,-0.9794103291443772,-0.5113925722193617,159894,820000,2.6649,72623.88849869999,69081.9796616224,65712.81175689511,62507.96010983509,59459.41092199203,56559.54123247794,53801.099856594396,51177.18925409373,48681.24828173571,46307.03578701183,44048.615002013226,41900.33869841856,39856.83506648168,37912.99428270925,36063.95573264038,34305.09585677873,51250.000000000015
LOS CUADROS,Peso Pluma,83,0.8681639786254727,-0.5919780126885397,11,-1.094270549152407,0.2655002798691621,-0.6837443159202647,160424,870000,2.6737333333333333,77052.17438276706,73294.29549464816,69719.69052255944,66319.4210921421,63084.984758698854,60008.29374665343,57081.65472589893,54297.749574465306,51649.61707940252,49130.63553012231,46734.50616067257,44455.23739954165,42287.129887608615,40224.76222677689,38262.97742365504,36396.86999438719,54375.0
the boy is mine,Ariana Grande,82,0.954772018194848,-0.0727530879003592,7,0.1927779387662916,-0.3737045588370385,-0.8162636566325145,173640,750000,2.894,66424.28826100608,63184.73749538635,60103.18148496504,57171.91473460526,54383.607550602464,51731.287712632264,49208.323039568044,46808.40480557354,44525.53196500217,42353.99614665716,40288.36737989015,38323.48051684625,36454.422316903976,34676.519161014556,32985.32536521986,31376.61206412689,46875.00000000001
Linger - SiriusXM Session,Royel Otis,78,-1.650131325776366,-1.4250201997113348,2,-0.0080400287850512,2.1870605048686667,-0.6584660601774657,186000,870000,3.1,77052.17438276706,73294.29549464816,69719.69052255944,66319.4210921421,63084.984758698854,60008.29374665343,57081.65472589893,54297.749574465306,51649.61707940252,49130.63553012231,46734.50616067257,44455.23739954165,42287.129887608615,40224.76222677689,38262.97742365504,36396.86999438719,54375.0
Guy For That (Feat. Luke Combs),Post Malone,78,-0.2710648495563117,1.5305678336983082,8,0.6589529816344818,-0.969112028965222,-0.3428708672673677,164011,780000,2.7335166666666666,69081.25979144633,65712.1269952018,62507.30874436364,59458.79132398947,56558.95185262656,53800.53922113755,51176.65596115076,48680.74099779648,46306.55324360226,44048.15599252345,41899.90207508575,39856.4197375201,37912.59920958014,36063.57992745514,34304.738379828654,32631.676546691968,48750.0
Heavy Is the Crown,Linkin Park,87,-0.5375511251543902,1.6275658965708255,4,0.7605620727859579,-0.956406846368716,0.8980616873791333,167012,840000,2.783533333333333,74395.20285232681,70766.9059948327,67315.56326316085,64032.5445027579,60909.64045667476,57939.04223814813,55113.321804316205,52425.41338224236,49868.59580080243,47436.475684256024,45122.97146547697,42922.29817886779,40828.95299493246,38837.701460336306,36943.564409046245,35141.80551182212,52500.00000000001
Gata Only,FloyyMenor,87,0.9281233906350403,-0.8202087488591686,8,-0.5054178634241668,0.7666053077437762,-0.6883403624189555,222000,790000,3.7,69966.91696825974,66554.59016180695,63308.684497496506,60221.08352045088,57284.066619967925,54490.28972397265,51832.76693501167,49304.853061870795,46900.227003135624,44612.87594114555,42437.080306817625,40367.399477744715,38398.658173805525,36525.93351626867,34744.54271803158,33050.03137421366,49375.0
SKI,Future,55,1.0946773128838383,-0.4607453393904279,11,-0.2637962450954597,-0.6771295717784388,0.3924965725231515,147593,890000,2.4598833333333334,78823.48873639389,74979.22182785846,71322.44202882519,67844.00548506492,64535.21429338159,61387.79475232362,58393.87667362074,55545.973702613934,52836.96459846925,50260.0754273665,47808.86262413631,45477.19687999088,43259.24781605939,41149.46940440394,39142.5861000609,37233.579649430576,55624.99999999999
PLUTOSKI,Future,55,0.9481098613048962,-0.626212623114134,9,-0.4344781829877032,-0.4407816098123805,0.2086547125755215,179023,850000,2.9837166666666666,75280.86002914023,71609.36916143786,68116.9390162937,64794.8366992193,61634.755224016124,58628.792740983234,55769.43277817711,53049.52544631668,50462.26956033579,48001.195632878116,45660.149697208835,43433.27791909241,41315.01195915784,39300.055049149836,37383.36874724917,35560.16033934381,53125.00000000001
No Son Doritos,Clave Especial,81,0.8748261355154247,1.0912236665698474,3,0.5210739786809037,1.1335562336677063,-0.6852763314198282,160714,780000,2.6785666666666668,69081.25979144633,65712.1269952018,62507.30874436364,59458.79132398947,56558.95185262656,53800.53922113755,51176.65596115076,48680.74099779648,46306.55324360226,44048.15599252345,41899.90207508575,39856.4197375201,37912.59920958014,36063.57992745514,34304.738379828654,32631.676546691968,48750.0
TOO FAST,Future,52,-0.7307536749629963,-0.1868684559856737,5,0.0212959292901782,-0.4684015719786979,-0.404151487249911,205731,860000,3.42885,76166.51720595364,72451.832328043,68918.31476942658,65557.1288956807,62359.86999135749,59318.54324381833,56425.54375203802,53673.63751039099,51055.943319869155,48565.915581500216,46197.32792894071,43944.25765931703,41801.07092338323,39762.40863796336,37823.17308545211,35978.5151668655,53750.00000000001
Q U E V A S H A C E R H O Y ?,Omar Courtz,89,-0.610834850943861,0.2182411007171927,6,0.0727672011858078,-0.5867728384057722,-0.5650131147040871,223320,810000,3.722,71738.23132188657,68239.51649501726,64911.43600376224,61745.66791337368,58734.29615465066,55869.790729642846,53144.98888273349,50553.07719001942,48087.57452220235,45742.31583838974,43511.43677028136,41389.358958193945,39370.7761022563,37450.64069389572,35624.151394437446,33886.74102925704,50625.000000000015
SOUTH OF FRANCE,Future,51,1.2479069213527336,0.0071276697593608,2,-0.1477858654343256,-0.8748095867116528,-0.4118115647477289,108953,890000,1.8158833333333333,78823.48873639389,74979.22182785846,71322.44202882519,67844.00548506492,64535.21429338159,61387.79475232362,58393.87667362074,55545.973702613934,52836.96459846925,50260.0754273665,47808.86262413631,45477.19687999088,43259.24781605939,41149.46940440394,39142.5861000609,37233.579649430576,55624.99999999999
MJ,Future,50,0.954772018194848,-1.116908705880986,9,-0.4768819769328076,-0.5867728384057722,-0.3275507122717319,114916,810000,1.915266666666667,71738.23132188657,68239.51649501726,64911.43600376224,61745.66791337368,58734.29615465066,55869.790729642846,53144.98888273349,50553.07719001942,48087.57452220235,45742.31583838974,43511.43677028136,41389.358958193945,39370.7761022563,37450.64069389572,35624.151394437446,33886.74102925704,50625.000000000015
PRESS THE BUTTON,Future,50,1.1213259404436464,-0.3808645817307084,9,-0.2429943839148427,-0.7734048684724592,-0.580333269699723,170257,780000,2.8376166666666665,69081.25979144633,65712.1269952018,62507.30874436364,59458.79132398947,56558.95185262656,53800.53922113755,51176.65596115076,48680.74099779648,46306.55324360226,44048.15599252345,41899.90207508575,39856.4197375201,37912.59920958014,36063.57992745514,34304.738379828654,32631.676546691968,48750.0
SURFING A TSUNAMI,Future,50,1.0746908422139827,0.6918198782712472,0,-0.1693877981988125,-0.077776392769353,0.4537771925056946,213699,790000,3.56165,69966.91696825974,66554.59016180695,63308.684497496506,60221.08352045088,57284.066619967925,54490.28972397265,51832.76693501167,49304.853061870795,46900.227003135624,44612.87594114555,42437.080306817625,40367.399477744715,38398.658173805525,36525.93351626867,34744.54271803158,33050.03137421366,49375.0
Circadian Rhythm,Drake,79,0.2818941723097001,-0.3922761185392399,1,0.1154376856588687,-0.2316590391245495,-0.7488549746517169,126356,790000,2.105933333333333,69966.91696825974,66554.59016180695,63308.684497496506,60221.08352045088,57284.066619967925,54490.28972397265,51832.76693501167,49304.853061870795,46900.227003135624,44612.87594114555,42437.080306817625,40367.399477744715,38398.658173805525,36525.93351626867,34744.54271803158,33050.03137421366,49375.0
LOST MY DOG,Future,48,-0.8573346558720835,-2.3322373759895845,7,-0.703302235167987,2.842048179098477,-0.3198906347739139,173737,820000,2.8956166666666667,72623.88849869999,69081.9796616224,65712.81175689511,62507.96010983509,59459.41092199203,56559.54123247794,53801.099856594396,51177.18925409373,48681.24828173571,46307.03578701183,44048.615002013226,41900.33869841856,39856.83506648168,37912.99428270925,36063.95573264038,34305.09585677873,51250.000000000015
Moonlit Floor (Kiss Me),LISA,89,0.5417182910178266,0.8173467831650932,5,0.7002900134677594,-0.4881301163832103,0.9976426948507662,155757,730000,2.59595,64652.97390737925,61499.81116217605,58500.42997869931,55647.33034168246,52933.378015919734,50351.78670696207,47896.10109184623,45560.18067742491,43338.18444593545,41224.55624941297,39214.010916426414,37301.52103639701,35482.30438845321,33751.8119833875,32105.716688813995,30539.90240908351,45625.0
Lie To Girls,Sabrina Carpenter,78,0.0620429949412862,-1.305199063221755,5,-0.665698870726102,0.8376280676000208,1.4572473447198406,202001,810000,3.366683333333333,71738.23132188657,68239.51649501726,64911.43600376224,61745.66791337368,58734.29615465066,55869.790729642846,53144.98888273349,50553.07719001942,48087.57452220235,45742.31583838974,43511.43677028136,41389.358958193945,39370.7761022563,37450.64069389572,35624.151394437446,33886.74102925704,50625.000000000015
Thick Of It (feat. Trippie Redd),KSI,81,-0.4242944580252068,1.0455775193357215,11,0.7584285485623049,-0.6901504110854171,1.1278640123136707,160842,760000,2.6807,67309.9454378195,64027.2006619915,60904.55723809791,57934.20693106666,55108.72231794383,52421.03821546736,49864.43401342895,47432.51686964785,45119.20572453553,42918.71609527926,40825.545611622016,38834.46025707087,36940.48128112937,35138.872749828086,33425.12970342279,31794.966891648583,47500.0
Bad Dreams,Teddy Swims,85,0.3685022118790756,0.2125353323129269,8,0.0997029445094274,0.0879433802285508,-0.6630621066761563,184578,760000,3.0763,67309.9454378195,64027.2006619915,60904.55723809791,57934.20693106666,55108.72231794383,52421.03821546736,49864.43401342895,47432.51686964785,45119.20572453553,42918.71609527926,40825.545611622016,38834.46025707087,36940.48128112937,35138.872749828086,33425.12970342279,31794.966891648583,47500.0
São Paulo (feat. Anitta),The Weeknd,85,-0.5175646544845343,0.0927141958233467,5,-0.2133917353116565,-0.830617647245545,-0.671488191923756,301623,740000,5.02705,65538.63108419268,62342.2743287812,59301.80573183217,56409.622538143856,53658.4927832611,51041.53720979716,48552.212065707135,46184.29274149922,43931.85820546881,41789.27619803507,39751.18914815828,37812.50077662163,35968.36335267859,34214.16557220103,32545.521027016926,30958.2572366052,46250.0
No Face,Drake,78,1.341177117812061,0.2695930163555836,10,0.1917111766544652,-0.6889666984211462,-0.73736485840499,137143,820000,2.2857166666666666,72623.88849869999,69081.9796616224,65712.81175689511,62507.96010983509,59459.41092199203,56559.54123247794,53801.099856594396,51177.18925409373,48681.24828173571,46307.03578701183,44048.615002013226,41900.33869841856,39856.83506648168,37912.99428270925,36063.95573264038,34305.09585677873,51250.000000000015
DEVIL IS A LIE,Tommy Richman,79,1.680947119199611,-1.0883798638596571,9,-0.1853892298762104,-0.3066275078616965,-0.4960724172237259,130944,740000,2.1824,65538.63108419268,62342.2743287812,59301.80573183217,56409.622538143856,53658.4927832611,51041.53720979716,48552.212065707135,46184.29274149922,43931.85820546881,41789.27619803507,39751.18914815828,37812.50077662163,35968.36335267859,34214.16557220103,32545.521027016926,30958.2572366052,46250.0
SKINNY,Billie Eilish,79,-2.669441329939015,-2.229533544712801,9,-2.1071611743316896,1.741195401326687,-0.6354858276840119,219733,720000,3.6622166666666662,63767.31673056584,60657.3479955709,57699.05422556644,54885.03814522105,52208.26324857836,49662.03620412697,47239.99011798532,44936.068613350595,42744.510686402085,40659.83630079088,38676.83268469454,36790.5412961724,34996.24542422782,33289.45839457398,31665.912350611066,30121.547581561816,45000.00000000001
BABY I'M BACK,The Kid LAROI,82,-1.5635232862069908,0.571998741781667,11,0.3954627400133307,-0.9324169363728289,0.0860934726104351,171244,800000,2.8540666666666668,70852.57414507316,67397.0533284121,64110.06025062937,60983.375716912284,58009.1813873093,55180.040226807745,52488.87790887258,49928.965125945106,47493.900762668985,45177.59588976764,42974.25853854949,40878.37921796933,38884.71713803091,36988.2871050822,35184.34705623452,33468.38620173535,50000.00000000001
AY MAMÁ,Tito Double P,85,0.095353779391046,0.6918198782712472,4,0.0746340348815043,0.4509485972715783,1.2810655622700289,163115,790000,2.718583333333333,69966.91696825974,66554.59016180695,63308.684497496506,60221.08352045088,57284.066619967925,54490.28972397265,51832.76693501167,49304.853061870795,46900.227003135624,44612.87594114555,42437.080306817625,40367.399477744715,38398.658173805525,36525.93351626867,34744.54271803158,33050.03137421366,49375.0
WHISKEY WHISKEY (feat. Morgan Wallen),Moneybagg Yo,73,0.5750290754675864,0.3837083844408981,5,0.7464274748042565,-0.8882249969067211,-0.1820092398131916,161053,760000,2.6842166666666665,67309.9454378195,64027.2006619915,60904.55723809791,57934.20693106666,55108.72231794383,52421.03821546736,49864.43401342895,47432.51686964785,45119.20572453553,42918.71609527926,40825.545611622016,38834.46025707087,36940.48128112937,35138.872749828086,33425.12970342279,31794.966891648583,47500.0
overseas,Ken Carson,76,-1.0905101470204022,0.8059352463565618,6,0.8451029701482098,-0.9830798384036166,-0.2126495498044633,141032,780000,2.3505333333333334,69081.25979144633,65712.1269952018,62507.30874436364,59458.79132398947,56558.95185262656,53800.53922113755,51176.65596115076,48680.74099779648,46306.55324360226,44048.15599252345,41899.90207508575,39856.4197375201,37912.59920958014,36063.57992745514,34304.738379828654,32631.676546691968,48750.0
Taste,Sabrina Carpenter,81,0.1220024069508538,1.5248620652940426,0,0.6685538406409204,-0.6226787892219847,0.9516822298638588,157280,840000,2.6213333333333333,74395.20285232681,70766.9059948327,67315.56326316085,64032.5445027579,60909.64045667476,57939.04223814813,55113.321804316205,52425.41338224236,49868.59580080243,47436.475684256024,45122.97146547697,42922.29817886779,40828.95299493246,38837.701460336306,36943.564409046245,35141.80551182212,52500.00000000001
i like the way you kiss me,Artemas,82,-0.3510107322357352,1.730269727847608,11,0.6170825687452908,-0.9894797782084404,-0.7442589281530261,142515,780000,2.37525,69081.25979144633,65712.1269952018,62507.30874436364,59458.79132398947,56558.95185262656,53800.53922113755,51176.65596115076,48680.74099779648,46306.55324360226,44048.15599252345,41899.90207508575,39856.4197375201,37912.59920958014,36063.57992745514,34304.738379828654,32631.676546691968,48750.0
Mamushi (feat. Yuki Chiba),Megan Thee Stallion,80,1.6010012365201876,-0.6376241599226654,1,0.4290657465358662,-0.8629724600689452,-0.7457909436525897,156988,850000,2.6164666666666667,75280.86002914023,71609.36916143786,68116.9390162937,64794.8366992193,61634.755224016124,58628.792740983234,55769.43277817711,53049.52544631668,50462.26956033579,48001.195632878116,45660.149697208835,43433.27791909241,41315.01195915784,39300.055049149836,37383.36874724917,35560.16033934381,53125.00000000001
Just Like Johnny,Redferrin,74,-0.4176323011352549,-0.1012819299216879,4,0.3399911101983517,-0.8874358551305407,-0.4271317197433648,199392,820000,3.3232,72623.88849869999,69081.9796616224,65712.81175689511,62507.96010983509,59459.41092199203,56559.54123247794,53801.099856594396,51177.18925409373,48681.24828173571,46307.03578701183,44048.615002013226,41900.33869841856,39856.83506648168,37912.99428270925,36063.95573264038,34305.09585677873,51250.000000000015
Dancing In The Flames,The Weeknd,84,-0.6641321060634766,0.4978237525262126,1,0.0997029445094274,-0.9888405733697342,-0.7358328429054265,220037,720000,3.667283333333333,63767.31673056584,60657.3479955709,57699.05422556644,54885.03814522105,52208.26324857836,49662.03620412697,47239.99011798532,44936.068613350595,42744.510686402085,40659.83630079088,38676.83268469454,36790.5412961724,34996.24542422782,33289.45839457398,31665.912350611066,30121.547581561816,45000.00000000001
Chill Bae,Lil Uzi Vert,76,0.1353267207307578,0.1155372694404096,3,0.1581081701319296,-0.55126145847765,-0.3505309447651856,138324,730000,2.3054,64652.97390737925,61499.81116217605,58500.42997869931,55647.33034168246,52933.378015919734,50351.78670696207,47896.10109184623,45560.18067742491,43338.18444593545,41224.55624941297,39214.010916426414,37301.52103639701,35482.30438845321,33751.8119833875,32105.716688813995,30539.90240908351,45625.0
Wanna Be (with Megan Thee Stallion),GloRilla,74,1.7808794725488903,-0.078458856304625,1,0.3751942598886268,-0.904007832430331,-0.2586100147913708,156444,800000,2.6074,70852.57414507316,67397.0533284121,64110.06025062937,60983.375716912284,58009.1813873093,55180.040226807745,52488.87790887258,49928.965125945106,47493.900762668985,45177.59588976764,42974.25853854949,40878.37921796933,38884.71713803091,36988.2871050822,35184.34705623452,33468.38620173535,50000.00000000001
THE DINER,Billie Eilish,79,1.367825745371869,-1.464960578541195,1,-0.8491819539602635,-0.0343735950794258,-0.5267127272149975,186347,850000,3.105783333333333,75280.86002914023,71609.36916143786,68116.9390162937,64794.8366992193,61634.755224016124,58628.792740983234,55769.43277817711,53049.52544631668,50462.26956033579,48001.195632878116,45660.149697208835,43433.27791909241,41315.01195915784,39300.055049149836,37383.36874724917,35560.16033934381,53125.00000000001
Happy Face,Treaty Oak Revival,72,-0.9106319109916992,1.62186012816656,9,0.2322481369038728,-0.9898901319320542,1.1278640123136707,202219,760000,3.370316666666666,67309.9454378195,64027.2006619915,60904.55723809791,57934.20693106666,55108.72231794383,52421.03821546736,49864.43401342895,47432.51686964785,45119.20572453553,42918.71609527926,40825.545611622016,38834.46025707087,36940.48128112937,35138.872749828086,33425.12970342279,31794.966891648583,47500.0
PerkySex,Lil Uzi Vert,68,0.6616371150369619,1.3137486343362106,0,0.1549078837964499,-0.6447747589550386,-0.6538700136787748,170674,750000,2.8445666666666667,66424.28826100608,63184.73749538635,60103.18148496504,57171.91473460526,54383.607550602464,51731.287712632264,49208.323039568044,46808.40480557354,44525.53196500217,42353.99614665716,40288.36737989015,38323.48051684625,36454.422316903976,34676.519161014556,32985.32536521986,31376.61206412689,46875.00000000001
Feel It - From The Original Series “Invincible”,d4vd,78,-0.5775240664941019,-0.2838665188581911,8,0.1901110334867253,-0.8795444373687357,0.2699353325580649,157974,760000,2.6329,67309.9454378195,64027.2006619915,60904.55723809791,57934.20693106666,55108.72231794383,52421.03821546736,49864.43401342895,47432.51686964785,45119.20572453553,42918.71609527926,40825.545611622016,38834.46025707087,36940.48128112937,35138.872749828086,33425.12970342279,31794.966891648583,47500.0
I Don't Wanna Wait,David Guetta,85,0.1952861327403254,0.406531458057961,1,0.5226741218486435,-0.8452167701048842,0.4001566500209694,149668,810000,2.494466666666667,71738.23132188657,68239.51649501726,64911.43600376224,61745.66791337368,58734.29615465066,55869.790729642846,53144.98888273349,50553.07719001942,48087.57452220235,45742.31583838974,43511.43677028136,41389.358958193945,39370.7761022563,37450.64069389572,35624.151394437446,33886.74102925704,50625.000000000015
HIM ALL ALONG,Gunna,76,1.4677580987211485,-0.7745626016250429,4,0.0677000811546318,-0.2237676213627445,-0.5267127272149975,158667,740000,2.64445,65538.63108419268,62342.2743287812,59301.80573183217,56409.622538143856,53658.4927832611,51041.53720979716,48552.212065707135,46184.29274149922,43931.85820546881,41789.27619803507,39751.18914815828,37812.50077662163,35968.36335267859,34214.16557220103,32545.521027016926,30958.2572366052,46250.0
Half of forever,Henrik,77,0.6549749581470099,-1.8814816720525929,9,-0.2019240426095214,1.899023756562786,0.606978742462053,153250,780000,2.5541666666666667,69081.25979144633,65712.1269952018,62507.30874436364,59458.79132398947,56558.95185262656,53800.53922113755,51176.65596115076,48680.74099779648,46306.55324360226,44048.15599252345,41899.90207508575,39856.4197375201,37912.59920958014,36063.57992745514,34304.738379828654,32631.676546691968,48750.0
Help Me,Real Boston Richey,73,0.6483128012570579,0.3780026160366324,6,0.0511652684213208,-0.3815959765988435,1.1431841673093066,181166,740000,3.019433333333333,65538.63108419268,62342.2743287812,59301.80573183217,56409.622538143856,53658.4927832611,51041.53720979716,48552.212065707135,46184.29274149922,43931.85820546881,41789.27619803507,39751.18914815828,37812.50077662163,35968.36335267859,34214.16557220103,32545.521027016926,30958.2572366052,46250.0
Hecha Pa' Mí,Grupo Frontera,82,0.6016777030273942,1.079812129761316,8,0.6160158066334641,-0.655033602045385,0.8904016098813154,195846,760000,3.2641,67309.9454378195,64027.2006619915,60904.55723809791,57934.20693106666,55108.72231794383,52421.03821546736,49864.43401342895,47432.51686964785,45119.20572453553,42918.71609527926,40825.545611622016,38834.46025707087,36940.48128112937,35138.872749828086,33425.12970342279,31794.966891648583,47500.0
Fable,Gigi Perez,77,-2.1831038769725226,-1.955656661308047,10,-0.8993197732161102,0.6521797501976044,-0.715150633661318,261005,770000,4.350083333333333,68195.60261463291,64869.66382859665,61705.93299123077,58696.49912752807,55833.837085285195,53110.78871830246,50520.54498728985,48056.62893372217,45712.87948406889,43483.436043901354,41362.72384335389,39345.43999729548,37426.54024535475,35601.226338641616,33864.93404162572,32213.321719170275,48125.00000000001
Bad Luck,Zach Top,72,-0.1311595548673206,0.0527738169934866,9,0.3133220574026885,0.9915107139552172,-0.3735111772586393,199248,850000,3.3208,75280.86002914023,71609.36916143786,68116.9390162937,64794.8366992193,61634.755224016124,58628.792740983234,55769.43277817711,53049.52544631668,50462.26956033579,48001.195632878116,45660.149697208835,43433.27791909241,41315.01195915784,39300.055049149836,37383.36874724917,35560.16033934381,53125.00000000001
Whiplash,aespa,80,1.4077986867115806,1.4678043812513852,10,0.9608466592813872,-0.6171547967887212,-0.7748992381442977,183227,850000,3.053783333333333,75280.86002914023,71609.36916143786,68116.9390162937,64794.8366992193,61634.755224016124,58628.792740983234,55769.43277817711,53049.52544631668,50462.26956033579,48001.195632878116,45660.149697208835,43433.27791909241,41315.01195915784,39300.055049149836,37383.36874724917,35560.16033934381,53125.00000000001
you look like you love me (feat. Riley Green),Ella Langley,76,0.0753673087211901,0.1840064902915983,11,0.1935780103501615,0.3996543818198461,0.2316349450689753,224280,800000,3.738,70852.57414507316,67397.0533284121,64110.06025062937,60983.375716912284,58009.1813873093,55180.040226807745,52488.87790887258,49928.965125945106,47493.900762668985,45177.59588976764,42974.25853854949,40878.37921796933,38884.71713803091,36988.2871050822,35184.34705623452,33468.38620173535,50000.00000000001
Magic Johnson,ian,75,1.7275822174292748,0.2638872479513178,1,0.1069035887642565,-0.9884854595704528,-0.8377118736264046,137159,810000,2.2859833333333333,71738.23132188657,68239.51649501726,64911.43600376224,61745.66791337368,58734.29615465066,55869.790729642846,53144.98888273349,50553.07719001942,48087.57452220235,45742.31583838974,43511.43677028136,41389.358958193945,39370.7761022563,37450.64069389572,35624.151394437446,33886.74102925704,50625.000000000015
365,Charli xcx,78,0.7282586839364815,1.2167505714636933,1,0.3882620957585016,-0.385541685479746,-0.15136892982192,203618,780000,3.3936333333333333,69081.25979144633,65712.1269952018,62507.30874436364,59458.79132398947,56558.95185262656,53800.53922113755,51176.65596115076,48680.74099779648,46306.55324360226,44048.15599252345,41899.90207508575,39856.4197375201,37912.59920958014,36063.57992745514,34304.738379828654,32631.676546691968,48750.0
Presidente,Gabito Ballesteros,85,0.5350561341278747,1.0512832877399874,11,0.6466852173484766,-0.5078586607877227,-0.48075226222809,181065,760000,3.01775,67309.9454378195,64027.2006619915,60904.55723809791,57934.20693106666,55108.72231794383,52421.03821546736,49864.43401342895,47432.51686964785,45119.20572453553,42918.71609527926,40825.545611622016,38834.46025707087,36940.48128112937,35138.872749828086,33425.12970342279,31794.966891648583,47500.0
Light Year (Practice),Lil Uzi Vert,74,-0.0978487704175608,0.281004553164115,1,-0.1744549182299885,-0.932811507260919,1.2657454072743928,164366,800000,2.7394333333333334,70852.57414507316,67397.0533284121,64110.06025062937,60983.375716912284,58009.1813873093,55180.040226807745,52488.87790887258,49928.965125945106,47493.900762668985,45177.59588976764,42974.25853854949,40878.37921796933,38884.71713803091,36988.2871050822,35184.34705623452,33468.38620173535,50000.00000000001
Belong Together,Mark Ambor,81,-0.0378893584079931,0.1440661114617382,2,0.3663934724660579,0.9441622073843876,0.2469551000646111,148318,720000,2.471966666666667,63767.31673056584,60657.3479955709,57699.05422556644,54885.03814522105,52208.26324857836,49662.03620412697,47239.99011798532,44936.068613350595,42744.510686402085,40659.83630079088,38676.83268469454,36790.5412961724,34996.24542422782,33289.45839457398,31665.912350611066,30121.547581561816,45000.00000000001
BANDIT,Don Toliver,76,0.1886239758503734,0.862992930399219,2,0.5448094356690439,-0.9700984561854474,2.2462353269950848,147707,750000,2.461783333333333,66424.28826100608,63184.73749538635,60103.18148496504,57171.91473460526,54383.607550602464,51731.287712632264,49208.323039568044,46808.40480557354,44525.53196500217,42353.99614665716,40288.36737989015,38323.48051684625,36454.422316903976,34676.519161014556,32985.32536521986,31376.61206412689,46875.00000000001
i am not who i was,Chance Peña,78,0.3351914274293158,-2.4121181336493045,0,-1.898609181469605,1.7609239457311994,-0.6944684244172098,145438,780000,2.423966666666667,69081.25979144633,65712.1269952018,62507.30874436364,59458.79132398947,56558.95185262656,53800.53922113755,51176.65596115076,48680.74099779648,46306.55324360226,44048.15599252345,41899.90207508575,39856.4197375201,37912.59920958014,36063.57992745514,34304.738379828654,32631.676546691968,48750.0
Never Lose Me,Flo Milli,76,0.8615018217355207,-0.4208049605605685,1,-0.3416698792587958,-0.7824799988985348,-0.6262937346866303,125902,760000,2.0983666666666667,67309.9454378195,64027.2006619915,60904.55723809791,57934.20693106666,55108.72231794383,52421.03821546736,49864.43401342895,47432.51686964785,45119.20572453553,42918.71609527926,40825.545611622016,38834.46025707087,36940.48128112937,35138.872749828086,33425.12970342279,31794.966891648583,47500.0
PERO NO TE ENAMORES,Fuerza Regida,80,0.481758879008259,1.387923623591665,8,0.2586504991715793,0.3799258374153337,-0.5573530372062692,183847,810000,3.0641166666666666,71738.23132188657,68239.51649501726,64911.43600376224,61745.66791337368,58734.29615465066,55869.790729642846,53144.98888273349,50553.07719001942,48087.57452220235,45742.31583838974,43511.43677028136,41389.358958193945,39370.7761022563,37450.64069389572,35624.151394437446,33886.74102925704,50625.000000000015
If We Being Rëal,Yeat,80,-1.2970370106089124,-0.8202087488591686,1,-0.0248415320463188,-0.0185907595558159,-0.0671080773459229,172500,780000,2.875,69081.25979144633,65712.1269952018,62507.30874436364,59458.79132398947,56558.95185262656,53800.53922113755,51176.65596115076,48680.74099779648,46306.55324360226,44048.15599252345,41899.90207508575,39856.4197375201,37912.59920958014,36063.57992745514,34304.738379828654,32631.676546691968,48750.0
N o C h i l l,PARTYNEXTDOOR,78,-0.5109024975945823,-1.322316368434552,2,-0.6520976538003138,1.015184967240632,-0.6998304786656823,265374,810000,4.4229,71738.23132188657,68239.51649501726,64911.43600376224,61745.66791337368,58734.29615465066,55869.790729642846,53144.98888273349,50553.07719001942,48087.57452220235,45742.31583838974,43511.43677028136,41389.358958193945,39370.7761022563,37450.64069389572,35624.151394437446,33886.74102925704,50625.000000000015
Guess featuring billie eilish,Charli xcx,80,0.8548396648455687,0.4008256896536952,0,0.5557437473152657,-0.9272875148276556,-0.2739301697870067,143331,820000,2.38885,72623.88849869999,69081.9796616224,65712.81175689511,62507.96010983509,59459.41092199203,56559.54123247794,53801.099856594396,51177.18925409373,48681.24828173571,46307.03578701183,44048.615002013226,41900.33869841856,39856.83506648168,37912.99428270925,36063.95573264038,34305.09585677873,51250.000000000015
In The Stars,Benson Boone,81,-1.929941915154348,-0.5862722442842739,10,0.1455737153179681,0.3404687486063092,-0.312230557276096,216410,730000,3.606833333333333,64652.97390737925,61499.81116217605,58500.42997869931,55647.33034168246,52933.378015919734,50351.78670696207,47896.10109184623,45560.18067742491,43338.18444593545,41224.55624941297,39214.010916426414,37301.52103639701,35482.30438845321,33751.8119833875,32105.716688813995,30539.90240908351,45625.0
Rey Sin Reina,Julión Álvarez y su Norteño Banda,84,-0.8173617145323717,-1.6361336306691667,3,-0.0093734814248343,0.1510747223229903,-0.3352107897695497,150523,860000,2.5087166666666665,76166.51720595364,72451.832328043,68918.31476942658,65557.1288956807,62359.86999135749,59318.54324381833,56425.54375203802,53673.63751039099,51055.943319869155,48565.915581500216,46197.32792894071,43944.25765931703,41801.07092338323,39762.40863796336,37823.17308545211,35978.5151668655,53750.00000000001
Cool,Gracie Abrams,76,0.3618400549891237,-0.3580415081136455,0,0.4277322938960831,1.4492129441399042,-0.6033135021931766,229162,730000,3.819366666666667,64652.97390737925,61499.81116217605,58500.42997869931,55647.33034168246,52933.378015919734,50351.78670696207,47896.10109184623,45560.18067742491,43338.18444593545,41224.55624941297,39214.010916426414,37301.52103639701,35482.30438845321,33751.8119833875,32105.716688813995,30539.90240908351,45625.0
I Am Not Okay,Jelly Roll,74,-0.770726616302708,0.0470680485892209,7,0.3650600198262748,-0.6617413071429191,-0.243289859795735,198067,730000,3.3011166666666667,64652.97390737925,61499.81116217605,58500.42997869931,55647.33034168246,52933.378015919734,50351.78670696207,47896.10109184623,45560.18067742491,43338.18444593545,41224.55624941297,39214.010916426414,37301.52103639701,35482.30438845321,33751.8119833875,32105.716688813995,30539.90240908351,45625.0
A Cigarette,Gavin Adcock,72,-0.2644026926663598,-2.8229334587564363,7,-1.4321674480734576,2.3961830755564977,-0.3888313322542752,179900,810000,2.998333333333333,71738.23132188657,68239.51649501726,64911.43600376224,61745.66791337368,58734.29615465066,55869.790729642846,53144.98888273349,50553.07719001942,48087.57452220235,45742.31583838974,43511.43677028136,41389.358958193945,39370.7761022563,37450.64069389572,35624.151394437446,33886.74102925704,50625.000000000015
"I Love You, I'm Sorry - Live From Vevo",Gracie Abrams,76,-1.35699642261848,-1.076968327051126,10,-0.6774332539561939,1.547855666162466,-0.6523379981792112,204165,810000,3.40275,71738.23132188657,68239.51649501726,64911.43600376224,61745.66791337368,58734.29615465066,55869.790729642846,53144.98888273349,50553.07719001942,48087.57452220235,45742.31583838974,43511.43677028136,41389.358958193945,39370.7761022563,37450.64069389572,35624.151394437446,33886.74102925704,50625.000000000015
Losers (Feat. Jelly Roll),Post Malone,75,-0.2977134771161196,0.6689968046541843,0,0.6808216049269254,-0.8779661538163747,-0.2586100147913708,209038,730000,3.483966666666667,64652.97390737925,61499.81116217605,58500.42997869931,55647.33034168246,52933.378015919734,50351.78670696207,47896.10109184623,45560.18067742491,43338.18444593545,41224.55624941297,39214.010916426414,37301.52103639701,35482.30438845321,33751.8119833875,32105.716688813995,30539.90240908351,45625.0
Sympathy is a knife featuring ariana grande,Charli xcx,78,0.3951508394388835,-0.2268088348155338,3,-0.3302021865566609,-0.613603658795909,-0.5190526497171797,154127,730000,2.568783333333333,64652.97390737925,61499.81116217605,58500.42997869931,55647.33034168246,52933.378015919734,50351.78670696207,47896.10109184623,45560.18067742491,43338.18444593545,41224.55624941297,39214.010916426414,37301.52103639701,35482.30438845321,33751.8119833875,32105.716688813995,30539.90240908351,45625.0
Houdini,Eminem,81,1.8941361396780736,1.3936293919959308,9,1.0179184322641064,-0.8779661538163747,-0.9311648190997832,227239,760000,3.787316666666667,67309.9454378195,64027.2006619915,60904.55723809791,57934.20693106666,55108.72231794383,52421.03821546736,49864.43401342895,47432.51686964785,45119.20572453553,42918.71609527926,40825.545611622016,38834.46025707087,36940.48128112937,35138.872749828086,33425.12970342279,31794.966891648583,47500.0
It's Up (feat. Young Thug & 21 Savage),Drake,76,0.8748261355154247,0.4578833736963525,1,0.452267822468093,-0.8890141386829016,-0.1590290073197379,278001,740000,4.63335,65538.63108419268,62342.2743287812,59301.80573183217,56409.622538143856,53658.4927832611,51041.53720979716,48552.212065707135,46184.29274149922,43931.85820546881,41789.27619803507,39751.18914815828,37812.50077662163,35968.36335267859,34214.16557220103,32545.521027016926,30958.2572366052,46250.0
American Nights,Zach Bryan,73,-0.5442132820443422,0.2011237955043955,6,0.2527833075565336,-0.8712584487188404,-0.580333269699723,218933,760000,3.6488833333333335,67309.9454378195,64027.2006619915,60904.55723809791,57934.20693106666,55108.72231794383,52421.03821546736,49864.43401342895,47432.51686964785,45119.20572453553,42918.71609527926,40825.545611622016,38834.46025707087,36940.48128112937,35138.872749828086,33425.12970342279,31794.966891648583,47500.0
FRI(END)S,V,86,-1.2370775985993447,-0.2382203716240653,8,0.5624110105141815,-0.868891023390299,-0.6668921454250653,148082,710000,2.468033333333333,62881.659553752426,59814.88482896574,56897.67847243357,54122.74594875965,51483.148481236996,48972.285701291876,46583.87914412441,44311.956549276285,42150.836926868724,40095.116352168785,38139.65445296268,36279.56155594778,34510.186460002435,32827.10480576045,31226.108012408135,29703.192754040123,44375.0
HOLLYWOOD,Peso Pluma,81,0.3685022118790756,0.2296526375257241,3,-0.2723303419900719,1.7688153634930044,-0.3505309447651856,284864,740000,4.747733333333334,65538.63108419268,62342.2743287812,59301.80573183217,56409.622538143856,53658.4927832611,51041.53720979716,48552.212065707135,46184.29274149922,43931.85820546881,41789.27619803507,39751.18914815828,37812.50077662163,35968.36335267859,34214.16557220103,32545.521027016926,30958.2572366052,46250.0
Ends of the Earth,Ty Myers,71,-0.0312272015180412,-1.972773966520844,9,-0.3278019718050511,0.0248120381341112,-0.6201656726883761,269830,730000,4.497166666666667,64652.97390737925,61499.81116217605,58500.42997869931,55647.33034168246,52933.378015919734,50351.78670696207,47896.10109184623,45560.18067742491,43338.18444593545,41224.55624941297,39214.010916426414,37301.52103639701,35482.30438845321,33751.8119833875,32105.716688813995,30539.90240908351,45625.0
TEFLON DON,Future,74,1.7608930018790343,-0.369453044922177,11,0.08050122649655,-0.9794103291443772,-0.5113925722193617,159894,720000,2.6649,63767.31673056584,60657.3479955709,57699.05422556644,54885.03814522105,52208.26324857836,49662.03620412697,47239.99011798532,44936.068613350595,42744.510686402085,40659.83630079088,38676.83268469454,36790.5412961724,34996.24542422782,33289.45839457398,31665.912350611066,30121.547581561816,45000.00000000001
Wild Ones (feat. Jelly Roll),Jessie Murph,73,0.0687051518312382,-0.5292145602416166,0,0.2029121788286436,-0.9792130437003322,1.7330101346412856,141368,810000,2.356133333333333,71738.23132188657,68239.51649501726,64911.43600376224,61745.66791337368,58734.29615465066,55869.790729642846,53144.98888273349,50553.07719001942,48087.57452220235,45742.31583838974,43511.43677028136,41389.358958193945,39370.7761022563,37450.64069389572,35624.151394437446,33886.74102925704,50625.000000000015
Magnetic,ILLIT,83,0.968096331974752,0.1440661114617382,6,0.2021121072447737,0.0208663292532087,-0.7059585406639366,160688,770000,2.6781333333333333,68195.60261463291,64869.66382859665,61705.93299123077,58696.49912752807,55833.837085285195,53110.78871830246,50520.54498728985,48056.62893372217,45712.87948406889,43483.436043901354,41362.72384335389,39345.43999729548,37426.54024535475,35601.226338641616,33864.93404162572,32213.321719170275,48125.00000000001
High Road (feat. Jessie Murph),Koe Wetzel,73,-0.1977811237668402,0.4750006789091497,6,0.2583838086436228,-0.7887931331079787,-0.6829783081704829,178416,730000,2.9736,64652.97390737925,61499.81116217605,58500.42997869931,55647.33034168246,52933.378015919734,50351.78670696207,47896.10109184623,45560.18067742491,43338.18444593545,41224.55624941297,39214.010916426414,37301.52103639701,35482.30438845321,33751.8119833875,32105.716688813995,30539.90240908351,45625.0
Maxed Out,Bayker Blankenship,73,0.2219347603001333,-1.5334297993923836,7,-1.120406220892157,0.423328635105261,-0.5650131147040871,172608,710000,2.8768,62881.659553752426,59814.88482896574,56897.67847243357,54122.74594875965,51483.148481236996,48972.285701291876,46583.87914412441,44311.956549276285,42150.836926868724,40095.116352168785,38139.65445296268,36279.56155594778,34510.186460002435,32827.10480576045,31226.108012408135,29703.192754040123,44375.0
TGIF,GloRilla,76,1.5943390796302357,-0.6661530019439941,8,0.0151620471471758,-0.6826535642117023,-0.3581910222630035,164571,830000,2.74285,73509.5456755134,69924.44282822756,66514.18751002797,63270.25230629649,60184.52568933339,57249.29173531304,54457.2108304553,51801.30131816805,49274.92204126907,46871.75573563393,44585.7932337451,42411.31843864318,40342.89403070707,38375.347871522776,36503.76007084331,34723.45068430043,51874.99999999999
Houdini,Dua Lipa,81,0.6150020168072982,0.8344640883778904,9,0.4536012751078761,-0.978976301167478,-0.6515719904294294,185918,710000,3.0986333333333334,62881.659553752426,59814.88482896574,56897.67847243357,54122.74594875965,51483.148481236996,48972.285701291876,46583.87914412441,44311.956549276285,42150.836926868724,40095.116352168785,38139.65445296268,36279.56155594778,34510.186460002435,32827.10480576045,31226.108012408135,29703.192754040123,44375.0
Forever,Noah Kahan,74,-1.7167528946758857,-2.2067104710957386,0,-1.1646768485329575,2.0252864407516653,-0.488412339725908,268354,760000,4.472566666666666,67309.9454378195,64027.2006619915,60904.55723809791,57934.20693106666,55108.72231794383,52421.03821546736,49864.43401342895,47432.51686964785,45119.20572453553,42918.71609527926,40825.545611622016,38834.46025707087,36940.48128112937,35138.872749828086,33425.12970342279,31794.966891648583,47500.0
High Road (feat. Jessie Murph),Koe Wetzel,73,-0.2510783788864559,0.571998741781667,6,0.408263885355249,-0.6621358780310094,-0.5573530372062692,179413,720000,2.9902166666666665,63767.31673056584,60657.3479955709,57699.05422556644,54885.03814522105,52208.26324857836,49662.03620412697,47239.99011798532,44936.068613350595,42744.510686402085,40659.83630079088,38676.83268469454,36790.5412961724,34996.24542422782,33289.45839457398,31665.912350611066,30121.547581561816,45000.00000000001
Change Me,BigXthaPlug,73,1.1546367248934062,0.0299507433764237,6,0.3879954052305451,-0.6641087324714606,0.1780144025842501,137000,730000,2.283333333333333,64652.97390737925,61499.81116217605,58500.42997869931,55647.33034168246,52933.378015919734,50351.78670696207,47896.10109184623,45560.18067742491,43338.18444593545,41224.55624941297,39214.010916426414,37301.52103639701,35482.30438845321,33751.8119833875,32105.716688813995,30539.90240908351,45625.0
obsessed,Olivia Rodrigo,77,0.1886239758503734,-0.3523357397093798,8,0.3762610220004533,-0.921763522394392,0.7372000599249575,170542,750000,2.8423666666666665,66424.28826100608,63184.73749538635,60103.18148496504,57171.91473460526,54383.607550602464,51731.287712632264,49208.323039568044,46808.40480557354,44525.53196500217,42353.99614665716,40288.36737989015,38323.48051684625,36454.422316903976,34676.519161014556,32985.32536521986,31376.61206412689,46875.00000000001
BAND4BAND (feat. Lil Baby),Central Cee,81,1.5343796676206678,0.6918198782712472,11,0.3562592324037062,0.423328635105261,-0.4654321072324543,140733,760000,2.34555,67309.9454378195,64027.2006619915,60904.55723809791,57934.20693106666,55108.72231794383,52421.03821546736,49864.43401342895,47432.51686964785,45119.20572453553,42918.71609527926,40825.545611622016,38834.46025707087,36940.48128112937,35138.872749828086,33425.12970342279,31794.966891648583,47500.0
Spin You Around,Morgan Wallen,72,-0.8973075972117952,1.3365717079532735,4,0.7882978876934474,-0.9875779465278456,0.2163147900733394,212850,840000,3.5475,74395.20285232681,70766.9059948327,67315.56326316085,64032.5445027579,60909.64045667476,57939.04223814813,55113.321804316205,52425.41338224236,49868.59580080243,47436.475684256024,45122.97146547697,42922.29817886779,40828.95299493246,38837.701460336306,36943.564409046245,35141.80551182212,52500.00000000001
I Ain't Sayin',Jordan Davis,73,-0.2510783788864559,1.536273602102574,8,0.5306748376873425,0.7666053077437762,-0.1283886973284662,174060,820000,2.901,72623.88849869999,69081.9796616224,65712.81175689511,62507.96010983509,59459.41092199203,56559.54123247794,53801.099856594396,51177.18925409373,48681.24828173571,46307.03578701183,44048.615002013226,41900.33869841856,39856.83506648168,37912.99428270925,36063.95573264038,34305.09585677873,51250.000000000015
Darlin',Chase Matthew,72,0.974758488864704,-0.2096915296027366,2,0.0791677738567669,-0.2790075456953792,1.618108972174017,165000,640000,2.75,56682.05931605853,53917.64266272968,51288.0482005035,48786.70057352982,46407.34510984743,44144.0321814462,41991.10232709806,39943.172100756085,37995.120610135185,36142.076711814116,34379.406830839594,32702.703374375462,31107.773710424728,29590.629684065756,28147.47764498761,26774.70896138828,40000.00000000001
Hell is a Dance Floor,Vincent Mason,71,0.095353779391046,-1.6247220938606353,9,-0.2213924511503555,2.0252864407516653,-0.8040075326360058,210000,770000,3.5,68195.60261463291,64869.66382859665,61705.93299123077,58696.49912752807,55833.837085285195,53110.78871830246,50520.54498728985,48056.62893372217,45712.87948406889,43483.436043901354,41362.72384335389,39345.43999729548,37426.54024535475,35601.226338641616,33864.93404162572,32213.321719170275,48125.00000000001
57,KAROL G,81,1.3078663333623013,0.3951199212494296,1,0.8008323425074092,-0.1211791904592802,-0.5650131147040871,298131,810000,4.96885,71738.23132188657,68239.51649501726,64911.43600376224,61745.66791337368,58734.29615465066,55869.790729642846,53144.98888273349,50553.07719001942,48087.57452220235,45742.31583838974,43511.43677028136,41389.358958193945,39370.7761022563,37450.64069389572,35624.151394437446,33886.74102925704,50625.000000000015
SANTAL 33,Peso Pluma,81,0.4217994669986913,0.6918198782712472,6,0.1367729278953992,1.6346612615423206,-0.243289859795735,189834,770000,3.1639,68195.60261463291,64869.66382859665,61705.93299123077,58696.49912752807,55833.837085285195,53110.78871830246,50520.54498728985,48056.62893372217,45712.87948406889,43483.436043901354,41362.72384335389,39345.43999729548,37426.54024535475,35601.226338641616,33864.93404162572,32213.321719170275,48125.00000000001
Hate Me,Lil Yachty,73,-0.0911866135276088,-0.1012819299216879,8,-0.0885805682279535,-0.9893298412709662,-0.1743491623153737,161259,810000,2.68765,71738.23132188657,68239.51649501726,64911.43600376224,61745.66791337368,58734.29615465066,55869.790729642846,53144.98888273349,50553.07719001942,48087.57452220235,45742.31583838974,43511.43677028136,41389.358958193945,39370.7761022563,37450.64069389572,35624.151394437446,33886.74102925704,50625.000000000015
A Lot More Free,Max McNown,75,-1.2170911279294894,-2.075477797797627,1,-0.592892356593942,-0.2119304947200371,-0.8231577263805506,198920,720000,3.315333333333333,63767.31673056584,60657.3479955709,57699.05422556644,54885.03814522105,52208.26324857836,49662.03620412697,47239.99011798532,44936.068613350595,42744.510686402085,40659.83630079088,38676.83268469454,36790.5412961724,34996.24542422782,33289.45839457398,31665.912350611066,30121.547581561816,45000.00000000001
Pour Me A Drink (Feat. Blake Shelton),Post Malone,75,-0.4642673993649186,1.5191562968897767,11,0.7314928052386852,-0.9856445491762033,0.9823225398551304,195123,760000,3.25205,67309.9454378195,64027.2006619915,60904.55723809791,57934.20693106666,55108.72231794383,52421.03821546736,49864.43401342895,47432.51686964785,45119.20572453553,42918.71609527926,40825.545611622016,38834.46025707087,36940.48128112937,35138.872749828086,33425.12970342279,31794.966891648583,47500.0
Belong Together,Mark Ambor,82,-0.0378893584079931,0.1440661114617382,2,0.3663934724660579,0.9441622073843876,0.2469551000646111,148318,770000,2.471966666666667,68195.60261463291,64869.66382859665,61705.93299123077,58696.49912752807,55833.837085285195,53110.78871830246,50520.54498728985,48056.62893372217,45712.87948406889,43483.436043901354,41362.72384335389,39345.43999729548,37426.54024535475,35601.226338641616,33864.93404162572,32213.321719170275,48125.00000000001
Madonna,Natanael Cano,84,0.5350561341278747,1.3137486343362106,0,0.1631752901631056,-0.8160185243862059,1.2810655622700289,187088,740000,3.118133333333333,65538.63108419268,62342.2743287812,59301.80573183217,56409.622538143856,53658.4927832611,51041.53720979716,48552.212065707135,46184.29274149922,43931.85820546881,41789.27619803507,39751.18914815828,37812.50077662163,35968.36335267859,34214.16557220103,32545.521027016926,30958.2572366052,46250.0
House Again,Hudson Westbrook,71,-0.1578081824271284,-2.1667700922658786,8,-0.7353050985227824,1.6109870082569058,0.001832620134438,202291,740000,3.3715166666666665,65538.63108419268,62342.2743287812,59301.80573183217,56409.622538143856,53658.4927832611,51041.53720979716,48552.212065707135,46184.29274149922,43931.85820546881,41789.27619803507,39751.18914815828,37812.50077662163,35968.36335267859,34214.16557220103,32545.521027016926,30958.2572366052,46250.0
GGUM,YEONJUN,80,1.4810824125010522,-0.1241050035387508,10,-0.077379566053775,-0.9825274391602902,-0.6814462926709193,151689,710000,2.52815,62881.659553752426,59814.88482896574,56897.67847243357,54122.74594875965,51483.148481236996,48972.285701291876,46583.87914412441,44311.956549276285,42150.836926868724,40095.116352168785,38139.65445296268,36279.56155594778,34510.186460002435,32827.10480576045,31226.108012408135,29703.192754040123,44375.0
we can't be friends (wait for your love),Ariana Grande,81,-0.0445515152979451,0.0185392065678923,5,-0.4686145705661519,-0.7505197569632248,-0.8101355946342602,228639,810000,3.81065,71738.23132188657,68239.51649501726,64911.43600376224,61745.66791337368,58734.29615465066,55869.790729642846,53144.98888273349,50553.07719001942,48087.57452220235,45742.31583838974,43511.43677028136,41389.358958193945,39370.7761022563,37450.64069389572,35624.151394437446,33886.74102925704,50625.000000000015
No Pasa Nada,Clave Especial,76,1.214596136902974,1.4335697708257908,4,1.238204808356283,-0.0856678105311579,-0.4271317197433648,136001,730000,2.2666833333333334,64652.97390737925,61499.81116217605,58500.42997869931,55647.33034168246,52933.378015919734,50351.78670696207,47896.10109184623,45560.18067742491,43338.18444593545,41224.55624941297,39214.010916426414,37301.52103639701,35482.30438845321,33751.8119833875,32105.716688813995,30539.90240908351,45625.0
Jailbreak,Waylon Wyatt,71,-0.9372805385515072,-0.2838665188581911,10,0.4207983401692107,1.1098819803822917,-0.5496929597084513,193533,720000,3.22555,63767.31673056584,60657.3479955709,57699.05422556644,54885.03814522105,52208.26324857836,49662.03620412697,47239.99011798532,44936.068613350595,42744.510686402085,40659.83630079088,38676.83268469454,36790.5412961724,34996.24542422782,33289.45839457398,31665.912350611066,30121.547581561816,45000.00000000001
Close To You,Gracie Abrams,77,-0.4109701442453029,0.4807064473134154,6,-0.3675388604705891,-0.8909869931233528,-0.7434929204032444,225973,770000,3.7662166666666663,68195.60261463291,64869.66382859665,61705.93299123077,58696.49912752807,55833.837085285195,53110.78871830246,50520.54498728985,48056.62893372217,45712.87948406889,43483.436043901354,41362.72384335389,39345.43999729548,37426.54024535475,35601.226338641616,33864.93404162572,32213.321719170275,48125.00000000001
hakuna matata,Gunna,75,1.827514570778554,0.4750006789091497,5,0.5088062143948988,0.1195090512757704,-0.5343728047128155,127853,860000,2.130883333333333,76166.51720595364,72451.832328043,68918.31476942658,65557.1288956807,62359.86999135749,59318.54324381833,56425.54375203802,53673.63751039099,51055.943319869155,48565.915581500216,46197.32792894071,43944.25765931703,41801.07092338323,39762.40863796336,37823.17308545211,35978.5151668655,53750.00000000001
Get It Sexyy,Sexyy Red,71,1.0613665284340794,-0.015695403857702,5,0.2525166170285768,-0.6155765132363602,-0.404151487249911,148552,720000,2.4758666666666667,63767.31673056584,60657.3479955709,57699.05422556644,54885.03814522105,52208.26324857836,49662.03620412697,47239.99011798532,44936.068613350595,42744.510686402085,40659.83630079088,38676.83268469454,36790.5412961724,34996.24542422782,33289.45839457398,31665.912350611066,30121.547581561816,45000.00000000001
PLUTOSKI,Future,74,0.9481098613048962,-0.626212623114134,9,-0.4344781829877032,-0.4407816098123805,0.2086547125755215,179023,760000,2.9837166666666666,67309.9454378195,64027.2006619915,60904.55723809791,57934.20693106666,55108.72231794383,52421.03821546736,49864.43401342895,47432.51686964785,45119.20572453553,42918.71609527926,40825.545611622016,38834.46025707087,36940.48128112937,35138.872749828086,33425.12970342279,31794.966891648583,47500.0
The Prophecy,Taylor Swift,76,-1.536874658647183,-0.6718587703482598,10,-1.0086628896783287,2.2620289736058137,0.9823225398551304,249807,850000,4.16345,75280.86002914023,71609.36916143786,68116.9390162937,64794.8366992193,61634.755224016124,58628.792740983234,55769.43277817711,53049.52544631668,50462.26956033579,48001.195632878116,45660.149697208835,43433.27791909241,41315.01195915784,39300.055049149836,37383.36874724917,35560.16033934381,53125.00000000001
Burning Down,Alex Warren,77,-1.0172264212309303,0.1783007218873326,10,0.7229587083440729,-0.6992255415114926,-0.8829063308635303,179437,810000,2.9906166666666665,71738.23132188657,68239.51649501726,64911.43600376224,61745.66791337368,58734.29615465066,55869.790729642846,53144.98888273349,50553.07719001942,48087.57452220235,45742.31583838974,43511.43677028136,41389.358958193945,39370.7761022563,37450.64069389572,35624.151394437446,33886.74102925704,50625.000000000015
That’s So True - Live From Radio City Music Hall,Gracie Abrams,63,-0.9972399505610746,0.7659948675267017,10,-0.1147162399677032,-0.8183859497147473,1.35000625975039,194199,730000,3.23665,64652.97390737925,61499.81116217605,58500.42997869931,55647.33034168246,52933.378015919734,50351.78670696207,47896.10109184623,45560.18067742491,43338.18444593545,41224.55624941297,39214.010916426414,37301.52103639701,35482.30438845321,33751.8119833875,32105.716688813995,30539.90240908351,45625.0
BITTERSUITE,Billie Eilish,77,-0.8706589696519874,-2.21812200790427,9,-2.0887595279026825,2.222571884796789,-0.5037324947215438,298440,760000,4.974,67309.9454378195,64027.2006619915,60904.55723809791,57934.20693106666,55108.72231794383,52421.03821546736,49864.43401342895,47432.51686964785,45119.20572453553,42918.71609527926,40825.545611622016,38834.46025707087,36940.48128112937,35138.872749828086,33425.12970342279,31794.966891648583,47500.0
NUMBER 2,Lil Tecca,74,-0.0778622997477049,-0.0442242458790306,1,0.4850707574067586,-0.7789288609057226,-0.5113925722193617,137904,720000,2.2984,63767.31673056584,60657.3479955709,57699.05422556644,54885.03814522105,52208.26324857836,49662.03620412697,47239.99011798532,44936.068613350595,42744.510686402085,40659.83630079088,38676.83268469454,36790.5412961724,34996.24542422782,33289.45839457398,31665.912350611066,30121.547581561816,45000.00000000001
SI NO ES CONTIGO - REMIX,Cris Mj,81,0.5350561341278747,0.5548814365688699,0,0.6122821392420714,-0.8148348117219352,-0.404151487249911,254501,760000,4.2416833333333335,67309.9454378195,64027.2006619915,60904.55723809791,57934.20693106666,55108.72231794383,52421.03821546736,49864.43401342895,47432.51686964785,45119.20572453553,42918.71609527926,40825.545611622016,38834.46025707087,36940.48128112937,35138.872749828086,33425.12970342279,31794.966891648583,47500.0
mewtwo,Ken Carson,73,-0.0378893584079931,0.5834102785901985,8,0.862971235521304,-0.911899250192136,-0.1973293948088275,128000,800000,2.1333333333333333,70852.57414507316,67397.0533284121,64110.06025062937,60983.375716912284,58009.1813873093,55180.040226807745,52488.87790887258,49928.965125945106,47493.900762668985,45177.59588976764,42974.25853854949,40878.37921796933,38884.71713803091,36988.2871050822,35184.34705623452,33468.38620173535,50000.00000000001
TGIF,GloRilla,72,1.6143255503000915,-0.6661530019439941,10,-0.0120403867044005,-0.675945859114168,-0.3658510997608214,164571,710000,2.74285,62881.659553752426,59814.88482896574,56897.67847243357,54122.74594875965,51483.148481236996,48972.285701291876,46583.87914412441,44311.956549276285,42150.836926868724,40095.116352168785,38139.65445296268,36279.56155594778,34510.186460002435,32827.10480576045,31226.108012408135,29703.192754040123,44375.0
Neva Play (feat. RM of BTS),Megan Thee Stallion,80,1.161298881783358,0.6461737310371215,2,0.4247986980885601,-0.9130829628564068,-0.6760842384224468,157173,800000,2.61955,70852.57414507316,67397.0533284121,64110.06025062937,60983.375716912284,58009.1813873093,55180.040226807745,52488.87790887258,49928.965125945106,47493.900762668985,45177.59588976764,42974.25853854949,40878.37921796933,38884.71713803091,36988.2871050822,35184.34705623452,33468.38620173535,50000.00000000001
Move,Adam Port,86,0.5017453496781149,0.7945237095480303,8,-0.520619223517695,-0.7710374431439176,0.346536107536244,177599,720000,2.959983333333333,63767.31673056584,60657.3479955709,57699.05422556644,54885.03814522105,52208.26324857836,49662.03620412697,47239.99011798532,44936.068613350595,42744.510686402085,40659.83630079088,38676.83268469454,36790.5412961724,34996.24542422782,33289.45839457398,31665.912350611066,30121.547581561816,45000.00000000001
New Woman (feat. ROSALÍA),LISA,86,-1.1637938728098736,1.2053390346551618,7,0.4965384501088938,-0.6546390311572947,-0.8790762921146213,179790,710000,2.9965,62881.659553752426,59814.88482896574,56897.67847243357,54122.74594875965,51483.148481236996,48972.285701291876,46583.87914412441,44311.956549276285,42150.836926868724,40095.116352168785,38139.65445296268,36279.56155594778,34510.186460002435,32827.10480576045,31226.108012408135,29703.192754040123,44375.0
Wine Into Whiskey,Tucker Wetmore,71,0.4151373101087394,0.3095333951854436,11,0.3599928997950988,-0.6996201123995829,-0.6653601299255018,166347,750000,2.77245,66424.28826100608,63184.73749538635,60103.18148496504,57171.91473460526,54383.607550602464,51731.287712632264,49208.323039568044,46808.40480557354,44525.53196500217,42353.99614665716,40288.36737989015,38323.48051684625,36454.422316903976,34676.519161014556,32985.32536521986,31376.61206412689,46875.00000000001
Pretty Slowly,Benson Boone,76,-0.4242944580252068,-0.3808645817307084,9,0.2018454167168169,0.4627857239142857,-0.572673192201905,261421,560000,4.3570166666666665,49596.80190155121,47177.937329888475,44877.04217544056,42688.363001838596,40606.4269711165,38626.028158765424,36742.214536210806,34950.275588161574,33245.730533868285,31624.31712283735,30081.980976984643,28614.86545257853,27219.301996621638,25891.800973557536,24629.04293936416,23427.870341214744,35000.00000000001
Better Days (feat. John Mayer),Zach Bryan,73,-0.5975105371639571,-0.4493338025818971,9,-0.0984481177623488,1.7885439078975167,-0.6630621066761563,212467,820000,3.5411166666666665,72623.88849869999,69081.9796616224,65712.81175689511,62507.96010983509,59459.41092199203,56559.54123247794,53801.099856594396,51177.18925409373,48681.24828173571,46307.03578701183,44048.615002013226,41900.33869841856,39856.83506648168,37912.99428270925,36063.95573264038,34305.09585677873,51250.000000000015
I'm Gonna Love You,Cody Johnson,71,-0.6641321060634766,-0.8487375908804973,3,0.0839682033599864,0.4193829262243585,-0.5496929597084513,188107,730000,3.1351166666666668,64652.97390737925,61499.81116217605,58500.42997869931,55647.33034168246,52933.378015919734,50351.78670696207,47896.10109184623,45560.18067742491,43338.18444593545,41224.55624941297,39214.010916426414,37301.52103639701,35482.30438845321,33751.8119833875,32105.716688813995,30539.90240908351,45625.0
Cinderella,Future,76,1.4944067262809562,-1.3166106000302864,5,-0.3102003969599135,0.7074196745302391,-0.6033135021931766,169840,730000,2.8306666666666667,64652.97390737925,61499.81116217605,58500.42997869931,55647.33034168246,52933.378015919734,50351.78670696207,47896.10109184623,45560.18067742491,43338.18444593545,41224.55624941297,39214.010916426414,37301.52103639701,35482.30438845321,33751.8119833875,32105.716688813995,30539.90240908351,45625.0
Liar,Jelly Roll,72,-0.0445515152979451,0.7089371834840444,1,0.3666601629940147,-0.8333796434621767,-0.6722541996735378,204933,710000,3.41555,62881.659553752426,59814.88482896574,56897.67847243357,54122.74594875965,51483.148481236996,48972.285701291876,46583.87914412441,44311.956549276285,42150.836926868724,40095.116352168785,38139.65445296268,36279.56155594778,34510.186460002435,32827.10480576045,31226.108012408135,29703.192754040123,44375.0
intro (end of the world),Ariana Grande,81,-0.9705913230012668,-1.6018990202435723,10,-0.7742419156044507,1.6504440970659304,-0.0288076898568335,92400,700000,1.54,61996.00237693901,58972.42166236059,56096.3027193007,53360.45375229824,50758.03371389563,48282.53519845678,45927.7681702635,43687.84448520197,41557.16316733536,39530.396403546685,37602.476221230805,35768.58181572316,34024.127495777044,32364.751216946923,30786.303674205203,29284.83792651843,43750.00000000001
delusional,Ken Carson,73,-0.57086190960415,1.0626948245485188,0,0.3365241333349153,-0.9927113137818996,0.3924965725231515,131274,760000,2.1879,67309.9454378195,64027.2006619915,60904.55723809791,57934.20693106666,55108.72231794383,52421.03821546736,49864.43401342895,47432.51686964785,45119.20572453553,42918.71609527926,40825.545611622016,38834.46025707087,36940.48128112937,35138.872749828086,33425.12970342279,31794.966891648583,47500.0
A Cold Sunday,Lil Yachty,72,-0.5109024975945823,1.2395736450807562,9,0.909908768441671,0.1826403933702101,-0.6316557889351029,107314,750000,1.7885666666666666,66424.28826100608,63184.73749538635,60103.18148496504,57171.91473460526,54383.607550602464,51731.287712632264,49208.323039568044,46808.40480557354,44525.53196500217,42353.99614665716,40288.36737989015,38323.48051684625,36454.422316903976,34676.519161014556,32985.32536521986,31376.61206412689,46875.00000000001
M a k e I t T o T h e M o r n i n g,PARTYNEXTDOOR,77,0.1686375051805176,-0.118399235134485,4,0.18024348395233,-0.6652924451357314,-0.1973293948088275,168453,720000,2.80755,63767.31673056584,60657.3479955709,57699.05422556644,54885.03814522105,52208.26324857836,49662.03620412697,47239.99011798532,44936.068613350595,42744.510686402085,40659.83630079088,38676.83268469454,36790.5412961724,34996.24542422782,33289.45839457398,31665.912350611066,30121.547581561816,45000.00000000001
Leave Me Alone,BigXthaPlug,71,1.2212582937929255,0.9086390776333448,7,0.6109486866022883,-0.87046930694266,-0.7013624941652459,143778,870000,2.3963,77052.17438276706,73294.29549464816,69719.69052255944,66319.4210921421,63084.984758698854,60008.29374665343,57081.65472589893,54297.749574465306,51649.61707940252,49130.63553012231,46734.50616067257,44455.23739954165,42287.129887608615,40224.76222677689,38262.97742365504,36396.86999438719,54375.0
Down Bad,Taylor Swift,75,-0.7374158318529482,-1.5790759466265094,11,-1.0227974876600303,1.2164161201666583,-0.6523379981792112,261228,710000,4.3538,62881.659553752426,59814.88482896574,56897.67847243357,54122.74594875965,51483.148481236996,48972.285701291876,46583.87914412441,44311.956549276285,42150.836926868724,40095.116352168785,38139.65445296268,36279.56155594778,34510.186460002435,32827.10480576045,31226.108012408135,29703.192754040123,44375.0
BAD TIME,Lil Tecca,73,0.5950155461374423,0.9143448460376106,2,0.7165581356731139,-0.8428493447763427,-0.5267127272149975,210803,630000,3.513383333333333,55796.40213924511,53075.17949612453,50486.672447370634,48024.40837706842,45682.23034250607,43454.2816786111,41334.99135323716,39319.060036681774,37401.446850601824,35577.356763192016,33842.22859910772,32191.723634150847,30621.71474619934,29128.27609525223,27707.67330678468,26356.35413386659,39375.000000000015
The Way Back,Zach Bryan,71,-0.7240915180730443,-0.8601491276890287,0,-0.4630140694790629,1.662281223708638,-0.5190526497171797,185520,380000,3.092,33654.97271890975,32013.60033099575,30452.278619048953,28967.10346553333,27554.361158971915,26210.51910773368,24932.217006714476,23716.258434823925,22559.602862267766,21459.35804763963,20412.772805811008,19417.230128535433,18470.240640564683,17569.436374914043,16712.564851711395,15897.483445824291,23750.0
Alibi (with Pabllo Vittar & Yseult),Sevdaliza,68,0.5950155461374423,0.63476219422859,11,0.3106551521231223,-0.97242642442518,-0.4194716422455468,161656,700000,2.6942666666666666,61996.00237693901,58972.42166236059,56096.3027193007,53360.45375229824,50758.03371389563,48282.53519845678,45927.7681702635,43687.84448520197,41557.16316733536,39530.396403546685,37602.476221230805,35768.58181572316,34024.127495777044,32364.751216946923,30786.303674205203,29284.83792651843,43750.00000000001
So High School,Taylor Swift,76,-1.9032932875945403,1.2738082555063506,7,0.5501432462281765,-0.8850684298019991,-0.5650131147040871,228800,760000,3.8133333333333335,67309.9454378195,64027.2006619915,60904.55723809791,57934.20693106666,55108.72231794383,52421.03821546736,49864.43401342895,47432.51686964785,45119.20572453553,42918.71609527926,40825.545611622016,38834.46025707087,36940.48128112937,35138.872749828086,33425.12970342279,31794.966891648583,47500.0
imgonnagetyouback,Taylor Swift,75,0.8814882924053765,-1.4364317365198662,9,-0.7718417008528409,1.4058101464499768,0.5533581999773276,222072,710000,3.7012,62881.659553752426,59814.88482896574,56897.67847243357,54122.74594875965,51483.148481236996,48972.285701291876,46583.87914412441,44311.956549276285,42150.836926868724,40095.116352168785,38139.65445296268,36279.56155594778,34510.186460002435,32827.10480576045,31226.108012408135,29703.192754040123,44375.0
FIELD TRIP,¥$,76,0.5283939772379227,0.2467699427385213,11,0.4986719743325468,-0.7801125735699934,-0.7143846259115364,167229,740000,2.78715,65538.63108419268,62342.2743287812,59301.80573183217,56409.622538143856,53658.4927832611,51041.53720979716,48552.212065707135,46184.29274149922,43931.85820546881,41789.27619803507,39751.18914815828,37812.50077662163,35968.36335267859,34214.16557220103,32545.521027016926,30958.2572366052,46250.0
Soltera,Shakira,87,1.2612312351326376,0.6233506574200586,2,0.491204639549761,-0.3342474700280138,5.8924322159564095,214643,750000,3.577383333333333,66424.28826100608,63184.73749538635,60103.18148496504,57171.91473460526,54383.607550602464,51731.287712632264,49208.323039568044,46808.40480557354,44525.53196500217,42353.99614665716,40288.36737989015,38323.48051684625,36454.422316903976,34676.519161014556,32985.32536521986,31376.61206412689,46875.00000000001
05-Jul,Tito Double P,82,1.16796103867331,-0.2667492136453939,10,-0.4755485242930242,0.5022428127233105,-0.3198906347739139,174213,730000,2.90355,64652.97390737925,61499.81116217605,58500.42997869931,55647.33034168246,52933.378015919734,50351.78670696207,47896.10109184623,45560.18067742491,43338.18444593545,41224.55624941297,39214.010916426414,37301.52103639701,35482.30438845321,33751.8119833875,32105.716688813995,30539.90240908351,45625.0
UNA BOKA,Lalo Ebratt,70,0.5550426047977305,0.446471836887821,7,0.4685359446734474,0.3483601663681141,-0.6592320679272473,150588,730000,2.5098,64652.97390737925,61499.81116217605,58500.42997869931,55647.33034168246,52933.378015919734,50351.78670696207,47896.10109184623,45560.18067742491,43338.18444593545,41224.55624941297,39214.010916426414,37301.52103639701,35482.30438845321,33751.8119833875,32105.716688813995,30539.90240908351,45625.0
Or What,NLE Choppa,72,0.5283939772379227,-0.3238068976880512,1,-0.2632628640395465,-0.53547862295404,-0.6209316804381578,199165,820000,3.3194166666666667,72623.88849869999,69081.9796616224,65712.81175689511,62507.96010983509,59459.41092199203,56559.54123247794,53801.099856594396,51177.18925409373,48681.24828173571,46307.03578701183,44048.615002013226,41900.33869841856,39856.83506648168,37912.99428270925,36063.95573264038,34305.09585677873,51250.000000000015
Run Your Mouth,Gavin Adcock,70,0.4617724083384031,-0.4379222657733657,11,-0.0261749846861019,-0.5946642561675771,-0.5267127272149975,160291,770000,2.6715166666666668,68195.60261463291,64869.66382859665,61705.93299123077,58696.49912752807,55833.837085285195,53110.78871830246,50520.54498728985,48056.62893372217,45712.87948406889,43483.436043901354,41362.72384335389,39345.43999729548,37426.54024535475,35601.226338641616,33864.93404162572,32213.321719170275,48125.00000000001
Sounds Like the Radio,Zach Top,70,-0.0845244566376568,1.439275539230057,7,0.6493521226280429,0.0721605447049409,1.3883066472394794,218868,780000,3.6478,69081.25979144633,65712.1269952018,62507.30874436364,59458.79132398947,56558.95185262656,53800.53922113755,51176.65596115076,48680.74099779648,46306.55324360226,44048.15599252345,41899.90207508575,39856.4197375201,37912.59920958014,36063.57992745514,34304.738379828654,32631.676546691968,48750.0
Mirada,Ivan Cornejo,74,0.2552455447498923,-1.4250201997113348,4,-0.9809270747708394,1.973992225299933,-0.5420328822106334,167523,770000,2.79205,68195.60261463291,64869.66382859665,61705.93299123077,58696.49912752807,55833.837085285195,53110.78871830246,50520.54498728985,48056.62893372217,45712.87948406889,43483.436043901354,41362.72384335389,39345.43999729548,37426.54024535475,35601.226338641616,33864.93404162572,32213.321719170275,48125.00000000001
Somebody Save Me,Eminem,75,-0.4975781838146784,0.0813026590148153,0,0.0242295250977012,1.7569782368502969,-0.488412339725908,230199,850000,3.83665,75280.86002914023,71609.36916143786,68116.9390162937,64794.8366992193,61634.755224016124,58628.792740983234,55769.43277817711,53049.52544631668,50462.26956033579,48001.195632878116,45660.149697208835,43433.27791909241,41315.01195915784,39300.055049149836,37383.36874724917,35560.16033934381,53125.00000000001
Break It Right Back,Megan Moroney,70,-1.010564264340979,-0.5805664758800082,1,0.7224253272881598,0.5219713571278229,-0.8783102843648395,214670,700000,3.5778333333333334,61996.00237693901,58972.42166236059,56096.3027193007,53360.45375229824,50758.03371389563,48282.53519845678,45927.7681702635,43687.84448520197,41557.16316733536,39530.396403546685,37602.476221230805,35768.58181572316,34024.127495777044,32364.751216946923,30786.303674205203,29284.83792651843,43750.00000000001
This Town's Been Too Good To Us,Dylan Scott,72,0.2952184860896041,-0.5006857182202881,11,-0.122183574750489,-0.7552546076203078,-0.0364677673546515,191627,680000,3.193783333333333,60224.688023312185,57287.49532915029,54493.55121303497,51835.869359375436,49307.8041792129,46903.03419278659,44615.54622254169,42439.62035705334,40369.81564826864,38400.95650630249,36528.11975776707,34746.62233527393,33052.00956732628,31440.044039319866,29906.69499779934,28448.12827147505,42500.00000000001
Chk Chk Boom,Stray Kids,82,1.8208524138886024,0.5548814365688699,2,1.0344532449974175,-0.3381931789089163,-0.9778912918364724,148051,770000,2.4675166666666666,68195.60261463291,64869.66382859665,61705.93299123077,58696.49912752807,55833.837085285195,53110.78871830246,50520.54498728985,48056.62893372217,45712.87948406889,43483.436043901354,41362.72384335389,39345.43999729548,37426.54024535475,35601.226338641616,33864.93404162572,32213.321719170275,48125.00000000001
Both Ways,Juice WRLD,73,0.4950831927881629,-1.4079028944985377,5,-0.6785000160680204,0.0682148358240385,2.659879511877252,197428,710000,3.2904666666666667,62881.659553752426,59814.88482896574,56897.67847243357,54122.74594875965,51483.148481236996,48972.285701291876,46583.87914412441,44311.956549276285,42150.836926868724,40095.116352168785,38139.65445296268,36279.56155594778,34510.186460002435,32827.10480576045,31226.108012408135,29703.192754040123,44375.0
Tough,Quavo,79,-0.4642673993649186,-0.4892741814117566,8,-0.3744728141974614,0.7902795610291912,-0.4501119522368185,188867,720000,3.1477833333333334,63767.31673056584,60657.3479955709,57699.05422556644,54885.03814522105,52208.26324857836,49662.03620412697,47239.99011798532,44936.068613350595,42744.510686402085,40659.83630079088,38676.83268469454,36790.5412961724,34996.24542422782,33289.45839457398,31665.912350611066,30121.547581561816,45000.00000000001
That’s So True,Gracie Abrams,56,-0.6574699491735247,0.9771082984845328,1,0.6669536974731807,-0.2000933680773297,-0.2126495498044633,166300,740000,2.7716666666666665,65538.63108419268,62342.2743287812,59301.80573183217,56409.622538143856,53658.4927832611,51041.53720979716,48552.212065707135,46184.29274149922,43931.85820546881,41789.27619803507,39751.18914815828,37812.50077662163,35968.36335267859,34214.16557220103,32545.521027016926,30958.2572366052,46250.0
AGATS2 (Insecure) [with Nicki Minaj],Juice WRLD,0,-0.1111730841974647,0.509235289334744,8,0.6448183836527803,-0.0343735950794258,-0.2049894723066454,199074,710000,3.3179,62881.659553752426,59814.88482896574,56897.67847243357,54122.74594875965,51483.148481236996,48972.285701291876,46583.87914412441,44311.956549276285,42150.836926868724,40095.116352168785,38139.65445296268,36279.56155594778,34510.186460002435,32827.10480576045,31226.108012408135,29703.192754040123,44375.0
AGATS2 (Insecure) [with Nicki Minaj],Juice WRLD,0,-0.0712001428577529,0.4407660684835554,8,0.6352175246463415,0.0011377848486963,-0.2356297822979171,199074,720000,3.3179,63767.31673056584,60657.3479955709,57699.05422556644,54885.03814522105,52208.26324857836,49662.03620412697,47239.99011798532,44936.068613350595,42744.510686402085,40659.83630079088,38676.83268469454,36790.5412961724,34996.24542422782,33289.45839457398,31665.912350611066,30121.547581561816,45000.00000000001
23,Chayce Beckham,73,-0.1578081824271284,-0.3352184344965826,0,-0.2091246868643504,0.1037262157521607,-0.2892503247826425,228145,760000,3.802416666666667,67309.9454378195,64027.2006619915,60904.55723809791,57934.20693106666,55108.72231794383,52421.03821546736,49864.43401342895,47432.51686964785,45119.20572453553,42918.71609527926,40825.545611622016,38834.46025707087,36940.48128112937,35138.872749828086,33425.12970342279,31794.966891648583,47500.0
if u think i'm pretty,Artemas,77,-0.77738877319266,-0.118399235134485,8,0.2149132525866919,1.141447651429511,1.702369824650014,128206,700000,2.1367666666666665,61996.00237693901,58972.42166236059,56096.3027193007,53360.45375229824,50758.03371389563,48282.53519845678,45927.7681702635,43687.84448520197,41557.16316733536,39530.396403546685,37602.476221230805,35768.58181572316,34024.127495777044,32364.751216946923,30786.303674205203,29284.83792651843,43750.00000000001
"Double Life - From ""Despicable Me 4""",Pharrell Williams,77,1.327852804032157,0.0527738169934866,8,0.5984142317883265,-0.8681018816141185,-0.6599980756770292,190782,810000,3.1797,71738.23132188657,68239.51649501726,64911.43600376224,61745.66791337368,58734.29615465066,55869.790729642846,53144.98888273349,50553.07719001942,48087.57452220235,45742.31583838974,43511.43677028136,41389.358958193945,39370.7761022563,37450.64069389572,35624.151394437446,33886.74102925704,50625.000000000015
The Largest,BigXthaPlug,71,1.6476363347498513,1.2395736450807562,5,1.0341865544694608,-0.7647243089344736,-0.722810711159136,132267,780000,2.20445,69081.25979144633,65712.1269952018,62507.30874436364,59458.79132398947,56558.95185262656,53800.53922113755,51176.65596115076,48680.74099779648,46306.55324360226,44048.15599252345,41899.90207508575,39856.4197375201,37912.59920958014,36063.57992745514,34304.738379828654,32631.676546691968,48750.0
Wind Up Missin’ You,Tucker Wetmore,71,-0.5308889682644382,0.4521776052920868,6,0.2023787977727304,1.0270220938833394,-0.4271317197433648,166040,870000,2.767333333333333,77052.17438276706,73294.29549464816,69719.69052255944,66319.4210921421,63084.984758698854,60008.29374665343,57081.65472589893,54297.749574465306,51649.61707940252,49130.63553012231,46734.50616067257,44455.23739954165,42287.129887608615,40224.76222677689,38262.97742365504,36396.86999438719,54375.0
Sale Para Ser Feliz,Ivan Cornejo,73,-0.390983673575447,-0.8259145172634343,9,-0.6574314643594463,0.3089030775590893,-0.5956534246953588,192499,780000,3.2083166666666667,69081.25979144633,65712.1269952018,62507.30874436364,59458.79132398947,56558.95185262656,53800.53922113755,51176.65596115076,48680.74099779648,46306.55324360226,44048.15599252345,41899.90207508575,39856.4197375201,37912.59920958014,36063.57992745514,34304.738379828654,32631.676546691968,48750.0
Relapse,Warren Zeiders,72,-0.57086190960415,0.6233506574200586,1,0.6600197437463081,-0.9923443628559756,-0.8001774938870968,158634,700000,2.6439,61996.00237693901,58972.42166236059,56096.3027193007,53360.45375229824,50758.03371389563,48282.53519845678,45927.7681702635,43687.84448520197,41557.16316733536,39530.396403546685,37602.476221230805,35768.58181572316,34024.127495777044,32364.751216946923,30786.303674205203,29284.83792651843,43750.00000000001
Cavalier,Juice WRLD,72,-0.4909160269247264,0.1098315010361439,11,-0.2235259753740086,-0.1290706082210852,-0.2586100147913708,152184,730000,2.5364,64652.97390737925,61499.81116217605,58500.42997869931,55647.33034168246,52933.378015919734,50351.78670696207,47896.10109184623,45560.18067742491,43338.18444593545,41224.55624941297,39214.010916426414,37301.52103639701,35482.30438845321,33751.8119833875,32105.716688813995,30539.90240908351,45625.0
Take Care,BigXthaPlug,70,0.7882180959460491,0.0755968906105495,2,-0.1224502652784455,1.232198955690268,3.035223309270329,150000,720000,2.5,63767.31673056584,60657.3479955709,57699.05422556644,54885.03814522105,52208.26324857836,49662.03620412697,47239.99011798532,44936.068613350595,42744.510686402085,40659.83630079088,38676.83268469454,36790.5412961724,34996.24542422782,33289.45839457398,31665.912350611066,30121.547581561816,45000.00000000001
Mírame,Blessd,85,0.4351237807785952,0.0755968906105495,7,0.5674781305453575,-0.4368359009314782,-0.8706502068670217,157453,750000,2.624216666666667,66424.28826100608,63184.73749538635,60103.18148496504,57171.91473460526,54383.607550602464,51731.287712632264,49208.323039568044,46808.40480557354,44525.53196500217,42353.99614665716,40288.36737989015,38323.48051684625,36454.422316903976,34676.519161014556,32985.32536521986,31376.61206412689,46875.00000000001
Sorry Not Sorry,Lil Yachty,70,0.0687051518312382,-0.7631510648165114,1,-0.6886342561303723,-0.0185907595558159,0.6605992849467783,136709,610000,2.2784833333333334,54025.08778561828,51390.25316291423,48883.9209411049,46499.823984145616,44232.00080782334,42074.780672940906,40022.76940551534,38070.83590853315,36214.0993315351,34447.916865947824,32767.87213564399,31169.764153701613,29649.59681774857,28203.568917625173,26828.06463037882,25519.644478823204,38125.0
Sienna,The Marías,71,0.2219347603001333,-0.9970875693914056,7,-0.7542401260077031,1.307167424427415,-0.1590290073197379,224840,820000,3.747333333333333,72623.88849869999,69081.9796616224,65712.81175689511,62507.96010983509,59459.41092199203,56559.54123247794,53801.099856594396,51177.18925409373,48681.24828173571,46307.03578701183,44048.615002013226,41900.33869841856,39856.83506648168,37912.99428270925,36063.95573264038,34305.09585677873,51250.000000000015
Guilty as Sin?,Taylor Swift,77,-0.1711324962070323,-1.2253183055620347,2,-0.4792821916844174,1.4018644375690743,-0.671488191923756,254366,790000,4.239433333333333,69966.91696825974,66554.59016180695,63308.684497496506,60221.08352045088,57284.066619967925,54490.28972397265,51832.76693501167,49304.853061870795,46900.227003135624,44612.87594114555,42437.080306817625,40367.399477744715,38398.658173805525,36525.93351626867,34744.54271803158,33050.03137421366,49375.0
Dangerous,Jorge Rivera-Herrans,73,0.3418535843192678,0.0698911222062838,10,0.2231806589533474,1.816163870063834,-0.4654321072324543,204000,750000,3.4,66424.28826100608,63184.73749538635,60103.18148496504,57171.91473460526,54383.607550602464,51731.287712632264,49208.323039568044,46808.40480557354,44525.53196500217,42353.99614665716,40288.36737989015,38323.48051684625,36454.422316903976,34676.519161014556,32985.32536521986,31376.61206412689,46875.00000000001
I Told You Things,Gracie Abrams,74,-0.064537985967801,-0.728916454390917,5,-0.2453945986664522,2.565848557435304,-0.580333269699723,221207,710000,3.6867833333333335,62881.659553752426,59814.88482896574,56897.67847243357,54122.74594875965,51483.148481236996,48972.285701291876,46583.87914412441,44311.956549276285,42150.836926868724,40095.116352168785,38139.65445296268,36279.56155594778,34510.186460002435,32827.10480576045,31226.108012408135,29703.192754040123,44375.0
Training Season,Dua Lipa,79,1.0680286853240315,-0.3181011292837855,5,0.5584106525948321,-0.8554756131952307,-0.4347917972411826,209488,730000,3.4914666666666667,64652.97390737925,61499.81116217605,58500.42997869931,55647.33034168246,52933.378015919734,50351.78670696207,47896.10109184623,45560.18067742491,43338.18444593545,41224.55624941297,39214.010916426414,37301.52103639701,35482.30438845321,33751.8119833875,32105.716688813995,30539.90240908351,45625.0
Wanna Be Loved,The Red Clay Strays,70,-0.2044432806567921,-0.9913818009871403,8,0.1498407637652742,1.3860816020454645,-0.396491409752093,217308,700000,3.6218,61996.00237693901,58972.42166236059,56096.3027193007,53360.45375229824,50758.03371389563,48282.53519845678,45927.7681702635,43687.84448520197,41557.16316733536,39530.396403546685,37602.476221230805,35768.58181572316,34024.127495777044,32364.751216946923,30786.303674205203,29284.83792651843,43750.00000000001
Drink Don't Need No Mix (feat. BigXthaPlug),Shaboozey,71,1.5543661382905238,-0.0727530879003592,9,0.3549257797639228,-0.688572127533056,-0.5113925722193617,133125,710000,2.21875,62881.659553752426,59814.88482896574,56897.67847243357,54122.74594875965,51483.148481236996,48972.285701291876,46583.87914412441,44311.956549276285,42150.836926868724,40095.116352168785,38139.65445296268,36279.56155594778,34510.186460002435,32827.10480576045,31226.108012408135,29703.192754040123,44375.0
Guilty as Sin?,Taylor Swift,76,-0.1711324962070323,-1.2253183055620347,2,-0.4792821916844174,1.4018644375690743,-0.671488191923756,254366,700000,4.239433333333333,61996.00237693901,58972.42166236059,56096.3027193007,53360.45375229824,50758.03371389563,48282.53519845678,45927.7681702635,43687.84448520197,41557.16316733536,39530.396403546685,37602.476221230805,35768.58181572316,34024.127495777044,32364.751216946923,30786.303674205203,29284.83792651843,43750.00000000001
How Did It End?,Taylor Swift,75,-1.0638615194605945,-1.504900957371055,0,-0.608627097743383,2.104200618369715,-0.5496929597084513,238707,830000,3.97845,73509.5456755134,69924.44282822756,66514.18751002797,63270.25230629649,60184.52568933339,57249.29173531304,54457.2108304553,51801.30131816805,49274.92204126907,46871.75573563393,44585.7932337451,42411.31843864318,40342.89403070707,38375.347871522776,36503.76007084331,34723.45068430043,51874.99999999999
Addicted,Zerb,81,0.7948802528360011,0.5605872049731355,5,-0.148052555962282,-0.8965109855566163,-0.5267127272149975,152250,830000,2.5375,73509.5456755134,69924.44282822756,66514.18751002797,63270.25230629649,60184.52568933339,57249.29173531304,54457.2108304553,51801.30131816805,49274.92204126907,46871.75573563393,44585.7932337451,42411.31843864318,40342.89403070707,38375.347871522776,36503.76007084331,34723.45068430043,51874.99999999999
so american,Olivia Rodrigo,76,-1.4436044621878557,1.7359754962518736,8,1.2483390484186352,-0.8602104638523135,3.916132221519389,169717,750000,2.8286166666666666,66424.28826100608,63184.73749538635,60103.18148496504,57171.91473460526,54383.607550602464,51731.287712632264,49208.323039568044,46808.40480557354,44525.53196500217,42353.99614665716,40288.36737989015,38323.48051684625,36454.422316903976,34676.519161014556,32985.32536521986,31376.61206412689,46875.00000000001
UWAIE,Kapo,87,0.3551778980991717,0.800229477952296,9,0.4784034942078428,-0.4486730275741855,-0.6232297036875032,172427,720000,2.8737833333333334,63767.31673056584,60657.3479955709,57699.05422556644,54885.03814522105,52208.26324857836,49662.03620412697,47239.99011798532,44936.068613350595,42744.510686402085,40659.83630079088,38676.83268469454,36790.5412961724,34996.24542422782,33289.45839457398,31665.912350611066,30121.547581561816,45000.00000000001
Houdini,Eminem,78,1.8941361396780736,1.3422774763575394,9,1.0077841922017543,-0.8815172918091869,-0.8492019898731314,227032,690000,3.7838666666666665,61110.345200125594,58129.95849575544,55294.92696616783,52598.16155583684,50032.918946554266,47592.78469562168,45271.6571964026,43063.73242112766,40963.489407802,38965.67645492459,37065.29798949894,35257.602075498544,33538.06853155166,31902.397628133393,30346.49933600227,28866.48309899674,43125.0
Down Bad,Taylor Swift,74,-0.7374158318529482,-1.5790759466265094,11,-1.0227974876600303,1.2164161201666583,-0.6523379981792112,261228,830000,4.3538,73509.5456755134,69924.44282822756,66514.18751002797,63270.25230629649,60184.52568933339,57249.29173531304,54457.2108304553,51801.30131816805,49274.92204126907,46871.75573563393,44585.7932337451,42411.31843864318,40342.89403070707,38375.347871522776,36503.76007084331,34723.45068430043,51874.99999999999
Volver Al Futuro,Oscar Maydon,81,0.6749614288168658,0.1098315010361439,1,-0.033375628940931,-0.4881301163832103,-0.572673192201905,204103,740000,3.4017166666666667,65538.63108419268,62342.2743287812,59301.80573183217,56409.622538143856,53658.4927832611,51041.53720979716,48552.212065707135,46184.29274149922,43931.85820546881,41789.27619803507,39751.18914815828,37812.50077662163,35968.36335267859,34214.16557220103,32545.521027016926,30958.2572366052,46250.0
I Can Do It With a Broken Heart,Taylor Swift,75,0.3285292705393638,0.6176448890157928,0,-0.4835492401317234,-0.5078586607877227,-0.2279697048000991,218005,700000,3.6334166666666663,61996.00237693901,58972.42166236059,56096.3027193007,53360.45375229824,50758.03371389563,48282.53519845678,45927.7681702635,43687.84448520197,41557.16316733536,39530.396403546685,37602.476221230805,35768.58181572316,34024.127495777044,32364.751216946923,30786.303674205203,29284.83792651843,43750.00000000001
The Smallest Man Who Ever Lived,Taylor Swift,75,-1.503563874197423,-1.328022136838818,10,-0.6683657760056683,1.0585877649305593,1.212124864789668,245542,780000,4.092366666666667,69081.25979144633,65712.1269952018,62507.30874436364,59458.79132398947,56558.95185262656,53800.53922113755,51176.65596115076,48680.74099779648,46306.55324360226,44048.15599252345,41899.90207508575,39856.4197375201,37912.59920958014,36063.57992745514,34304.738379828654,32631.676546691968,48750.0
Get It Sexyy,Sexyy Red,71,1.0613665284340794,-0.015695403857702,5,0.2525166170285768,-0.6155765132363602,-0.404151487249911,148552,760000,2.4758666666666667,67309.9454378195,64027.2006619915,60904.55723809791,57934.20693106666,55108.72231794383,52421.03821546736,49864.43401342895,47432.51686964785,45119.20572453553,42918.71609527926,40825.545611622016,38834.46025707087,36940.48128112937,35138.872749828086,33425.12970342279,31794.966891648583,47500.0
PRIMO,Tito Double P,81,0.0620429949412862,0.9428736880589392,3,0.0791677738567669,0.4075457995816511,-0.3735111772586393,164991,760000,2.74985,67309.9454378195,64027.2006619915,60904.55723809791,57934.20693106666,55108.72231794383,52421.03821546736,49864.43401342895,47432.51686964785,45119.20572453553,42918.71609527926,40825.545611622016,38834.46025707087,36940.48128112937,35138.872749828086,33425.12970342279,31794.966891648583,47500.0
weren't for the wind,Ella Langley,71,-1.2370775985993447,0.9200506144418764,6,0.5170736207615543,-0.3539760144325262,-0.1896693173110095,193667,710000,3.227783333333333,62881.659553752426,59814.88482896574,56897.67847243357,54122.74594875965,51483.148481236996,48972.285701291876,46583.87914412441,44311.956549276285,42150.836926868724,40095.116352168785,38139.65445296268,36279.56155594778,34510.186460002435,32827.10480576045,31226.108012408135,29703.192754040123,44375.0
Harpy Hare,Yaelokre,76,-0.0445515152979451,-0.626212623114134,2,-1.3529603612703387,1.547855666162466,0.1550341700907963,180923,740000,3.0153833333333333,65538.63108419268,62342.2743287812,59301.80573183217,56409.622538143856,53658.4927832611,51041.53720979716,48552.212065707135,46184.29274149922,43931.85820546881,41789.27619803507,39751.18914815828,37812.50077662163,35968.36335267859,34214.16557220103,32545.521027016926,30958.2572366052,46250.0
SKI,Future,71,1.0946773128838383,-0.4664511077946937,11,-0.2637962450954597,-0.6771295717784388,0.3924965725231515,147593,700000,2.4598833333333334,61996.00237693901,58972.42166236059,56096.3027193007,53360.45375229824,50758.03371389563,48282.53519845678,45927.7681702635,43687.84448520197,41557.16316733536,39530.396403546685,37602.476221230805,35768.58181572316,34024.127495777044,32364.751216946923,30786.303674205203,29284.83792651843,43750.00000000001
Super Tuna,Jin,83,-0.0712001428577529,1.832973559124391,8,0.6762878659516626,-0.9683228871890414,-1.034575865320325,114693,790000,1.91155,69966.91696825974,66554.59016180695,63308.684497496506,60221.08352045088,57284.066619967925,54490.28972397265,51832.76693501167,49304.853061870795,46900.227003135624,44612.87594114555,42437.080306817625,40367.399477744715,38398.658173805525,36525.93351626867,34744.54271803158,33050.03137421366,49375.0
Giza,Natanael Cano,82,0.308542799869508,1.4164524656129938,5,0.4197315780573841,-0.6214950765577139,-0.3581910222630035,177581,730000,2.959683333333333,64652.97390737925,61499.81116217605,58500.42997869931,55647.33034168246,52933.378015919734,50351.78670696207,47896.10109184623,45560.18067742491,43338.18444593545,41224.55624941297,39214.010916426414,37301.52103639701,35482.30438845321,33751.8119833875,32105.716688813995,30539.90240908351,45625.0
Black Friday (pretty like the sun),Lost Frequencies,83,1.341177117812061,-0.1412223087515479,6,-1.1350741999297715,1.504452868472539,-0.6324217966848847,145599,790000,2.42665,69966.91696825974,66554.59016180695,63308.684497496506,60221.08352045088,57284.066619967925,54490.28972397265,51832.76693501167,49304.853061870795,46900.227003135624,44612.87594114555,42437.080306817625,40367.399477744715,38398.658173805525,36525.93351626867,34744.54271803158,33050.03137421366,49375.0
Santa,Rvssian,83,0.4884210358982109,0.3780026160366324,3,0.4159979106659912,0.2733916976309671,-0.5037324947215438,193039,810000,3.2173166666666666,71738.23132188657,68239.51649501726,64911.43600376224,61745.66791337368,58734.29615465066,55869.790729642846,53144.98888273349,50553.07719001942,48087.57452220235,45742.31583838974,43511.43677028136,41389.358958193945,39370.7761022563,37450.64069389572,35624.151394437446,33886.74102925704,50625.000000000015
Breathe,Yeat,73,0.7215965270465295,-0.5520376338586795,11,-1.7375281025838,-0.8811227209210967,-0.5879933471975408,170847,810000,2.84745,71738.23132188657,68239.51649501726,64911.43600376224,61745.66791337368,58734.29615465066,55869.790729642846,53144.98888273349,50553.07719001942,48087.57452220235,45742.31583838974,43511.43677028136,41389.358958193945,39370.7761022563,37450.64069389572,35624.151394437446,33886.74102925704,50625.000000000015
Carry You Home,Alex Warren,78,-0.8440103420921796,0.0984199642276124,10,-0.1379183158999302,0.8534109031236308,-0.396491409752093,166881,740000,2.78135,65538.63108419268,62342.2743287812,59301.80573183217,56409.622538143856,53658.4927832611,51041.53720979716,48552.212065707135,46184.29274149922,43931.85820546881,41789.27619803507,39751.18914815828,37812.50077662163,35968.36335267859,34214.16557220103,32545.521027016926,30958.2572366052,46250.0
That's Who I Praise,Brandon Lake,71,0.0020835829317185,0.0698911222062838,3,0.0287632640729637,-0.9867888047516647,0.2392950225667932,228286,730000,3.804766666666666,64652.97390737925,61499.81116217605,58500.42997869931,55647.33034168246,52933.378015919734,50351.78670696207,47896.10109184623,45560.18067742491,43338.18444593545,41224.55624941297,39214.010916426414,37301.52103639701,35482.30438845321,33751.8119833875,32105.716688813995,30539.90240908351,45625.0
PELIGROSA,FloyyMenor,83,0.7415829977163854,-0.7060933807738541,6,-0.2264595711815315,-0.1251248993401827,-0.751919005650844,134930,710000,2.248833333333333,62881.659553752426,59814.88482896574,56897.67847243357,54122.74594875965,51483.148481236996,48972.285701291876,46583.87914412441,44311.956549276285,42150.836926868724,40095.116352168785,38139.65445296268,36279.56155594778,34510.186460002435,32827.10480576045,31226.108012408135,29703.192754040123,44375.0
you look like you love me (feat. Riley Green),Ella Langley,72,0.0753673087211901,0.1840064902915983,11,0.1935780103501615,0.3996543818198461,0.2316349450689753,224280,700000,3.738,61996.00237693901,58972.42166236059,56096.3027193007,53360.45375229824,50758.03371389563,48282.53519845678,45927.7681702635,43687.84448520197,41557.16316733536,39530.396403546685,37602.476221230805,35768.58181572316,34024.127495777044,32364.751216946923,30786.303674205203,29284.83792651843,43750.00000000001
Sweet Dreams,Koe Wetzel,69,0.3884886825489315,-0.4150991921563028,2,0.4231985549208203,-0.002807924032206,-0.48075226222809,173269,710000,2.8878166666666667,62881.659553752426,59814.88482896574,56897.67847243357,54122.74594875965,51483.148481236996,48972.285701291876,46583.87914412441,44311.956549276285,42150.836926868724,40095.116352168785,38139.65445296268,36279.56155594778,34510.186460002435,32827.10480576045,31226.108012408135,29703.192754040123,44375.0
JOYRIDE,Kesha,74,0.9147990768551364,1.4620986128471196,10,0.5133399533701615,-0.9225526641705728,-0.5037324947215438,150000,690000,2.5,61110.345200125594,58129.95849575544,55294.92696616783,52598.16155583684,50032.918946554266,47592.78469562168,45271.6571964026,43063.73242112766,40963.489407802,38965.67645492459,37065.29798949894,35257.602075498544,33538.06853155166,31902.397628133393,30346.49933600227,28866.48309899674,43125.0
I Ain't Worried,OneRepublic,78,0.4084751532187874,0.8515813935906875,0,0.1653088143867587,-0.5867728384057722,-0.8423079201250954,148486,750000,2.4747666666666666,66424.28826100608,63184.73749538635,60103.18148496504,57171.91473460526,54383.607550602464,51731.287712632264,49208.323039568044,46808.40480557354,44525.53196500217,42353.99614665716,40288.36737989015,38323.48051684625,36454.422316903976,34676.519161014556,32985.32536521986,31376.61206412689,46875.00000000001
The Thin Grey Line,$uicideboy$,71,0.7282586839364815,0.9314621512504077,1,0.4402667487100447,-0.9016404071017896,0.7448601374227755,105724,830000,1.762066666666667,73509.5456755134,69924.44282822756,66514.18751002797,63270.25230629649,60184.52568933339,57249.29173531304,54457.2108304553,51801.30131816805,49274.92204126907,46871.75573563393,44585.7932337451,42411.31843864318,40342.89403070707,38375.347871522776,36503.76007084331,34723.45068430043,51874.99999999999
"I Love You, I'm Sorry - Live From Vevo",Gracie Abrams,74,-1.3636585795084322,-1.054145253434063,10,-0.6806335402916731,1.571529919447881,-0.6500399749298659,204165,570000,3.40275,50482.45907836462,48020.400496493625,45678.41792857343,43450.6551983,41331.54173845787,39315.77866160052,37398.325510071714,35574.38765223589,33839.404293401654,32189.037071459443,30619.15920871651,29125.845192803146,27705.360960847025,26354.154562371066,25068.847277567093,23846.225168736437,35625.0
Aquamarine,Addison Rae,76,-0.557537595824246,1.0512832877399874,7,-0.4504796146651011,-0.6913341237496876,-0.6416138896822662,162815,760000,2.713583333333333,67309.9454378195,64027.2006619915,60904.55723809791,57934.20693106666,55108.72231794383,52421.03821546736,49864.43401342895,47432.51686964785,45119.20572453553,42918.71609527926,40825.545611622016,38834.46025707087,36940.48128112937,35138.872749828086,33425.12970342279,31794.966891648583,47500.0
RELOJ,Peso Pluma,74,-0.6574699491735247,-0.9286183485402174,3,-0.8825182699548423,1.3624073487600497,-0.6546360214285567,232205,760000,3.8700833333333335,67309.9454378195,64027.2006619915,60904.55723809791,57934.20693106666,55108.72231794383,52421.03821546736,49864.43401342895,47432.51686964785,45119.20572453553,42918.71609527926,40825.545611622016,38834.46025707087,36940.48128112937,35138.872749828086,33425.12970342279,31794.966891648583,47500.0
I CAN’T LET GO,Lil Tecca,73,-0.0179028877381372,0.67470257305845,8,0.632817309894732,-0.9657976335052636,0.2086547125755215,150204,730000,2.5034,64652.97390737925,61499.81116217605,58500.42997869931,55647.33034168246,52933.378015919734,50351.78670696207,47896.10109184623,45560.18067742491,43338.18444593545,41224.55624941297,39214.010916426414,37301.52103639701,35482.30438845321,33751.8119833875,32105.716688813995,30539.90240908351,45625.0
Out of Oklahoma (From Twisters: The Album),Lainey Wilson,70,-0.2044432806567921,-0.9970875693914056,9,-0.587825236562766,0.7863338521482887,-0.572673192201905,208267,710000,3.471116666666666,62881.659553752426,59814.88482896574,56897.67847243357,54122.74594875965,51483.148481236996,48972.285701291876,46583.87914412441,44311.956549276285,42150.836926868724,40095.116352168785,38139.65445296268,36279.56155594778,34510.186460002435,32827.10480576045,31226.108012408135,29703.192754040123,44375.0
prove it,21 Savage,73,-0.5775240664941019,0.571998741781667,6,0.3071881752596861,0.4943513949615056,0.3848364950253336,207586,750000,3.459766666666667,66424.28826100608,63184.73749538635,60103.18148496504,57171.91473460526,54383.607550602464,51731.287712632264,49208.323039568044,46808.40480557354,44525.53196500217,42353.99614665716,40288.36737989015,38323.48051684625,36454.422316903976,34676.519161014556,32985.32536521986,31376.61206412689,46875.00000000001
BELANOVA,Peso Pluma,79,0.4950831927881629,0.9428736880589392,1,0.1951781535179013,1.2006332846430483,0.2163147900733394,164822,700000,2.747033333333333,61996.00237693901,58972.42166236059,56096.3027193007,53360.45375229824,50758.03371389563,48282.53519845678,45927.7681702635,43687.84448520197,41557.16316733536,39530.396403546685,37602.476221230805,35768.58181572316,34024.127495777044,32364.751216946923,30786.303674205203,29284.83792651843,43750.00000000001
Von dutch,Charli xcx,75,0.3618400549891237,0.3152391635897094,10,0.2394487811587018,-0.9814226406736376,-0.488412339725908,164284,710000,2.738066666666666,62881.659553752426,59814.88482896574,56897.67847243357,54122.74594875965,51483.148481236996,48972.285701291876,46583.87914412441,44311.956549276285,42150.836926868724,40095.116352168785,38139.65445296268,36279.56155594778,34510.186460002435,32827.10480576045,31226.108012408135,29703.192754040123,44375.0
Make You Mine,Madison Beer,78,-0.7907130869725639,-0.0042838670491705,6,0.0698336053782848,-0.1211791904592802,0.4461171150078767,221709,730000,3.69515,64652.97390737925,61499.81116217605,58500.42997869931,55647.33034168246,52933.378015919734,50351.78670696207,47896.10109184623,45560.18067742491,43338.18444593545,41224.55624941297,39214.010916426414,37301.52103639701,35482.30438845321,33751.8119833875,32105.716688813995,30539.90240908351,45625.0
We Good,Lil Uzi Vert,71,-0.4309566149151588,0.8972275408248134,11,0.9021747431309288,-0.8112836737291229,1.2580853297765748,125000,830000,2.083333333333333,73509.5456755134,69924.44282822756,66514.18751002797,63270.25230629649,60184.52568933339,57249.29173531304,54457.2108304553,51801.30131816805,49274.92204126907,46871.75573563393,44585.7932337451,42411.31843864318,40342.89403070707,38375.347871522776,36503.76007084331,34723.45068430043,51874.99999999999
Rockstar,LISA,83,0.1086780931709499,-0.0841646247088907,8,0.5026723322518962,-0.4841844075023078,-1.1525410587867206,138213,800000,2.30355,70852.57414507316,67397.0533284121,64110.06025062937,60983.375716912284,58009.1813873093,55180.040226807745,52488.87790887258,49928.965125945106,47493.900762668985,45177.59588976764,42974.25853854949,40878.37921796933,38884.71713803091,36988.2871050822,35184.34705623452,33468.38620173535,50000.00000000001
Bass Boat,Zach Bryan,71,-0.8306860283122757,-2.5718796489687445,0,-2.240773128837961,2.072634947322495,-0.5956534246953588,216728,690000,3.612133333333333,61110.345200125594,58129.95849575544,55294.92696616783,52598.16155583684,50032.918946554266,47592.78469562168,45271.6571964026,43063.73242112766,40963.489407802,38965.67645492459,37065.29798949894,35257.602075498544,33538.06853155166,31902.397628133393,30346.49933600227,28866.48309899674,43125.0
The Black Dog,Taylor Swift,74,-0.8306860283122757,-2.1268297134360186,0,-1.1409413915448177,1.7964353256593215,-0.5956534246953588,238857,720000,3.98095,63767.31673056584,60657.3479955709,57699.05422556644,54885.03814522105,52208.26324857836,49662.03620412697,47239.99011798532,44936.068613350595,42744.510686402085,40659.83630079088,38676.83268469454,36790.5412961724,34996.24542422782,33289.45839457398,31665.912350611066,30121.547581561816,45000.00000000001
The Reason,Hoobastank,79,-1.1837803434797296,0.1611834166745354,4,0.5141400249540313,-0.942281208575085,-0.1590290073197379,232800,840000,3.88,74395.20285232681,70766.9059948327,67315.56326316085,64032.5445027579,60909.64045667476,57939.04223814813,55113.321804316205,52425.41338224236,49868.59580080243,47436.475684256024,45122.97146547697,42922.29817886779,40828.95299493246,38837.701460336306,36943.564409046245,35141.80551182212,52500.00000000001
Fuel,Eminem,76,1.5543661382905238,0.1098315010361439,1,0.3834616662552823,-0.5157500785495276,-0.5420328822106334,213646,730000,3.560766666666667,64652.97390737925,61499.81116217605,58500.42997869931,55647.33034168246,52933.378015919734,50351.78670696207,47896.10109184623,45560.18067742491,43338.18444593545,41224.55624941297,39214.010916426414,37301.52103639701,35482.30438845321,33751.8119833875,32105.716688813995,30539.90240908351,45625.0
Who’s Afraid of Little Old Me?,Taylor Swift,74,-0.3043756340060715,-1.7388374619459497,0,-1.0609342331578282,0.2497174443455522,-0.5650131147040871,334085,690000,5.568083333333333,61110.345200125594,58129.95849575544,55294.92696616783,52598.16155583684,50032.918946554266,47592.78469562168,45271.6571964026,43063.73242112766,40963.489407802,38965.67645492459,37065.29798949894,35257.602075498544,33538.06853155166,31902.397628133393,30346.49933600227,28866.48309899674,43125.0
2 Slippery (feat. BossMan Dlow),Luh Tyler,69,-0.2910513202261676,-1.3850798208814747,1,-0.7846428461947592,-0.8787552955925552,-0.4654321072324543,159228,710000,2.6538,62881.659553752426,59814.88482896574,56897.67847243357,54122.74594875965,51483.148481236996,48972.285701291876,46583.87914412441,44311.956549276285,42150.836926868724,40095.116352168785,38139.65445296268,36279.56155594778,34510.186460002435,32827.10480576045,31226.108012408135,29703.192754040123,44375.0
Brokey,Latto,70,0.8281910372857609,-0.6718587703482598,1,-0.0389761300280202,-0.8487679080976964,-0.5496929597084513,217613,740000,3.626883333333333,65538.63108419268,62342.2743287812,59301.80573183217,56409.622538143856,53658.4927832611,51041.53720979716,48552.212065707135,46184.29274149922,43931.85820546881,41789.27619803507,39751.18914815828,37812.50077662163,35968.36335267859,34214.16557220103,32545.521027016926,30958.2572366052,46250.0
Get in the Water,Jorge Rivera-Herrans,72,-2.829333095297862,-0.4036876553477713,2,-0.1136494778558768,0.9520536251461924,-0.4577720297346364,220737,710000,3.67895,62881.659553752426,59814.88482896574,56897.67847243357,54122.74594875965,51483.148481236996,48972.285701291876,46583.87914412441,44311.956549276285,42150.836926868724,40095.116352168785,38139.65445296268,36279.56155594778,34510.186460002435,32827.10480576045,31226.108012408135,29703.192754040123,44375.0
Packing It Up,Gracie Abrams,73,0.0687051518312382,-1.1511433163065805,2,-0.1680543455590294,2.0450149851561776,0.7448601374227755,164109,790000,2.73515,69966.91696825974,66554.59016180695,63308.684497496506,60221.08352045088,57284.066619967925,54490.28972397265,51832.76693501167,49304.853061870795,46900.227003135624,44612.87594114555,42437.080306817625,40367.399477744715,38398.658173805525,36525.93351626867,34744.54271803158,33050.03137421366,49375.0
Cry,Benson Boone,75,0.3951508394388835,-0.9286183485402174,10,0.3535923271241397,-0.5828271295248697,-0.6921704011678644,186360,780000,3.106,69081.25979144633,65712.1269952018,62507.30874436364,59458.79132398947,56558.95185262656,53800.53922113755,51176.65596115076,48680.74099779648,46306.55324360226,44048.15599252345,41899.90207508575,39856.4197375201,37912.59920958014,36063.57992745514,34304.738379828654,32631.676546691968,48750.0
Last Lap,Rod Wave,69,0.5750290754675864,-1.3622567472644118,6,-1.04813308781591,0.2852288242736745,0.6835795174402322,248320,720000,4.1386666666666665,63767.31673056584,60657.3479955709,57699.05422556644,54885.03814522105,52208.26324857836,49662.03620412697,47239.99011798532,44936.068613350595,42744.510686402085,40659.83630079088,38676.83268469454,36790.5412961724,34996.24542422782,33289.45839457398,31665.912350611066,30121.547581561816,45000.00000000001
One Take Freestyle,1900Rugrat,70,-0.9572670092213628,0.4635891421006182,10,0.0447646957503617,-0.077776392769353,0.6988996724358679,179907,740000,2.99845,65538.63108419268,62342.2743287812,59301.80573183217,56409.622538143856,53658.4927832611,51041.53720979716,48552.212065707135,46184.29274149922,43931.85820546881,41789.27619803507,39751.18914815828,37812.50077662163,35968.36335267859,34214.16557220103,32545.521027016926,30958.2572366052,46250.0
HEAT STICK,Shoreline Mafia,70,1.9341090810177848,-1.037027948221266,11,-0.4416788272425325,-0.7067223883852074,-0.5267127272149975,137143,760000,2.2857166666666666,67309.9454378195,64027.2006619915,60904.55723809791,57934.20693106666,55108.72231794383,52421.03821546736,49864.43401342895,47432.51686964785,45119.20572453553,42918.71609527926,40825.545611622016,38834.46025707087,36940.48128112937,35138.872749828086,33425.12970342279,31794.966891648583,47500.0
Guy For That (Feat. Luke Combs),Post Malone,72,-0.2910513202261676,1.5476851389111057,8,0.6562860763549155,-0.9716767397378084,-0.3275507122717319,164011,740000,2.7335166666666666,65538.63108419268,62342.2743287812,59301.80573183217,56409.622538143856,53658.4927832611,51041.53720979716,48552.212065707135,46184.29274149922,43931.85820546881,41789.27619803507,39751.18914815828,37812.50077662163,35968.36335267859,34214.16557220103,32545.521027016926,30958.2572366052,46250.0
2AM,BigXthaPlug,69,1.5477039814005715,0.2182411007171927,8,0.1967782966856409,-0.8199642332671083,0.7448601374227755,184294,720000,3.0715666666666666,63767.31673056584,60657.3479955709,57699.05422556644,54885.03814522105,52208.26324857836,49662.03620412697,47239.99011798532,44936.068613350595,42744.510686402085,40659.83630079088,38676.83268469454,36790.5412961724,34996.24542422782,33289.45839457398,31665.912350611066,30121.547581561816,45000.00000000001
NISSAN ALTIMA,Doechii,71,2.147298101496248,0.3894141528451638,11,0.365593400882188,-0.6033448157055625,-0.696766447666555,126832,760000,2.1138666666666666,67309.9454378195,64027.2006619915,60904.55723809791,57934.20693106666,55108.72231794383,52421.03821546736,49864.43401342895,47432.51686964785,45119.20572453553,42918.71609527926,40825.545611622016,38834.46025707087,36940.48128112937,35138.872749828086,33425.12970342279,31794.966891648583,47500.0
Talk My Shit,BossMan Dlow,69,-0.2510783788864559,-1.0256164114127344,1,-0.1267173137257516,-0.9567619601679972,0.6376190524533246,104471,740000,1.7411833333333333,65538.63108419268,62342.2743287812,59301.80573183217,56409.622538143856,53658.4927832611,51041.53720979716,48552.212065707135,46184.29274149922,43931.85820546881,41789.27619803507,39751.18914815828,37812.50077662163,35968.36335267859,34214.16557220103,32545.521027016926,30958.2572366052,46250.0
SE ME OLVIDA,Maisak,84,0.8948126061852805,0.3665910792281009,7,0.5842796338066252,-0.8357470687907183,-0.4501119522368185,225373,720000,3.7562166666666665,63767.31673056584,60657.3479955709,57699.05422556644,54885.03814522105,52208.26324857836,49662.03620412697,47239.99011798532,44936.068613350595,42744.510686402085,40659.83630079088,38676.83268469454,36790.5412961724,34996.24542422782,33289.45839457398,31665.912350611066,30121.547581561816,45000.00000000001
Heart Of A Woman,Summer Walker,73,0.4284616238886433,-1.2139067687535037,9,-0.4542132820564938,0.9086508274562652,-0.2586100147913708,171000,820000,2.85,72623.88849869999,69081.9796616224,65712.81175689511,62507.96010983509,59459.41092199203,56559.54123247794,53801.099856594396,51177.18925409373,48681.24828173571,46307.03578701183,44048.615002013226,41900.33869841856,39856.83506648168,37912.99428270925,36063.95573264038,34305.09585677873,51250.000000000015
Vuelve,Ivan Cornejo,73,-1.2637262261591526,-1.6247220938606353,5,-0.6688991570615818,1.4413215263780992,-0.5650131147040871,162249,740000,2.70415,65538.63108419268,62342.2743287812,59301.80573183217,56409.622538143856,53658.4927832611,51041.53720979716,48552.212065707135,46184.29274149922,43931.85820546881,41789.27619803507,39751.18914815828,37812.50077662163,35968.36335267859,34214.16557220103,32545.521027016926,30958.2572366052,46250.0
Six Hundred Strike,Jorge Rivera-Herrans,72,-1.9099554444844924,1.245279413485022,8,0.4210650306971673,-0.4605101542168929,1.8785516070998256,211765,690000,3.529416666666666,61110.345200125594,58129.95849575544,55294.92696616783,52598.16155583684,50032.918946554266,47592.78469562168,45271.6571964026,43063.73242112766,40963.489407802,38965.67645492459,37065.29798949894,35257.602075498544,33538.06853155166,31902.397628133393,30346.49933600227,28866.48309899674,43125.0
Tal Vez Fui Yo,El Padrinito Toys,80,-0.4576052424749666,0.7488775623139045,5,0.3335905375273926,-0.2237676213627445,0.599318664964235,150365,690000,2.506083333333333,61110.345200125594,58129.95849575544,55294.92696616783,52598.16155583684,50032.918946554266,47592.78469562168,45271.6571964026,43063.73242112766,40963.489407802,38965.67645492459,37065.29798949894,35257.602075498544,33538.06853155166,31902.397628133393,30346.49933600227,28866.48309899674,43125.0
It's Going Down Now,高橋あず美,76,-1.123820931470162,1.7645043382732024,1,0.2213138252576511,-0.987222832728564,0.8521012223922259,186093,790000,3.10155,69966.91696825974,66554.59016180695,63308.684497496506,60221.08352045088,57284.066619967925,54490.28972397265,51832.76693501167,49304.853061870795,46900.227003135624,44612.87594114555,42437.080306817625,40367.399477744715,38398.658173805525,36525.93351626867,34744.54271803158,33050.03137421366,49375.0
Sexy to Someone,Clairo,72,0.4284616238886433,-0.5577434022629453,0,-0.0992481893462187,0.3957086729389436,-0.6033135021931766,207796,720000,3.4632666666666667,63767.31673056584,60657.3479955709,57699.05422556644,54885.03814522105,52208.26324857836,49662.03620412697,47239.99011798532,44936.068613350595,42744.510686402085,40659.83630079088,38676.83268469454,36790.5412961724,34996.24542422782,33289.45839457398,31665.912350611066,30121.547581561816,45000.00000000001
Who’s Afraid of Little Old Me?,Taylor Swift,74,-0.3043756340060715,-1.7388374619459497,0,-1.0609342331578282,0.2497174443455522,-0.5650131147040871,334085,830000,5.568083333333333,73509.5456755134,69924.44282822756,66514.18751002797,63270.25230629649,60184.52568933339,57249.29173531304,54457.2108304553,51801.30131816805,49274.92204126907,46871.75573563393,44585.7932337451,42411.31843864318,40342.89403070707,38375.347871522776,36503.76007084331,34723.45068430043,51874.99999999999
Fortnight (feat. Post Malone),Taylor Swift,74,-0.9839156367811708,-1.464960578541195,11,-1.17321094542757,0.9875650050743148,-0.6408478819324843,228965,690000,3.816083333333333,61110.345200125594,58129.95849575544,55294.92696616783,52598.16155583684,50032.918946554266,47592.78469562168,45271.6571964026,43063.73242112766,40963.489407802,38965.67645492459,37065.29798949894,35257.602075498544,33538.06853155166,31902.397628133393,30346.49933600227,28866.48309899674,43125.0
Igloo,KISS OF LIFE,79,1.7608930018790343,-0.1925742243899395,11,0.5653446063217045,-0.3303017611471113,-0.6829783081704829,131787,720000,2.19645,63767.31673056584,60657.3479955709,57699.05422556644,54885.03814522105,52208.26324857836,49662.03620412697,47239.99011798532,44936.068613350595,42744.510686402085,40659.83630079088,38676.83268469454,36790.5412961724,34996.24542422782,33289.45839457398,31665.912350611066,30121.547581561816,45000.00000000001
QUEMA,Ryan Castro,78,1.1146637835536943,1.245279413485022,0,0.86803835555248,-0.8803335791449162,-0.8591600906202949,150928,710000,2.5154666666666667,62881.659553752426,59814.88482896574,56897.67847243357,54122.74594875965,51483.148481236996,48972.285701291876,46583.87914412441,44311.956549276285,42150.836926868724,40095.116352168785,38139.65445296268,36279.56155594778,34510.186460002435,32827.10480576045,31226.108012408135,29703.192754040123,44375.0
Ghost Town,Benson Boone,76,-1.7367393653457417,-1.7559547671587463,0,-0.9299891839311228,0.5416999015323353,-0.5956534246953588,193733,700000,3.228883333333333,61996.00237693901,58972.42166236059,56096.3027193007,53360.45375229824,50758.03371389563,48282.53519845678,45927.7681702635,43687.84448520197,41557.16316733536,39530.396403546685,37602.476221230805,35768.58181572316,34024.127495777044,32364.751216946923,30786.303674205203,29284.83792651843,43750.00000000001
SORRY 4 THAT MUCH,Feid,82,1.1146637835536943,0.1840064902915983,7,0.6122821392420714,-0.8677073107260282,0.83678106739659,207747,770000,3.46245,68195.60261463291,64869.66382859665,61705.93299123077,58696.49912752807,55833.837085285195,53110.78871830246,50520.54498728985,48056.62893372217,45712.87948406889,43483.436043901354,41362.72384335389,39345.43999729548,37426.54024535475,35601.226338641616,33864.93404162572,32213.321719170275,48125.00000000001
New To Country,Bailey Zimmerman,70,-0.5109024975945823,1.6446832017836228,8,0.4218651022810372,-0.2119304947200371,1.610448894676199,177123,710000,2.95205,62881.659553752426,59814.88482896574,56897.67847243357,54122.74594875965,51483.148481236996,48972.285701291876,46583.87914412441,44311.956549276285,42150.836926868724,40095.116352168785,38139.65445296268,36279.56155594778,34510.186460002435,32827.10480576045,31226.108012408135,29703.192754040123,44375.0
GIRLS,The Kid LAROI,73,0.5283939772379227,0.5206468261432755,7,0.9152425790008036,-0.8424547738882524,1.327026027256936,152980,730000,2.5496666666666665,64652.97390737925,61499.81116217605,58500.42997869931,55647.33034168246,52933.378015919734,50351.78670696207,47896.10109184623,45560.18067742491,43338.18444593545,41224.55624941297,39214.010916426414,37301.52103639701,35482.30438845321,33751.8119833875,32105.716688813995,30539.90240908351,45625.0
GEEK TIMË,Yeat,72,-0.0911866135276088,0.6233506574200586,1,0.0933023718384683,-0.9671391745247706,-0.0747681548437408,170188,740000,2.8364666666666665,65538.63108419268,62342.2743287812,59301.80573183217,56409.622538143856,53658.4927832611,51041.53720979716,48552.212065707135,46184.29274149922,43931.85820546881,41789.27619803507,39751.18914815828,37812.50077662163,35968.36335267859,34214.16557220103,32545.521027016926,30958.2572366052,46250.0
The Viper,BabyChiefDoit,68,0.0020835829317185,1.0741063613570505,10,0.1613084564674091,-0.9493834845607094,0.6835795174402322,150997,380000,2.5166166666666667,33654.97271890975,32013.60033099575,30452.278619048953,28967.10346553333,27554.361158971915,26210.51910773368,24932.217006714476,23716.258434823925,22559.602862267766,21459.35804763963,20412.772805811008,19417.230128535433,18470.240640564683,17569.436374914043,16712.564851711395,15897.483445824291,23750.0
I Only Smoke When I Drink,nimino,79,1.521055353840764,0.4921179841219468,11,0.0530321021170172,0.3246859130826993,0.0401330076235276,198425,740000,3.3070833333333334,65538.63108419268,62342.2743287812,59301.80573183217,56409.622538143856,53658.4927832611,51041.53720979716,48552.212065707135,46184.29274149922,43931.85820546881,41789.27619803507,39751.18914815828,37812.50077662163,35968.36335267859,34214.16557220103,32545.521027016926,30958.2572366052,46250.0
FUNK DO BOUNCE (Slowed),Ariis,83,1.1080016266637425,1.5819197493366997,6,2.339103307761254,-0.5552071673585525,-0.7036605174145912,107539,700000,1.7923166666666666,61996.00237693901,58972.42166236059,56096.3027193007,53360.45375229824,50758.03371389563,48282.53519845678,45927.7681702635,43687.84448520197,41557.16316733536,39530.396403546685,37602.476221230805,35768.58181572316,34024.127495777044,32364.751216946923,30786.303674205203,29284.83792651843,43750.00000000001
Mr Chow,Lil Uzi Vert,70,0.5617047616876825,0.2296526375257241,1,0.2871863856629388,-0.9608260403153266,-0.1437088523241021,177273,690000,2.95455,61110.345200125594,58129.95849575544,55294.92696616783,52598.16155583684,50032.918946554266,47592.78469562168,45271.6571964026,43063.73242112766,40963.489407802,38965.67645492459,37065.29798949894,35257.602075498544,33538.06853155166,31902.397628133393,30346.49933600227,28866.48309899674,43125.0
4×4×U,Lainey Wilson,69,-0.4842538700347745,0.4807064473134154,7,0.2402488527425718,-0.6029502448174724,0.001832620134438,239453,770000,3.990883333333333,68195.60261463291,64869.66382859665,61705.93299123077,58696.49912752807,55833.837085285195,53110.78871830246,50520.54498728985,48056.62893372217,45712.87948406889,43483.436043901354,41362.72384335389,39345.43999729548,37426.54024535475,35601.226338641616,33864.93404162572,32213.321719170275,48125.00000000001
Not Sorry for Loving You,Jorge Rivera-Herrans,72,-0.5975105371639571,-0.7973856752421057,8,-0.1653874402794631,2.4277487466037173,-0.8185616798818598,184828,690000,3.0804666666666667,61110.345200125594,58129.95849575544,55294.92696616783,52598.16155583684,50032.918946554266,47592.78469562168,45271.6571964026,43063.73242112766,40963.489407802,38965.67645492459,37065.29798949894,35257.602075498544,33538.06853155166,31902.397628133393,30346.49933600227,28866.48309899674,43125.0
BANDIT,Don Toliver,72,0.2285969171900852,0.5149410577390098,2,0.3490585881488771,-0.97080868378401,0.5073977349904201,147747,740000,2.46245,65538.63108419268,62342.2743287812,59301.80573183217,56409.622538143856,53658.4927832611,51041.53720979716,48552.212065707135,46184.29274149922,43931.85820546881,41789.27619803507,39751.18914815828,37812.50077662163,35968.36335267859,34214.16557220103,32545.521027016926,30958.2572366052,46250.0
El Plumas,Neton Vega,77,0.5883533892474904,0.8858160040162819,4,0.3442581586456578,0.0129749114914038,0.1550341700907963,150528,700000,2.5088,61996.00237693901,58972.42166236059,56096.3027193007,53360.45375229824,50758.03371389563,48282.53519845678,45927.7681702635,43687.84448520197,41557.16316733536,39530.396403546685,37602.476221230805,35768.58181572316,34024.127495777044,32364.751216946923,30786.303674205203,29284.83792651843,43750.00000000001
HAY LUPITA,Lomiiel,79,1.2878798626924457,-0.3409242029008483,0,0.8325685153342481,-0.985131607021686,-0.5343728047128155,105836,720000,1.7639333333333334,63767.31673056584,60657.3479955709,57699.05422556644,54885.03814522105,52208.26324857836,49662.03620412697,47239.99011798532,44936.068613350595,42744.510686402085,40659.83630079088,38676.83268469454,36790.5412961724,34996.24542422782,33289.45839457398,31665.912350611066,30121.547581561816,45000.00000000001
U My Everything (feat. Drake),Sexyy Red,70,-0.1844568099869362,0.8744044672077504,6,0.3103884615951656,-0.779718002681903,0.599318664964235,225133,690000,3.7522166666666665,61110.345200125594,58129.95849575544,55294.92696616783,52598.16155583684,50032.918946554266,47592.78469562168,45271.6571964026,43063.73242112766,40963.489407802,38965.67645492459,37065.29798949894,35257.602075498544,33538.06853155166,31902.397628133393,30346.49933600227,28866.48309899674,43125.0
Sandpaper (feat. Bruce Springsteen),Zach Bryan,70,-0.8906454403218433,-0.6661530019439941,4,-0.504084410784384,-0.1527448615065001,-0.7235767189089178,216253,710000,3.604216666666667,62881.659553752426,59814.88482896574,56897.67847243357,54122.74594875965,51483.148481236996,48972.285701291876,46583.87914412441,44311.956549276285,42150.836926868724,40095.116352168785,38139.65445296268,36279.56155594778,34510.186460002435,32827.10480576045,31226.108012408135,29703.192754040123,44375.0
My Boy Only Breaks His Favorite Toys,Taylor Swift,74,-0.3709972029055912,-0.4550395709861629,0,-0.2093913773923072,-0.452618736455088,0.9363620748682228,203801,380000,3.3966833333333333,33654.97271890975,32013.60033099575,30452.278619048953,28967.10346553333,27554.361158971915,26210.51910773368,24932.217006714476,23716.258434823925,22559.602862267766,21459.35804763963,20412.772805811008,19417.230128535433,18470.240640564683,17569.436374914043,16712.564851711395,15897.483445824291,23750.0
Ohnana,Kapo,84,0.821528880395809,-0.3523357397093798,1,0.7882978876934474,1.4413215263780992,-0.6439119129316117,156577,600000,2.6096166666666667,53139.43060880487,50547.789996309075,48082.54518797203,45737.53178768421,43506.88604048197,41385.03017010581,39366.65843165443,37446.72384445883,35620.42557200174,33883.19691732573,32230.69390391212,30658.784413477,29163.537853523183,27741.215328811646,26388.260292175888,25101.28965130151,37500.0
Boogieman,EBK Jaaybo,69,0.7149343701565776,-0.5520376338586795,5,-0.4219437281737418,1.6701726414704428,3.1501244717375982,131292,690000,2.1882,61110.345200125594,58129.95849575544,55294.92696616783,52598.16155583684,50032.918946554266,47592.78469562168,45271.6571964026,43063.73242112766,40963.489407802,38965.67645492459,37065.29798949894,35257.602075498544,33538.06853155166,31902.397628133393,30346.49933600227,28866.48309899674,43125.0
Tailor Swif,A$AP Rocky,74,1.1479745680034543,-0.6604472335397283,8,0.285586242495199,-0.4052702298842584,1.441927189724205,155391,730000,2.58985,64652.97390737925,61499.81116217605,58500.42997869931,55647.33034168246,52933.378015919734,50351.78670696207,47896.10109184623,45560.18067742491,43338.18444593545,41224.55624941297,39214.010916426414,37301.52103639701,35482.30438845321,33751.8119833875,32105.716688813995,30539.90240908351,45625.0
Wrong Ones (Feat. Tim McGraw),Post Malone,71,-1.1704560296998257,0.8801102356120162,0,0.7226920178161164,-0.9714005401161452,-0.2892503247826425,195823,690000,3.263716666666667,61110.345200125594,58129.95849575544,55294.92696616783,52598.16155583684,50032.918946554266,47592.78469562168,45271.6571964026,43063.73242112766,40963.489407802,38965.67645492459,37065.29798949894,35257.602075498544,33538.06853155166,31902.397628133393,30346.49933600227,28866.48309899674,43125.0
CHINO,Tito Double P,77,0.6016777030273942,-0.4607453393904279,5,-1.4121656584767106,-0.5828271295248697,-0.7886873776403701,177034,700000,2.9505666666666666,61996.00237693901,58972.42166236059,56096.3027193007,53360.45375229824,50758.03371389563,48282.53519845678,45927.7681702635,43687.84448520197,41557.16316733536,39530.396403546685,37602.476221230805,35768.58181572316,34024.127495777044,32364.751216946923,30786.303674205203,29284.83792651843,43750.00000000001
loml,Taylor Swift,74,-1.5235503448672791,-2.115418176627487,0,-1.595648741710873,2.3922373666755954,-0.5496929597084513,277157,800000,4.619283333333334,70852.57414507316,67397.0533284121,64110.06025062937,60983.375716912284,58009.1813873093,55180.040226807745,52488.87790887258,49928.965125945106,47493.900762668985,45177.59588976764,42974.25853854949,40878.37921796933,38884.71713803091,36988.2871050822,35184.34705623452,33468.38620173535,50000.00000000001
"So Long, London",Taylor Swift,74,-1.5235503448672791,-0.626212623114134,9,-1.2830874429457015,1.8871866299200784,-0.751919005650844,262975,750000,4.382916666666667,66424.28826100608,63184.73749538635,60103.18148496504,57171.91473460526,54383.607550602464,51731.287712632264,49208.323039568044,46808.40480557354,44525.53196500217,42353.99614665716,40288.36737989015,38323.48051684625,36454.422316903976,34676.519161014556,32985.32536521986,31376.61206412689,46875.00000000001
Boogieman,EBK Jaaybo,68,0.475096722118307,-0.563449170667211,5,-0.4232771808135247,1.6267698437805156,3.012243076776876,131292,720000,2.1882,63767.31673056584,60657.3479955709,57699.05422556644,54885.03814522105,52208.26324857836,49662.03620412697,47239.99011798532,44936.068613350595,42744.510686402085,40659.83630079088,38676.83268469454,36790.5412961724,34996.24542422782,33289.45839457398,31665.912350611066,30121.547581561816,45000.00000000001
ROSONES,Fuerza Regida,0,0.6682992719269139,1.3023370975276791,6,0.5840129432786687,-0.3460845966707212,0.8904016098813154,178080,690000,2.968,61110.345200125594,58129.95849575544,55294.92696616783,52598.16155583684,50032.918946554266,47592.78469562168,45271.6571964026,43063.73242112766,40963.489407802,38965.67645492459,37065.29798949894,35257.602075498544,33538.06853155166,31902.397628133393,30346.49933600227,28866.48309899674,43125.0
Pura Adrenalina,LOS DOS DE TAMAULIPAS,72,0.1286645638408058,0.8572871619949533,9,0.8885735262051405,-0.7536763240679467,-0.3198906347739139,157570,690000,2.6261666666666668,61110.345200125594,58129.95849575544,55294.92696616783,52598.16155583684,50032.918946554266,47592.78469562168,45271.6571964026,43063.73242112766,40963.489407802,38965.67645492459,37065.29798949894,35257.602075498544,33538.06853155166,31902.397628133393,30346.49933600227,28866.48309899674,43125.0
Blink Gone (VIVINOS - ALNST Original Soundtrack Part.8),BL8M,75,0.0020835829317185,0.5891160469944642,8,0.9312440106782014,-0.9075589704231432,-0.6822123004207011,188992,700000,3.1498666666666666,61996.00237693901,58972.42166236059,56096.3027193007,53360.45375229824,50758.03371389563,48282.53519845678,45927.7681702635,43687.84448520197,41557.16316733536,39530.396403546685,37602.476221230805,35768.58181572316,34024.127495777044,32364.751216946923,30786.303674205203,29284.83792651843,43750.00000000001
Thorns,$uicideboy$,70,1.187947509343166,0.2981218583769122,11,0.5584106525948321,-0.235604748005452,-0.5879933471975408,130500,790000,2.175,69966.91696825974,66554.59016180695,63308.684497496506,60221.08352045088,57284.066619967925,54490.28972397265,51832.76693501167,49304.853061870795,46900.227003135624,44612.87594114555,42437.080306817625,40367.399477744715,38398.658173805525,36525.93351626867,34744.54271803158,33050.03137421366,49375.0
But Daddy I Love Him,Taylor Swift,73,-0.8706589696519874,0.4407660684835554,4,-0.2952657273943422,0.5219713571278229,-0.3428708672673677,340428,730000,5.6738,64652.97390737925,61499.81116217605,58500.42997869931,55647.33034168246,52933.378015919734,50351.78670696207,47896.10109184623,45560.18067742491,43338.18444593545,41224.55624941297,39214.010916426414,37301.52103639701,35482.30438845321,33751.8119833875,32105.716688813995,30539.90240908351,45625.0
I Hate It Here,Taylor Swift,72,-1.110496617690258,-0.4607453393904279,2,-0.1653874402794631,1.8358924144683464,1.3576663372482078,243876,680000,4.0646,60224.688023312185,57287.49532915029,54493.55121303497,51835.869359375436,49307.8041792129,46903.03419278659,44615.54622254169,42439.62035705334,40369.81564826864,38400.95650630249,36528.11975776707,34746.62233527393,33052.00956732628,31440.044039319866,29906.69499779934,28448.12827147505,42500.00000000001
Calling After Me,Wallows,71,-0.1045109273075127,0.8801102356120162,8,0.5154734775938145,-0.96958551403093,-0.5037324947215438,187693,690000,3.128216666666667,61110.345200125594,58129.95849575544,55294.92696616783,52598.16155583684,50032.918946554266,47592.78469562168,45271.6571964026,43063.73242112766,40963.489407802,38965.67645492459,37065.29798949894,35257.602075498544,33538.06853155166,31902.397628133393,30346.49933600227,28866.48309899674,43125.0
5AM,Lil Baby,29,-0.390983673575447,-1.008499106199937,11,-0.5051511728962104,-0.8933544184518943,0.3005756425493365,102038,680000,1.7006333333333334,60224.688023312185,57287.49532915029,54493.55121303497,51835.869359375436,49307.8041792129,46903.03419278659,44615.54622254169,42439.62035705334,40369.81564826864,38400.95650630249,36528.11975776707,34746.62233527393,33052.00956732628,31440.044039319866,29906.69499779934,28448.12827147505,42500.00000000001
Insecurities,Lil Baby,0,0.0020835829317185,0.0527738169934866,2,0.3154555816263416,-0.9781477023024884,-0.6661261376752835,127154,690000,2.1192333333333333,61110.345200125594,58129.95849575544,55294.92696616783,52598.16155583684,50032.918946554266,47592.78469562168,45271.6571964026,43063.73242112766,40963.489407802,38965.67645492459,37065.29798949894,35257.602075498544,33538.06853155166,31902.397628133393,30346.49933600227,28866.48309899674,43125.0
5AM,Lil Baby,57,0.088691622501094,-0.8259145172634343,11,-0.467814498982282,-0.87046930694266,0.346536107536244,102038,700000,1.7006333333333334,61996.00237693901,58972.42166236059,56096.3027193007,53360.45375229824,50758.03371389563,48282.53519845678,45927.7681702635,43687.84448520197,41557.16316733536,39530.396403546685,37602.476221230805,35768.58181572316,34024.127495777044,32364.751216946923,30786.303674205203,29284.83792651843,43750.00000000001
Insecurities,Lil Baby,0,-0.0112407308481853,-0.0042838670491705,2,0.3319903943596528,-0.9733733945565964,-0.7220447034093542,127154,690000,2.1192333333333333,61110.345200125594,58129.95849575544,55294.92696616783,52598.16155583684,50032.918946554266,47592.78469562168,45271.6571964026,43063.73242112766,40963.489407802,38965.67645492459,37065.29798949894,35257.602075498544,33538.06853155166,31902.397628133393,30346.49933600227,28866.48309899674,43125.0
Fall Back,Lithe,79,1.4610959418311964,-2.765875774713779,3,-1.1500088694953428,1.563638501686076,-0.5113925722193617,129524,730000,2.158733333333333,64652.97390737925,61499.81116217605,58500.42997869931,55647.33034168246,52933.378015919734,50351.78670696207,47896.10109184623,45560.18067742491,43338.18444593545,41224.55624941297,39214.010916426414,37301.52103639701,35482.30438845321,33751.8119833875,32105.716688813995,30539.90240908351,45625.0
CRAZY,LE SSERAFIM,78,1.0014071164245115,1.4620986128471196,11,1.161131245776817,-0.9555782475037264,-0.6033135021931766,164554,710000,2.742566666666667,62881.659553752426,59814.88482896574,56897.67847243357,54122.74594875965,51483.148481236996,48972.285701291876,46583.87914412441,44311.956549276285,42150.836926868724,40095.116352168785,38139.65445296268,36279.56155594778,34510.186460002435,32827.10480576045,31226.108012408135,29703.192754040123,44375.0
Push Ups,Drake,73,-0.3576728891256872,0.3038276267811779,2,0.4768033510401032,-0.932811507260919,0.3005756425493365,232774,700000,3.879566666666667,61996.00237693901,58972.42166236059,56096.3027193007,53360.45375229824,50758.03371389563,48282.53519845678,45927.7681702635,43687.84448520197,41557.16316733536,39530.396403546685,37602.476221230805,35768.58181572316,34024.127495777044,32364.751216946923,30786.303674205203,29284.83792651843,43750.00000000001
Beckham,Dee Billz,72,0.4617724083384031,1.1254582769954418,1,0.4221317928089939,-0.6364887703051434,-0.0517879223502873,124931,790000,2.082183333333333,69966.91696825974,66554.59016180695,63308.684497496506,60221.08352045088,57284.066619967925,54490.28972397265,51832.76693501167,49304.853061870795,46900.227003135624,44612.87594114555,42437.080306817625,40367.399477744715,38398.658173805525,36525.93351626867,34744.54271803158,33050.03137421366,49375.0
Thoughts of You,Ole 60,67,-0.6974428905132365,-1.9898912717336408,9,-0.5131518887349091,1.4255386908544891,-0.5496929597084513,172125,700000,2.86875,61996.00237693901,58972.42166236059,56096.3027193007,53360.45375229824,50758.03371389563,48282.53519845678,45927.7681702635,43687.84448520197,41557.16316733536,39530.396403546685,37602.476221230805,35768.58181572316,34024.127495777044,32364.751216946923,30786.303674205203,29284.83792651843,43750.00000000001
Two Faced,Linkin Park,69,-0.9439426954414588,1.7245639594433422,1,0.3125219858188186,-0.9905845766950933,-1.0606201288129058,183584,720000,3.0597333333333334,63767.31673056584,60657.3479955709,57699.05422556644,54885.03814522105,52208.26324857836,49662.03620412697,47239.99011798532,44936.068613350595,42744.510686402085,40659.83630079088,38676.83268469454,36790.5412961724,34996.24542422782,33289.45839457398,31665.912350611066,30121.547581561816,45000.00000000001
CRAZY,LE SSERAFIM,80,1.0014071164245115,1.4620986128471196,11,1.161131245776817,-0.9555782475037264,-0.6033135021931766,164554,830000,2.742566666666667,73509.5456755134,69924.44282822756,66514.18751002797,63270.25230629649,60184.52568933339,57249.29173531304,54457.2108304553,51801.30131816805,49274.92204126907,46871.75573563393,44585.7932337451,42411.31843864318,40342.89403070707,38375.347871522776,36503.76007084331,34723.45068430043,51874.99999999999
Arriadin por Tu - Ao Vivo,Zé Vaqueiro,73,-0.3709972029055912,1.7759158750817337,2,1.622239168613831,1.7056840213985651,2.108353932034363,161798,680000,2.696633333333333,60224.688023312185,57287.49532915029,54493.55121303497,51835.869359375436,49307.8041792129,46903.03419278659,44615.54622254169,42439.62035705334,40369.81564826864,38400.95650630249,36528.11975776707,34746.62233527393,33052.00956732628,31440.044039319866,29906.69499779934,28448.12827147505,42500.00000000001
Supernatural,NewJeans,78,0.31520495675946,0.3722968476323666,10,0.6386845015097777,-0.2632247101717693,-0.671488191923756,191000,780000,3.183333333333333,69081.25979144633,65712.1269952018,62507.30874436364,59458.79132398947,56558.95185262656,53800.53922113755,51176.65596115076,48680.74099779648,46306.55324360226,44048.15599252345,41899.90207508575,39856.4197375201,37912.59920958014,36063.57992745514,34304.738379828654,32631.676546691968,48750.0
I'm Still Fine,The Red Clay Strays,68,-0.6441456353936208,-1.3907855892857406,4,-0.3363360686996633,1.6109870082569058,-0.7235767189089178,232553,800000,3.875883333333333,70852.57414507316,67397.0533284121,64110.06025062937,60983.375716912284,58009.1813873093,55180.040226807745,52488.87790887258,49928.965125945106,47493.900762668985,45177.59588976764,42974.25853854949,40878.37921796933,38884.71713803091,36988.2871050822,35184.34705623452,33468.38620173535,50000.00000000001
Awaken,Breaking Benjamin,71,-1.5102260310873752,1.8158562539115937,5,0.9939162847480096,-0.99236409140038,1.1431841673093066,218003,680000,3.633383333333333,60224.688023312185,57287.49532915029,54493.55121303497,51835.869359375436,49307.8041792129,46903.03419278659,44615.54622254169,42439.62035705334,40369.81564826864,38400.95650630249,36528.11975776707,34746.62233527393,33052.00956732628,31440.044039319866,29906.69499779934,28448.12827147505,42500.00000000001
Like a Prayer - Choir Version From “Deadpool & Wolverine”,I'll Take You There Choir,77,-2.716076428168679,-2.109712408223221,2,-1.9463467859738413,2.3527802778665703,-0.4271317197433648,152893,770000,2.548216666666667,68195.60261463291,64869.66382859665,61705.93299123077,58696.49912752807,55833.837085285195,53110.78871830246,50520.54498728985,48056.62893372217,45712.87948406889,43483.436043901354,41362.72384335389,39345.43999729548,37426.54024535475,35601.226338641616,33864.93404162572,32213.321719170275,48125.00000000001
Tough Love,Gracie Abrams,72,-0.6508077922835728,0.4179429948664924,0,0.5981475412603701,0.4667314327951882,-0.6730202074233197,169147,770000,2.8191166666666665,68195.60261463291,64869.66382859665,61705.93299123077,58696.49912752807,55833.837085285195,53110.78871830246,50520.54498728985,48056.62893372217,45712.87948406889,43483.436043901354,41362.72384335389,39345.43999729548,37426.54024535475,35601.226338641616,33864.93404162572,32213.321719170275,48125.00000000001
ÁNGEL,Grupo Frontera,77,1.161298881783358,-0.2667492136453939,11,0.3506587313166169,0.1589661400847952,-0.1054084648350125,184096,760000,3.0682666666666667,67309.9454378195,64027.2006619915,60904.55723809791,57934.20693106666,55108.72231794383,52421.03821546736,49864.43401342895,47432.51686964785,45119.20572453553,42918.71609527926,40825.545611622016,38834.46025707087,36940.48128112937,35138.872749828086,33425.12970342279,31794.966891648583,47500.0
Holding On,Bailey Zimmerman,69,-1.3103613243888164,0.4521776052920868,0,0.1639753617469755,-0.5236414963113326,-0.5267127272149975,230913,680000,3.84855,60224.688023312185,57287.49532915029,54493.55121303497,51835.869359375436,49307.8041792129,46903.03419278659,44615.54622254169,42439.62035705334,40369.81564826864,38400.95650630249,36528.11975776707,34746.62233527393,33052.00956732628,31440.044039319866,29906.69499779934,28448.12827147505,42500.00000000001
MAMI,Peso Pluma,76,0.99474495953456,0.6005275838029956,6,0.2077126083318629,1.2913845889038051,-0.7840913311416793,189252,740000,3.1542,65538.63108419268,62342.2743287812,59301.80573183217,56409.622538143856,53658.4927832611,51041.53720979716,48552.212065707135,46184.29274149922,43931.85820546881,41789.27619803507,39751.18914815828,37812.50077662163,35968.36335267859,34214.16557220103,32545.521027016926,30958.2572366052,46250.0
Voy Enfierrado,Clave Especial,71,1.341177117812061,0.4864122157176812,6,0.3850618094230222,-0.0501564306030358,-0.8966944703596025,147501,670000,2.45835,59339.03084649877,56445.03216254514,53692.1754599021,51073.577162914036,48582.689411871535,46213.28368995149,43959.435248680784,41815.50829297903,39776.14188873527,37836.2365576804,35990.9415260352,34235.642595049314,32565.95060310089,30977.69045050634,29466.890659596407,28029.773443953356,41875.00000000001
Bigger In Texas,Megan Thee Stallion,70,1.1080016266637425,-0.306689592475254,1,0.3935959063176343,-0.9138721046325872,1.012962849846402,152571,710000,2.54285,62881.659553752426,59814.88482896574,56897.67847243357,54122.74594875965,51483.148481236996,48972.285701291876,46583.87914412441,44311.956549276285,42150.836926868724,40095.116352168785,38139.65445296268,36279.56155594778,34510.186460002435,32827.10480576045,31226.108012408135,29703.192754040123,44375.0
Burning Down,Alex Warren,74,-1.0172264212309303,0.1783007218873326,10,0.7229587083440729,-0.6992255415114926,-0.8829063308635303,179437,840000,2.9906166666666665,74395.20285232681,70766.9059948327,67315.56326316085,64032.5445027579,60909.64045667476,57939.04223814813,55113.321804316205,52425.41338224236,49868.59580080243,47436.475684256024,45122.97146547697,42922.29817886779,40828.95299493246,38837.701460336306,36943.564409046245,35141.80551182212,52500.00000000001
3.5,ian,70,-1.6634556395562698,1.285219792314882,2,0.6682871501129638,-0.8527136169785989,3.257365556707049,156444,790000,2.6074,69966.91696825974,66554.59016180695,63308.684497496506,60221.08352045088,57284.066619967925,54490.28972397265,51832.76693501167,49304.853061870795,46900.227003135624,44612.87594114555,42437.080306817625,40367.399477744715,38398.658173805525,36525.93351626867,34744.54271803158,33050.03137421366,49375.0
HOLLON,GloRilla,68,0.8814882924053765,0.6404679626328558,8,0.8600376397137811,-0.650298751388302,1.012962849846402,128859,830000,2.14765,73509.5456755134,69924.44282822756,66514.18751002797,63270.25230629649,60184.52568933339,57249.29173531304,54457.2108304553,51801.30131816805,49274.92204126907,46871.75573563393,44585.7932337451,42411.31843864318,40342.89403070707,38375.347871522776,36503.76007084331,34723.45068430043,51874.99999999999
Cozy,Braxton Keith,67,0.2285969171900852,0.4407660684835554,5,0.1175712098825217,1.382135893164562,-0.5879933471975408,217124,710000,3.618733333333333,62881.659553752426,59814.88482896574,56897.67847243357,54122.74594875965,51483.148481236996,48972.285701291876,46583.87914412441,44311.956549276285,42150.836926868724,40095.116352168785,38139.65445296268,36279.56155594778,34510.186460002435,32827.10480576045,31226.108012408135,29703.192754040123,44375.0
5 to 9,Hudson Westbrook,67,-1.6368070119964622,-0.181162687581408,8,0.0023609018052575,-0.2119304947200371,0.8521012223922259,203829,690000,3.39715,61110.345200125594,58129.95849575544,55294.92696616783,52598.16155583684,50032.918946554266,47592.78469562168,45271.6571964026,43063.73242112766,40963.489407802,38965.67645492459,37065.29798949894,35257.602075498544,33538.06853155166,31902.397628133393,30346.49933600227,28866.48309899674,43125.0
Charybdis,Jorge Rivera-Herrans,71,-1.9032932875945403,1.2053390346551618,1,0.2077126083318629,-0.385541685479746,5.961372913436771,133823,750000,2.230383333333333,66424.28826100608,63184.73749538635,60103.18148496504,57171.91473460526,54383.607550602464,51731.287712632264,49208.323039568044,46808.40480557354,44525.53196500217,42353.99614665716,40288.36737989015,38323.48051684625,36454.422316903976,34676.519161014556,32985.32536521986,31376.61206412689,46875.00000000001
LINDA,Tito Double P,79,1.7275822174292748,0.67470257305845,6,-0.0360425342204972,-0.4605101542168929,-0.1283886973284662,224210,750000,3.736833333333333,66424.28826100608,63184.73749538635,60103.18148496504,57171.91473460526,54383.607550602464,51731.287712632264,49208.323039568044,46808.40480557354,44525.53196500217,42353.99614665716,40288.36737989015,38323.48051684625,36454.422316903976,34676.519161014556,32985.32536521986,31376.61206412689,46875.00000000001
You For A Reason,Warren Zeiders,69,-1.0372128919007864,-1.1283202426895176,0,0.0324969314643566,-0.3303017611471113,-0.8898004006115664,183133,670000,3.052216666666667,59339.03084649877,56445.03216254514,53692.1754599021,51073.577162914036,48582.689411871535,46213.28368995149,43959.435248680784,41815.50829297903,39776.14188873527,37836.2365576804,35990.9415260352,34235.642595049314,32565.95060310089,30977.69045050634,29466.890659596407,28029.773443953356,41875.00000000001
Moonlit Floor (Kiss Me),LISA,83,0.5483804479077786,0.823052551569359,5,0.7002900134677594,-0.4960215341450152,1.012962849846402,155757,700000,2.59595,61996.00237693901,58972.42166236059,56096.3027193007,53360.45375229824,50758.03371389563,48282.53519845678,45927.7681702635,43687.84448520197,41557.16316733536,39530.396403546685,37602.476221230805,35768.58181572316,34024.127495777044,32364.751216946923,30786.303674205203,29284.83792651843,43750.00000000001
Brillarosa,Fuerza Regida,75,0.7948802528360011,0.7945237095480303,1,0.1962449156297277,0.2102603555365274,-0.5037324947215438,169588,730000,2.8264666666666667,64652.97390737925,61499.81116217605,58500.42997869931,55647.33034168246,52933.378015919734,50351.78670696207,47896.10109184623,45560.18067742491,43338.18444593545,41224.55624941297,39214.010916426414,37301.52103639701,35482.30438845321,33751.8119833875,32105.716688813995,30539.90240908351,45625.0
Igual Que Un Ángel (with Peso Pluma),Kali Uchis,75,0.2885563291996521,-0.2895722872624568,5,0.3298568701359997,-0.9754646202634748,0.0401330076235276,260371,750000,4.3395166666666665,66424.28826100608,63184.73749538635,60103.18148496504,57171.91473460526,54383.607550602464,51731.287712632264,49208.323039568044,46808.40480557354,44525.53196500217,42353.99614665716,40288.36737989015,38323.48051684625,36454.422316903976,34676.519161014556,32985.32536521986,31376.61206412689,46875.00000000001
Cowboys Cry Too (with Noah Kahan),Kelsea Ballerini,69,-1.396969363958192,-0.2268088348155338,11,0.2287811600404366,1.382135893164562,-0.1437088523241021,230600,720000,3.843333333333333,63767.31673056584,60657.3479955709,57699.05422556644,54885.03814522105,52208.26324857836,49662.03620412697,47239.99011798532,44936.068613350595,42744.510686402085,40659.83630079088,38676.83268469454,36790.5412961724,34996.24542422782,33289.45839457398,31665.912350611066,30121.547581561816,45000.00000000001
Con Toda La Fe,LOS DOS DE TAMAULIPAS,72,-0.2910513202261676,1.325160171144742,9,0.8173671552407202,-0.6822589933236121,-0.7166826491608816,148950,690000,2.4825,61110.345200125594,58129.95849575544,55294.92696616783,52598.16155583684,50032.918946554266,47592.78469562168,45271.6571964026,43063.73242112766,40963.489407802,38965.67645492459,37065.29798949894,35257.602075498544,33538.06853155166,31902.397628133393,30346.49933600227,28866.48309899674,43125.0
GTA,Luis R Conriquez,76,0.475096722118307,0.6404679626328558,9,0.044498005222405,-0.2079847858391346,2.1926147845103605,153270,570000,2.5545,50482.45907836462,48020.400496493625,45678.41792857343,43450.6551983,41331.54173845787,39315.77866160052,37398.325510071714,35574.38765223589,33839.404293401654,32189.037071459443,30619.15920871651,29125.845192803146,27705.360960847025,26354.154562371066,25068.847277567093,23846.225168736437,35625.0
Hard Fought Hallelujah,Brandon Lake,67,-0.9772534798912188,-0.7631510648165114,9,-0.0152406730398802,-0.1053963549356703,-0.6125055951905581,316000,760000,5.266666666666667,67309.9454378195,64027.2006619915,60904.55723809791,57934.20693106666,55108.72231794383,52421.03821546736,49864.43401342895,47432.51686964785,45119.20572453553,42918.71609527926,40825.545611622016,38834.46025707087,36940.48128112937,35138.872749828086,33425.12970342279,31794.966891648583,47500.0
How Sweet,NewJeans,78,1.0080692733144638,1.439275539230057,1,0.9837820446856576,-0.671211008457085,-0.1973293948088275,219027,680000,3.65045,60224.688023312185,57287.49532915029,54493.55121303497,51835.869359375436,49307.8041792129,46903.03419278659,44615.54622254169,42439.62035705334,40369.81564826864,38400.95650630249,36528.11975776707,34746.62233527393,33052.00956732628,31440.044039319866,29906.69499779934,28448.12827147505,42500.00000000001
did i tell u that i miss u,adore,75,-0.5109024975945823,0.6005275838029956,9,-0.5739573291090209,-0.3421388877898187,1.2504252522787571,115921,780000,1.9320166666666667,69081.25979144633,65712.1269952018,62507.30874436364,59458.79132398947,56558.95185262656,53800.53922113755,51176.65596115076,48680.74099779648,46306.55324360226,44048.15599252345,41899.90207508575,39856.4197375201,37912.59920958014,36063.57992745514,34304.738379828654,32631.676546691968,48750.0
I'd Rather Pretend,Bryant Barnes,75,-0.610834850943861,-1.693191314711824,8,-0.859049503494659,2.660545570576964,-0.488412339725908,184560,560000,3.076,49596.80190155121,47177.937329888475,44877.04217544056,42688.363001838596,40606.4269711165,38626.028158765424,36742.214536210806,34950.275588161574,33245.730533868285,31624.31712283735,30081.980976984643,28614.86545257853,27219.301996621638,25891.800973557536,24629.04293936416,23427.870341214744,35000.00000000001
Twisting Fingers (with Moneybagg Yo),That Mexican OT,68,1.6076633934101394,-0.7517395280079799,7,-0.1197833599988792,-0.5039129519068202,-0.5420328822106334,126466,730000,2.1077666666666666,64652.97390737925,61499.81116217605,58500.42997869931,55647.33034168246,52933.378015919734,50351.78670696207,47896.10109184623,45560.18067742491,43338.18444593545,41224.55624941297,39214.010916426414,37301.52103639701,35482.30438845321,33751.8119833875,32105.716688813995,30539.90240908351,45625.0
Space High,Lil Uzi Vert,69,1.0080692733144638,-0.1126934667302193,1,0.339724419670395,-0.3105732167425991,-0.8277537728792413,131608,690000,2.1934666666666667,61110.345200125594,58129.95849575544,55294.92696616783,52598.16155583684,50032.918946554266,47592.78469562168,45271.6571964026,43063.73242112766,40963.489407802,38965.67645492459,37065.29798949894,35257.602075498544,33538.06853155166,31902.397628133393,30346.49933600227,28866.48309899674,43125.0
Lost The Love,BigXthaPlug,69,1.7875416294388424,0.1041257326318782,1,0.1530410501007536,-0.769853730479647,-0.6523379981792112,135915,770000,2.26525,68195.60261463291,64869.66382859665,61705.93299123077,58696.49912752807,55833.837085285195,53110.78871830246,50520.54498728985,48056.62893372217,45712.87948406889,43483.436043901354,41362.72384335389,39345.43999729548,37426.54024535475,35601.226338641616,33864.93404162572,32213.321719170275,48125.00000000001
For Me,Loe Shimmy,69,0.5084075065680668,-1.3793740524772091,1,-0.4547466631124072,2.0489606940370804,-0.6661261376752835,104886,690000,1.7481,61110.345200125594,58129.95849575544,55294.92696616783,52598.16155583684,50032.918946554266,47592.78469562168,45271.6571964026,43063.73242112766,40963.489407802,38965.67645492459,37065.29798949894,35257.602075498544,33538.06853155166,31902.397628133393,30346.49933600227,28866.48309899674,43125.0
120,Lil Tecca,70,0.4417859376685472,0.5377641313560727,11,0.157041408020103,-0.9646139208409932,0.7372000599249575,130979,750000,2.182983333333333,66424.28826100608,63184.73749538635,60103.18148496504,57171.91473460526,54383.607550602464,51731.287712632264,49208.323039568044,46808.40480557354,44525.53196500217,42353.99614665716,40288.36737989015,38323.48051684625,36454.422316903976,34676.519161014556,32985.32536521986,31376.61206412689,46875.00000000001
Donde Estás,Ivan Cornejo,71,-1.2037668141495854,-2.326531607585318,8,-1.1718774927877866,1.9858293519426404,-0.5956534246953588,249040,690000,4.150666666666667,61110.345200125594,58129.95849575544,55294.92696616783,52598.16155583684,50032.918946554266,47592.78469562168,45271.6571964026,43063.73242112766,40963.489407802,38965.67645492459,37065.29798949894,35257.602075498544,33538.06853155166,31902.397628133393,30346.49933600227,28866.48309899674,43125.0
Gang Baby,NLE Choppa,69,1.7875416294388424,0.3209449319939751,11,-0.0155073635678367,-0.962877808933396,-0.8063055558853512,138180,560000,2.303,49596.80190155121,47177.937329888475,44877.04217544056,42688.363001838596,40606.4269711165,38626.028158765424,36742.214536210806,34950.275588161574,33245.730533868285,31624.31712283735,30081.980976984643,28614.86545257853,27219.301996621638,25891.800973557536,24629.04293936416,23427.870341214744,35000.00000000001
Federal Nightmares,Rod Wave,67,-0.4242944580252068,0.6804083414627158,3,0.0933023718384683,-0.905586115982692,-0.7664731528966982,188590,720000,3.1431666666666667,63767.31673056584,60657.3479955709,57699.05422556644,54885.03814522105,52208.26324857836,49662.03620412697,47239.99011798532,44936.068613350595,42744.510686402085,40659.83630079088,38676.83268469454,36790.5412961724,34996.24542422782,33289.45839457398,31665.912350611066,30121.547581561816,45000.00000000001
Burgundy,$uicideboy$,69,0.974758488864704,-0.4379222657733657,8,-0.1400518401235833,-0.53547862295404,-0.3811712547564572,268475,720000,4.474583333333333,63767.31673056584,60657.3479955709,57699.05422556644,54885.03814522105,52208.26324857836,49662.03620412697,47239.99011798532,44936.068613350595,42744.510686402085,40659.83630079088,38676.83268469454,36790.5412961724,34996.24542422782,33289.45839457398,31665.912350611066,30121.547581561816,45000.00000000001
DIOS POR DELANTE,Hermanos Espinoza,72,0.0020835829317185,0.9885198352930644,5,-0.1547198191611979,0.0248120381341112,-0.751919005650844,214473,800000,3.57455,70852.57414507316,67397.0533284121,64110.06025062937,60983.375716912284,58009.1813873093,55180.040226807745,52488.87790887258,49928.965125945106,47493.900762668985,45177.59588976764,42974.25853854949,40878.37921796933,38884.71713803091,36988.2871050822,35184.34705623452,33468.38620173535,50000.00000000001
Mr Pot Scraper,BossMan Dlow,68,0.8681639786254727,-0.8658548960932945,1,-0.1605870107762438,-0.2316590391245495,-0.7603450908984437,145028,720000,2.417133333333333,63767.31673056584,60657.3479955709,57699.05422556644,54885.03814522105,52208.26324857836,49662.03620412697,47239.99011798532,44936.068613350595,42744.510686402085,40659.83630079088,38676.83268469454,36790.5412961724,34996.24542422782,33289.45839457398,31665.912350611066,30121.547581561816,45000.00000000001
Bling-Bang-Bang-Born,Creepy Nuts,80,1.341177117812061,1.0227544457186586,6,-0.0691121596871196,-0.6613467362548289,-0.1054084648350125,168136,550000,2.8022666666666667,48711.144724737795,46335.474163283325,44075.666422307695,41926.070805377196,39881.31220377514,37936.277655930324,36086.1035623499,34326.163524087264,32652.056774334927,31059.597174215254,29544.802745252775,28103.885712353913,26733.24303239625,25429.44738474401,24189.23860116123,23009.515513693055,34375.00000000001
MUTT,Leon Thomas,70,-0.5308889682644382,-1.0712625586468605,1,-0.4003417954092544,-0.1409077348637926,-0.825455749629896,192934,690000,3.2155666666666667,61110.345200125594,58129.95849575544,55294.92696616783,52598.16155583684,50032.918946554266,47592.78469562168,45271.6571964026,43063.73242112766,40963.489407802,38965.67645492459,37065.29798949894,35257.602075498544,33538.06853155166,31902.397628133393,30346.49933600227,28866.48309899674,43125.0
Run Your Mouth,The Marías,71,0.8615018217355207,0.0356565117806895,7,-0.0771128755258183,-0.010699341794011,0.3771764175275157,160000,830000,2.6666666666666665,73509.5456755134,69924.44282822756,66514.18751002797,63270.25230629649,60184.52568933339,57249.29173531304,54457.2108304553,51801.30131816805,49274.92204126907,46871.75573563393,44585.7932337451,42411.31843864318,40342.89403070707,38375.347871522776,36503.76007084331,34723.45068430043,51874.99999999999
Huntin’ Wabbitz,J. Cole,70,1.0347179008742715,-0.8715606644975602,1,-0.4998173623370779,-0.2947903812189891,-0.6592320679272473,162027,680000,2.70045,60224.688023312185,57287.49532915029,54493.55121303497,51835.869359375436,49307.8041792129,46903.03419278659,44615.54622254169,42439.62035705334,40369.81564826864,38400.95650630249,36528.11975776707,34746.62233527393,33052.00956732628,31440.044039319866,29906.69499779934,28448.12827147505,42500.00000000001
FIELD TRIP,¥$,72,0.5283939772379227,0.2410641743342556,11,0.4986719743325468,-0.7801125735699934,-0.7143846259115364,167229,700000,2.78715,61996.00237693901,58972.42166236059,56096.3027193007,53360.45375229824,50758.03371389563,48282.53519845678,45927.7681702635,43687.84448520197,41557.16316733536,39530.396403546685,37602.476221230805,35768.58181572316,34024.127495777044,32364.751216946923,30786.303674205203,29284.83792651843,43750.00000000001
Versace Shades,YoungBoy Never Broke Again,56,0.5283939772379227,0.4864122157176812,4,0.0146286660912623,-0.9571170739672784,-0.48075226222809,169114,550000,2.818566666666667,48711.144724737795,46335.474163283325,44075.666422307695,41926.070805377196,39881.31220377514,37936.277655930324,36086.1035623499,34326.163524087264,32652.056774334927,31059.597174215254,29544.802745252775,28103.885712353913,26733.24303239625,25429.44738474401,24189.23860116123,23009.515513693055,34375.00000000001
PELIGROSA,FloyyMenor,81,0.8281910372857609,-1.145437547902315,6,-0.6435635569057017,0.2655002798691621,-0.8231577263805506,136944,550000,2.2824,48711.144724737795,46335.474163283325,44075.666422307695,41926.070805377196,39881.31220377514,37936.277655930324,36086.1035623499,34326.163524087264,32652.056774334927,31059.597174215254,29544.802745252775,28103.885712353913,26733.24303239625,25429.44738474401,24189.23860116123,23009.515513693055,34375.00000000001
Move (feat. Camila Cabello & Malachiii),Adam Port,79,0.5883533892474904,0.7545833307181702,8,-0.2797976767728577,0.0997805068712583,-0.6845103236700465,180237,710000,3.00395,62881.659553752426,59814.88482896574,56897.67847243357,54122.74594875965,51483.148481236996,48972.285701291876,46583.87914412441,44311.956549276285,42150.836926868724,40095.116352168785,38139.65445296268,36279.56155594778,34510.186460002435,32827.10480576045,31226.108012408135,29703.192754040123,44375.0
KEHLANI (REMIX) [feat. Kehlani],Jordan Adetunji,74,-1.6234826982165584,0.3209449319939751,6,0.7920315550848402,-0.6937015490782292,0.9057217648769512,179975,720000,2.9995833333333333,63767.31673056584,60657.3479955709,57699.05422556644,54885.03814522105,52208.26324857836,49662.03620412697,47239.99011798532,44936.068613350595,42744.510686402085,40659.83630079088,38676.83268469454,36790.5412961724,34996.24542422782,33289.45839457398,31665.912350611066,30121.547581561816,45000.00000000001
Lady Killers II,G-Eazy,77,0.1419888776207097,-0.4322164973690999,7,-1.001995626479413,-0.8574484676356818,-0.2203096273022812,297794,770000,4.963233333333333,68195.60261463291,64869.66382859665,61705.93299123077,58696.49912752807,55833.837085285195,53110.78871830246,50520.54498728985,48056.62893372217,45712.87948406889,43483.436043901354,41362.72384335389,39345.43999729548,37426.54024535475,35601.226338641616,33864.93404162572,32213.321719170275,48125.00000000001
UP - KARINA Solo,aespa,82,0.8348531941757128,0.7888179411437646,6,0.5594774147066585,-0.9391246414703632,-1.0200217180744708,166640,710000,2.777333333333333,62881.659553752426,59814.88482896574,56897.67847243357,54122.74594875965,51483.148481236996,48972.285701291876,46583.87914412441,44311.956549276285,42150.836926868724,40095.116352168785,38139.65445296268,36279.56155594778,34510.186460002435,32827.10480576045,31226.108012408135,29703.192754040123,44375.0
Sneaking,YoungBoy Never Broke Again,55,0.3884886825489315,-0.0214011722619677,10,0.3725273546090606,-0.9083481121993238,0.1933345575798857,156000,790000,2.6,69966.91696825974,66554.59016180695,63308.684497496506,60221.08352045088,57284.066619967925,54490.28972397265,51832.76693501167,49304.853061870795,46900.227003135624,44612.87594114555,42437.080306817625,40367.399477744715,38398.658173805525,36525.93351626867,34744.54271803158,33050.03137421366,49375.0
Arriba la Compañía,LOS DOS DE TAMAULIPAS,70,-0.6241591647237649,0.7203487202925759,9,0.9040415768266252,-0.8471896245453354,-0.2969104022804604,174935,790000,2.915583333333333,69966.91696825974,66554.59016180695,63308.684497496506,60221.08352045088,57284.066619967925,54490.28972397265,51832.76693501167,49304.853061870795,46900.227003135624,44612.87594114555,42437.080306817625,40367.399477744715,38398.658173805525,36525.93351626867,34744.54271803158,33050.03137421366,49375.0
The Prodigal,Josiah Queen,69,0.0154078967116225,-0.0214011722619677,11,0.2447825917178346,-0.1330163171019877,0.1320539375973426,193049,670000,3.217483333333333,59339.03084649877,56445.03216254514,53692.1754599021,51073.577162914036,48582.689411871535,46213.28368995149,43959.435248680784,41815.50829297903,39776.14188873527,37836.2365576804,35990.9415260352,34235.642595049314,32565.95060310089,30977.69045050634,29466.890659596407,28029.773443953356,41875.00000000001
Wanna Be Loved,The Red Clay Strays,68,-0.2044432806567921,-0.9913818009871403,8,0.1498407637652742,1.3860816020454645,-0.396491409752093,217308,740000,3.6218,65538.63108419268,62342.2743287812,59301.80573183217,56409.622538143856,53658.4927832611,51041.53720979716,48552.212065707135,46184.29274149922,43931.85820546881,41789.27619803507,39751.18914815828,37812.50077662163,35968.36335267859,34214.16557220103,32545.521027016926,30958.2572366052,46250.0
Four Leaf Clover,Gavin Adcock,67,-0.9705913230012668,-1.5790759466265094,5,-0.0099068624807475,1.188796158000341,1.434267112226387,191667,690000,3.19445,61110.345200125594,58129.95849575544,55294.92696616783,52598.16155583684,50032.918946554266,47592.78469562168,45271.6571964026,43063.73242112766,40963.489407802,38965.67645492459,37065.29798949894,35257.602075498544,33538.06853155166,31902.397628133393,30346.49933600227,28866.48309899674,43125.0
DEGENERE 👑 (feat. benny blanco),Myke Towers,83,0.6150020168072982,0.3780026160366324,6,0.2130464188909956,-0.795500838205513,-0.7281727654076086,130880,690000,2.1813333333333333,61110.345200125594,58129.95849575544,55294.92696616783,52598.16155583684,50032.918946554266,47592.78469562168,45271.6571964026,43063.73242112766,40963.489407802,38965.67645492459,37065.29798949894,35257.602075498544,33538.06853155166,31902.397628133393,30346.49933600227,28866.48309899674,43125.0
She Calls Me Back (with Kacey Musgraves),Noah Kahan,69,0.6549749581470099,0.1954180271001298,11,0.0535654831729304,-0.7434174809776004,0.8980616873791333,243962,670000,4.066033333333333,59339.03084649877,56445.03216254514,53692.1754599021,51073.577162914036,48582.689411871535,46213.28368995149,43959.435248680784,41815.50829297903,39776.14188873527,37836.2365576804,35990.9415260352,34235.642595049314,32565.95060310089,30977.69045050634,29466.890659596407,28029.773443953356,41875.00000000001
Risk,Gracie Abrams,72,0.4284616238886433,-0.8373260540719658,3,0.1567747174921465,1.0349135116451444,-0.5420328822106334,191587,700000,3.1931166666666666,61996.00237693901,58972.42166236059,56096.3027193007,53360.45375229824,50758.03371389563,48282.53519845678,45927.7681702635,43687.84448520197,41557.16316733536,39530.396403546685,37602.476221230805,35768.58181572316,34024.127495777044,32364.751216946923,30786.303674205203,29284.83792651843,43750.00000000001
Killa Season,YoungBoy Never Broke Again,55,0.7682316252761933,0.9200506144418764,1,0.341857943894048,-0.8187805206028376,-0.5343728047128155,183605,820000,3.060083333333333,72623.88849869999,69081.9796616224,65712.81175689511,62507.96010983509,59459.41092199203,56559.54123247794,53801.099856594396,51177.18925409373,48681.24828173571,46307.03578701183,44048.615002013226,41900.33869841856,39856.83506648168,37912.99428270925,36063.95573264038,34305.09585677873,51250.000000000015
Angel With An Attitude,Rod Wave,68,-0.3176999477859755,-0.3979818869435056,11,-0.1696544887267692,-0.0541021394839382,-0.6515719904294294,195669,520000,3.26115,46054.17319429755,43808.08466346787,41671.539162909095,39639.19421599298,37705.96790175104,35867.02614742504,34117.77064076717,32453.82733186432,30871.03549573484,29365.437328348966,27933.26805005717,26570.946491680064,25275.066139720093,24042.386618303426,22869.825586552437,21754.451031127977,32500.000000000004
Baby Please,Ivan Cornejo,70,-1.4236179915179996,-1.4706663469454606,2,-0.7809091788033665,1.464995779663514,-0.4960724172237259,178320,540000,2.972,47825.48754792438,45493.01099667817,43274.29066917483,41163.77860891579,39156.19743643377,37246.52715309523,35429.99258848899,33702.051460012946,32058.383014801562,30494.877225593158,29007.624513520906,27592.905972129298,26247.184068170864,24967.093795930483,23749.434262958297,22591.160686171363,33750.0
APEROL SPRITZ,The Kid LAROI,73,0.5750290754675864,0.3608853108238352,9,0.4298658181197362,1.26771033561839,1.5874686621827452,130266,680000,2.1711,60224.688023312185,57287.49532915029,54493.55121303497,51835.869359375436,49307.8041792129,46903.03419278659,44615.54622254169,42439.62035705334,40369.81564826864,38400.95650630249,36528.11975776707,34746.62233527393,33052.00956732628,31440.044039319866,29906.69499779934,28448.12827147505,42500.00000000001
Over The Moon,TOMORROW X TOGETHER,79,0.2019482896302774,1.3137486343362106,5,0.7746966707676592,-0.6305702069837896,-0.5650131147040871,157149,700000,2.61915,61996.00237693901,58972.42166236059,56096.3027193007,53360.45375229824,50758.03371389563,48282.53519845678,45927.7681702635,43687.84448520197,41557.16316733536,39530.396403546685,37602.476221230805,35768.58181572316,34024.127495777044,32364.751216946923,30786.303674205203,29284.83792651843,43750.00000000001
Tu Coquette,Clave Especial,72,0.8748261355154247,0.4179429948664924,1,0.5581439620668753,-0.5157500785495276,-0.3888313322542752,142469,710000,2.374483333333333,62881.659553752426,59814.88482896574,56897.67847243357,54122.74594875965,51483.148481236996,48972.285701291876,46583.87914412441,44311.956549276285,42150.836926868724,40095.116352168785,38139.65445296268,36279.56155594778,34510.186460002435,32827.10480576045,31226.108012408135,29703.192754040123,44375.0
Never Stopping,YoungBoy Never Broke Again,54,-0.3709972029055912,1.268102487102085,10,0.9861822594372672,-0.2513875835290619,0.1856744800820678,162482,700000,2.7080333333333333,61996.00237693901,58972.42166236059,56096.3027193007,53360.45375229824,50758.03371389563,48282.53519845678,45927.7681702635,43687.84448520197,41557.16316733536,39530.396403546685,37602.476221230805,35768.58181572316,34024.127495777044,32364.751216946923,30786.303674205203,29284.83792651843,43750.00000000001
Therapy Session,BigXthaPlug,68,1.7342443743192266,1.0113429089101271,11,0.4327994139272591,-0.2079847858391346,-0.6546360214285567,108734,720000,1.8122333333333331,63767.31673056584,60657.3479955709,57699.05422556644,54885.03814522105,52208.26324857836,49662.03620412697,47239.99011798532,44936.068613350595,42744.510686402085,40659.83630079088,38676.83268469454,36790.5412961724,34996.24542422782,33289.45839457398,31665.912350611066,30121.547581561816,45000.00000000001
Missing Everything,YoungBoy Never Broke Again,54,0.6150020168072982,-0.5235087918373509,0,-0.1259172421418819,-0.604133957481743,-0.5573530372062692,224000,730000,3.733333333333333,64652.97390737925,61499.81116217605,58500.42997869931,55647.33034168246,52933.378015919734,50351.78670696207,47896.10109184623,45560.18067742491,43338.18444593545,41224.55624941297,39214.010916426414,37301.52103639701,35482.30438845321,33751.8119833875,32105.716688813995,30539.90240908351,45625.0
née-nah,21 Savage,73,0.1952861327403254,0.6575852678456529,1,0.0140952850353491,-0.9748333068425304,2.874361681816154,220584,530000,3.6764,46939.83037111096,44650.54783007302,42472.91491604196,40401.48641245439,38431.08266909241,36556.77665026013,34773.88161462808,33077.939395938636,31464.7092552682,29930.157276971062,28470.446281789038,27081.92623190468,25761.12510394548,24504.740207116956,23309.629924755365,22172.80585864967,33125.0
The Tortured Poets Department,Taylor Swift,72,-0.3176999477859755,-1.2253183055620347,0,-0.4971504570575116,-0.8026031141911374,-0.4118115647477289,293048,690000,4.884133333333334,61110.345200125594,58129.95849575544,55294.92696616783,52598.16155583684,50032.918946554266,47592.78469562168,45271.6571964026,43063.73242112766,40963.489407802,38965.67645492459,37065.29798949894,35257.602075498544,33538.06853155166,31902.397628133393,30346.49933600227,28866.48309899674,43125.0
Disease,Lady Gaga,51,-0.6508077922835728,1.6503889701878884,11,1.0003168574189687,-0.8089162484005814,2.391776799453625,229997,680000,3.833283333333333,60224.688023312185,57287.49532915029,54493.55121303497,51835.869359375436,49307.8041792129,46903.03419278659,44615.54622254169,42439.62035705334,40369.81564826864,38400.95650630249,36528.11975776707,34746.62233527393,33052.00956732628,31440.044039319866,29906.69499779934,28448.12827147505,42500.00000000001
What Don't Belong To Me,Post Malone,71,-1.1571317159199217,1.5020389916769796,10,0.3463916828693109,-0.6349104867527824,-0.2662700922891887,207176,530000,3.452933333333333,46939.83037111096,44650.54783007302,42472.91491604196,40401.48641245439,38431.08266909241,36556.77665026013,34773.88161462808,33077.939395938636,31464.7092552682,29930.157276971062,28470.446281789038,27081.92623190468,25761.12510394548,24504.740207116956,23309.629924755365,22172.80585864967,33125.0
Use Me,Zach Top,67,-1.556861129317039,-1.567664409817978,7,-0.0285751994377117,1.2164161201666583,-0.6760842384224468,236745,680000,3.94575,60224.688023312185,57287.49532915029,54493.55121303497,51835.869359375436,49307.8041792129,46903.03419278659,44615.54622254169,42439.62035705334,40369.81564826864,38400.95650630249,36528.11975776707,34746.62233527393,33052.00956732628,31440.044039319866,29906.69499779934,28448.12827147505,42500.00000000001
Not An Option,Lil Uzi Vert,69,0.3884886825489315,0.532058362951807,2,0.7053571334989355,-0.8744150158235625,-0.3275507122717319,150896,440000,2.514933333333333,38968.91577979024,37068.37933062666,35260.533137846156,33540.856644301755,31905.049763020113,30349.02212474426,28868.88284987992,27460.930819269808,26121.645419467943,24847.677739372204,23635.842196202222,22483.10856988313,21386.594425917003,20343.557907795206,19351.390880928982,18407.612410954443,27499.999999999993
Eu Vou Sentar - Ao Vivo em São Paulo,NATTAN,74,0.5883533892474904,0.8915217724205476,9,0.7989655088117127,0.3010116597972844,5.639649658528419,154734,670000,2.5789,59339.03084649877,56445.03216254514,53692.1754599021,51073.577162914036,48582.689411871535,46213.28368995149,43959.435248680784,41815.50829297903,39776.14188873527,37836.2365576804,35990.9415260352,34235.642595049314,32565.95060310089,30977.69045050634,29466.890659596407,28029.773443953356,41875.00000000001
The Bolter,Taylor Swift,72,-1.3103613243888164,-0.3238068976880512,0,-0.3736727426135914,1.5241814128770512,-0.3735111772586393,238242,730000,3.9707,64652.97390737925,61499.81116217605,58500.42997869931,55647.33034168246,52933.378015919734,50351.78670696207,47896.10109184623,45560.18067742491,43338.18444593545,41224.55624941297,39214.010916426414,37301.52103639701,35482.30438845321,33751.8119833875,32105.716688813995,30539.90240908351,45625.0
meet the grahams,Kendrick Lamar,72,-1.1504695590299698,0.9086390776333448,5,0.0866351086395527,1.1769590313576337,-0.5343728047128155,392139,720000,6.53565,63767.31673056584,60657.3479955709,57699.05422556644,54885.03814522105,52208.26324857836,49662.03620412697,47239.99011798532,44936.068613350595,42744.510686402085,40659.83630079088,38676.83268469454,36790.5412961724,34996.24542422782,33289.45839457398,31665.912350611066,30121.547581561816,45000.00000000001
Yeah Glo!,GloRilla,69,1.6143255503000915,0.0984199642276124,11,0.3274566553843899,-0.8973001273327968,-0.312230557276096,142703,690000,2.3783833333333333,61110.345200125594,58129.95849575544,55294.92696616783,52598.16155583684,50032.918946554266,47592.78469562168,45271.6571964026,43063.73242112766,40963.489407802,38965.67645492459,37065.29798949894,35257.602075498544,33538.06853155166,31902.397628133393,30346.49933600227,28866.48309899674,43125.0
Parking Lot,Mustard,71,0.3618400549891237,-0.2268088348155338,0,0.041564409414882,-0.5157500785495276,2.782440751842339,172794,720000,2.8799,63767.31673056584,60657.3479955709,57699.05422556644,54885.03814522105,52208.26324857836,49662.03620412697,47239.99011798532,44936.068613350595,42744.510686402085,40659.83630079088,38676.83268469454,36790.5412961724,34996.24542422782,33289.45839457398,31665.912350611066,30121.547581561816,45000.00000000001
F*cked A Fan,Veeze,67,1.341177117812061,0.0185392065678923,11,0.4610686098906619,-0.8211479459313791,-0.2586100147913708,117437,460000,1.9572833333333333,40740.23013341706,38753.30566383696,36863.28464411189,35065.44103722456,33355.279297702844,31728.523130414454,30181.104797601733,28709.154947418436,27308.992938534666,25977.117636616393,24710.19865966596,23505.068050332364,22358.712354367774,21268.265085422263,20230.999557334846,19244.322065997825,28750.0
Vai Lá - Ao Vivo em Goiânia,Maiara & Maraisa,83,-0.1444838686472245,1.096929434974113,6,0.6661536258893108,-0.0580478483648407,0.8521012223922259,140439,670000,2.34065,59339.03084649877,56445.03216254514,53692.1754599021,51073.577162914036,48582.689411871535,46213.28368995149,43959.435248680784,41815.50829297903,39776.14188873527,37836.2365576804,35990.9415260352,34235.642595049314,32565.95060310089,30977.69045050634,29466.890659596407,28029.773443953356,41875.00000000001
LA PATRULLA,Peso Pluma,76,0.4950831927881629,0.9200506144418764,6,-0.0424431068914564,1.2203618290475609,0.0554531626191634,130615,720000,2.1769166666666666,63767.31673056584,60657.3479955709,57699.05422556644,54885.03814522105,52208.26324857836,49662.03620412697,47239.99011798532,44936.068613350595,42744.510686402085,40659.83630079088,38676.83268469454,36790.5412961724,34996.24542422782,33289.45839457398,31665.912350611066,30121.547581561816,45000.00000000001
Disease - The Antidote Live,Lady Gaga,50,-1.343672108838576,-1.6018990202435723,9,-0.1915231120192129,0.4588400150333833,-0.5879933471975408,274042,710000,4.567366666666667,62881.659553752426,59814.88482896574,56897.67847243357,54122.74594875965,51483.148481236996,48972.285701291876,46583.87914412441,44311.956549276285,42150.836926868724,40095.116352168785,38139.65445296268,36279.56155594778,34510.186460002435,32827.10480576045,31226.108012408135,29703.192754040123,44375.0
Fried (She a Vibe),Future,69,1.2079339800130218,0.2581814795470521,6,0.5322749808550821,-0.9848554074000226,4.13061439145829,210173,720000,3.502883333333333,63767.31673056584,60657.3479955709,57699.05422556644,54885.03814522105,52208.26324857836,49662.03620412697,47239.99011798532,44936.068613350595,42744.510686402085,40659.83630079088,38676.83268469454,36790.5412961724,34996.24542422782,33289.45839457398,31665.912350611066,30121.547581561816,45000.00000000001
Her,The American Dawn,72,0.0553808380513342,-0.2268088348155338,3,-0.2995327758416483,-0.9708481408728188,-0.8017095093866605,214087,670000,3.5681166666666666,59339.03084649877,56445.03216254514,53692.1754599021,51073.577162914036,48582.689411871535,46213.28368995149,43959.435248680784,41815.50829297903,39776.14188873527,37836.2365576804,35990.9415260352,34235.642595049314,32565.95060310089,30977.69045050634,29466.890659596407,28029.773443953356,41875.00000000001
Hope You Make It,YoungBoy Never Broke Again,53,-1.0438750487907384,-0.0099896354534363,8,0.6610865058581348,-0.4920758252641128,1.970472537073641,148571,820000,2.476183333333333,72623.88849869999,69081.9796616224,65712.81175689511,62507.96010983509,59459.41092199203,56559.54123247794,53801.099856594396,51177.18925409373,48681.24828173571,46307.03578701183,44048.615002013226,41900.33869841856,39856.83506648168,37912.99428270925,36063.95573264038,34305.09585677873,51250.000000000015
Soft Spot,keshi,77,0.2952184860896041,-0.2724549820496597,11,-0.2859315589158601,0.4312200528670659,-0.6584660601774657,204223,390000,3.4037166666666665,34540.62989572316,32856.0634976009,31253.65437218182,29729.395661994735,28279.47592631328,26900.269610568776,25588.32798057538,24340.37049889824,23153.27662180113,22024.077996261723,20949.951037542876,19928.20986876005,18956.29960479007,18031.78996372757,17152.369189914327,16315.838273345984,24375.0
LET HER COOK,GloRilla,67,1.50773104006086,0.3095333951854436,9,0.8576374249621713,-0.9146612464087676,-0.7488549746517169,155200,690000,2.5866666666666664,61110.345200125594,58129.95849575544,55294.92696616783,52598.16155583684,50032.918946554266,47592.78469562168,45271.6571964026,43063.73242112766,40963.489407802,38965.67645492459,37065.29798949894,35257.602075498544,33538.06853155166,31902.397628133393,30346.49933600227,28866.48309899674,43125.0
Meet The 6ixers,BigXthaPlug,68,1.6409741778598992,-0.3580415081136455,9,-0.8067781600151596,-0.5946642561675771,0.5916585874664171,137896,700000,2.2982666666666667,61996.00237693901,58972.42166236059,56096.3027193007,53360.45375229824,50758.03371389563,48282.53519845678,45927.7681702635,43687.84448520197,41557.16316733536,39530.396403546685,37602.476221230805,35768.58181572316,34024.127495777044,32364.751216946923,30786.303674205203,29284.83792651843,43750.00000000001
Carry You Home,Alex Warren,76,-0.8440103420921796,0.0984199642276124,10,-0.1379183158999302,0.8534109031236308,-0.396491409752093,166881,380000,2.78135,33654.97271890975,32013.60033099575,30452.278619048953,28967.10346553333,27554.361158971915,26210.51910773368,24932.217006714476,23716.258434823925,22559.602862267766,21459.35804763963,20412.772805811008,19417.230128535433,18470.240640564683,17569.436374914043,16712.564851711395,15897.483445824291,23750.0
BURN,¥$,73,-0.3443485753457833,1.3822178551873994,11,0.0978361108137311,-0.931233223708558,5.180045008659344,111458,690000,1.8576333333333328,61110.345200125594,58129.95849575544,55294.92696616783,52598.16155583684,50032.918946554266,47592.78469562168,45271.6571964026,43063.73242112766,40963.489407802,38965.67645492459,37065.29798949894,35257.602075498544,33538.06853155166,31902.397628133393,30346.49933600227,28866.48309899674,43125.0
Catch Me,YoungBoy Never Broke Again,52,-0.5308889682644382,1.3365717079532735,1,0.6418847878452574,-0.8203588041551986,3.556108579121948,144740,680000,2.412333333333333,60224.688023312185,57287.49532915029,54493.55121303497,51835.869359375436,49307.8041792129,46903.03419278659,44615.54622254169,42439.62035705334,40369.81564826864,38400.95650630249,36528.11975776707,34746.62233527393,33052.00956732628,31440.044039319866,29906.69499779934,28448.12827147505,42500.00000000001
No Ponga Excusas,Cris Mj,79,-0.2910513202261676,-0.7346222227951827,6,-0.3414031887308393,0.5259170660087253,-0.4424518747390006,164956,360000,2.7492666666666667,31883.65836528292,30328.67399778545,28849.52711278322,27442.519072610525,26104.13162428918,24831.018102063485,23619.99505899266,22468.034306675298,21372.255343201043,20329.91815039544,19338.41634234727,18395.2706480862,17498.12271211391,16644.72919728699,15832.956175305533,15060.773790780908,22500.000000000004
Soltera - W Sound 01,W Sound,82,0.5483804479077786,-0.369453044922177,1,0.6480186699882597,-0.3815959765988435,-0.5113925722193617,142022,790000,2.367033333333333,69966.91696825974,66554.59016180695,63308.684497496506,60221.08352045088,57284.066619967925,54490.28972397265,51832.76693501167,49304.853061870795,46900.227003135624,44612.87594114555,42437.080306817625,40367.399477744715,38398.658173805525,36525.93351626867,34744.54271803158,33050.03137421366,49375.0
Beautiful As You,Thomas Rhett,68,0.4684345652283551,0.469294910504884,9,0.577879061135666,-0.3894873943606485,1.6334291271696528,163894,770000,2.7315666666666667,68195.60261463291,64869.66382859665,61705.93299123077,58696.49912752807,55833.837085285195,53110.78871830246,50520.54498728985,48056.62893372217,45712.87948406889,43483.436043901354,41362.72384335389,39345.43999729548,37426.54024535475,35601.226338641616,33864.93404162572,32213.321719170275,48125.00000000001
Take Care (ChopNotSlop Remix),BigXthaPlug,43,0.9414477044149442,-0.688976075561057,1,-1.1257400314512895,0.4746228505569931,0.2469551000646111,230126,350000,3.8354333333333335,30998.001188469505,29486.210831180295,28048.15135965035,26680.22687614912,25379.016856947816,24141.26759922839,22963.88408513175,21843.922242600984,20778.58158366768,19765.198201773343,18801.238110615403,17884.29090786158,17012.063747888522,16182.375608473461,15393.151837102601,14642.418963259215,21875.000000000004
STILL IN THE PAINT (with LAZER DIM 700 & Bktherula),Denzel Curry,69,0.8748261355154247,0.4521776052920868,11,-0.1821889435407307,0.3010116597972844,-0.3888313322542752,233085,350000,3.88475,30998.001188469505,29486.210831180295,28048.15135965035,26680.22687614912,25379.016856947816,24141.26759922839,22963.88408513175,21843.922242600984,20778.58158366768,19765.198201773343,18801.238110615403,17884.29090786158,17012.063747888522,16182.375608473461,15393.151837102601,14642.418963259215,21875.000000000004
Get It,YoungBoy Never Broke Again,52,0.0620429949412862,1.0512832877399874,2,0.3973295737090273,-0.235604748005452,0.829120989898772,173487,340000,2.89145,30112.344011656092,28643.747664575145,27246.775606517484,25917.934679687718,24653.90208960645,23451.517096393294,22307.773111270846,21219.81017852667,20184.90782413432,19200.478253151246,18264.059878883534,17373.311167636966,16526.00478366314,15720.022019659933,14953.34749889967,14224.064135737524,21250.000000000004
Disease - The Antidote Live Instrumental,Lady Gaga,44,-0.9506048523314108,-1.2367298423705662,2,-1.2254822889070696,-0.7769560064652713,-0.572673192201905,274042,340000,4.567366666666667,30112.344011656092,28643.747664575145,27246.775606517484,25917.934679687718,24653.90208960645,23451.517096393294,22307.773111270846,21219.81017852667,20184.90782413432,19200.478253151246,18264.059878883534,17373.311167636966,16526.00478366314,15720.022019659933,14953.34749889967,14224.064135737524,21250.000000000004
BOP (feat. GloRilla),Big Boogie,67,1.2545690782426857,0.3894141528451638,11,0.8267013237192024,-0.932811507260919,-0.4194716422455468,202286,340000,3.371433333333333,30112.344011656092,28643.747664575145,27246.775606517484,25917.934679687718,24653.90208960645,23451.517096393294,22307.773111270846,21219.81017852667,20184.90782413432,19200.478253151246,18264.059878883534,17373.311167636966,16526.00478366314,15720.022019659933,14953.34749889967,14224.064135737524,21250.000000000004
Over Each Other,Linkin Park,80,-0.6774564198433806,0.8344640883778904,10,0.5181403828733807,-0.983671694735752,1.9015318395932796,170445,330000,2.84075,29226.686834842676,27801.28449796999,26445.399853384617,25155.642483226315,23928.787322265085,22761.766593558197,21651.662137409938,20595.698114452356,19591.234064600954,18635.75830452915,17726.881647151666,16862.331427412348,16039.945819437751,15257.668430846406,14513.543160696738,13805.709308215832,20625.0
Conceited,Lil Uzi Vert,69,-0.1511460255371765,-0.5292145602416166,0,-0.0520439658978952,-0.3934331032415509,-0.6492739671800841,189487,690000,3.1581166666666665,61110.345200125594,58129.95849575544,55294.92696616783,52598.16155583684,50032.918946554266,47592.78469562168,45271.6571964026,43063.73242112766,40963.489407802,38965.67645492459,37065.29798949894,35257.602075498544,33538.06853155166,31902.397628133393,30346.49933600227,28866.48309899674,43125.0
Lost The Love (ChopNotSlop Remix),BigXthaPlug,38,1.54104182451062,-0.5691549390714767,1,-0.8595828845505725,-0.4723472808596003,-0.2356297822979171,162676,330000,2.7112666666666665,29226.686834842676,27801.28449796999,26445.399853384617,25155.642483226315,23928.787322265085,22761.766593558197,21651.662137409938,20595.698114452356,19591.234064600954,18635.75830452915,17726.881647151666,16862.331427412348,16039.945819437751,15257.668430846406,14513.543160696738,13805.709308215832,20625.0
Change Me (ChopNotSlop Remix),BigXthaPlug,37,0.8948126061852805,-1.1739663899236432,1,-1.0243976308277698,-0.1724734059110124,0.3158957975449724,161571,820000,2.69285,72623.88849869999,69081.9796616224,65712.81175689511,62507.96010983509,59459.41092199203,56559.54123247794,53801.099856594396,51177.18925409373,48681.24828173571,46307.03578701183,44048.615002013226,41900.33869841856,39856.83506648168,37912.99428270925,36063.95573264038,34305.09585677873,51250.000000000015
Peter,Taylor Swift,72,-2.0631850529533877,-1.522018262583852,0,-0.436078326155443,2.1831147959877644,-0.9227387338521836,283958,330000,4.732633333333333,29226.686834842676,27801.28449796999,26445.399853384617,25155.642483226315,23928.787322265085,22761.766593558197,21651.662137409938,20595.698114452356,19591.234064600954,18635.75830452915,17726.881647151666,16862.331427412348,16039.945819437751,15257.668430846406,14513.543160696738,13805.709308215832,20625.0
Lone Wolf Hysteria,$uicideboy$,68,0.6682992719269139,0.6861141098669815,1,0.4085305758832057,-0.8408764903358915,0.9057217648769512,107610,320000,1.7935,28341.029658029263,26958.82133136484,25644.02410025175,24393.35028676491,23203.672554923716,22072.0160907231,20995.55116354903,19971.586050378042,18997.560305067593,18071.038355907058,17189.703415419797,16351.351687187731,15553.886855212364,14795.314842032878,14073.738822493806,13387.35448069414,20000.000000000004
Therapy Session (ChopNotSlop Remix),BigXthaPlug,34,1.367825745371869,-0.6718587703482598,7,-1.1654769201168274,-0.0580478483648407,2.7288202093576137,148463,730000,2.4743833333333334,64652.97390737925,61499.81116217605,58500.42997869931,55647.33034168246,52933.378015919734,50351.78670696207,47896.10109184623,45560.18067742491,43338.18444593545,41224.55624941297,39214.010916426414,37301.52103639701,35482.30438845321,33751.8119833875,32105.716688813995,30539.90240908351,45625.0
2AM (ChopNotSlop Remix),BigXthaPlug,33,1.4810824125010522,-0.9685587273700776,0,-0.9755932642117064,-0.61518194234827,1.2274450197853035,221409,310000,3.69015,27455.372481215847,26116.35816475969,24842.648347118884,23631.058090303508,22478.55778758235,21382.265587888003,20339.440189688125,19347.47398630373,18403.88654553423,17506.31840728496,16652.52518368793,15840.371946963116,15067.827890986979,14332.961253219351,13633.934484290876,12968.999653172448,19375.0
Law & Order (ChopNotSlop Remix),BigXthaPlug,33,1.2345826075728297,-0.4093934237520371,1,-0.9014532974397634,-0.3421388877898187,2.8513814493227003,209204,670000,3.486733333333333,59339.03084649877,56445.03216254514,53692.1754599021,51073.577162914036,48582.689411871535,46213.28368995149,43959.435248680784,41815.50829297903,39776.14188873527,37836.2365576804,35990.9415260352,34235.642595049314,32565.95060310089,30977.69045050634,29466.890659596407,28029.773443953356,41875.00000000001
Back On My BS (ChopNotSlop Remix),BigXthaPlug,33,1.1146637835536943,-0.2952780556667225,7,-1.0998710502394966,-0.3618674321943311,-0.0977483873371946,114909,300000,1.91515,26569.715304402434,25273.894998154537,24041.272593986014,22868.765893842105,21753.443020240986,20692.515085052906,19683.329215827216,18723.361922229415,17810.21278600087,16941.598458662866,16115.34695195606,15329.3922067385,14581.768926761592,13870.607664405823,13194.130146087944,12550.644825650756,18750.0
Planting Seeds (ChopNotSlop Remix),BigXthaPlug,33,0.808204566615905,-1.1910836951364403,9,-1.4868390063045671,0.1195090512757704,1.135524089811489,129222,760000,2.1537,67309.9454378195,64027.2006619915,60904.55723809791,57934.20693106666,55108.72231794383,52421.03821546736,49864.43401342895,47432.51686964785,45119.20572453553,42918.71609527926,40825.545611622016,38834.46025707087,36940.48128112937,35138.872749828086,33425.12970342279,31794.966891648583,47500.0
The Largest (ChopNotSlop Remix),BigXthaPlug,32,1.2878798626924457,-0.0955761615174221,2,-0.9337228513225154,-0.0185907595558159,-0.5420328822106334,199129,740000,3.3188166666666667,65538.63108419268,62342.2743287812,59301.80573183217,56409.622538143856,53658.4927832611,51041.53720979716,48552.212065707135,46184.29274149922,43931.85820546881,41789.27619803507,39751.18914815828,37812.50077662163,35968.36335267859,34214.16557220103,32545.521027016926,30958.2572366052,46250.0
Words from WALLO267 (ChopNotSlop Remix),BigXthaPlug,32,-0.5908483802740059,0.3209449319939751,2,-1.491906126335743,1.8437838322301516,0.0171527751300739,71306,680000,1.1884333333333332,60224.688023312185,57287.49532915029,54493.55121303497,51835.869359375436,49307.8041792129,46903.03419278659,44615.54622254169,42439.62035705334,40369.81564826864,38400.95650630249,36528.11975776707,34746.62233527393,33052.00956732628,31440.044039319866,29906.69499779934,28448.12827147505,42500.00000000001
Add Up My Love,Clairo,70,0.4217994669986913,-0.1241050035387508,8,-0.0491103700903722,-0.3224103433853064,-0.5267127272149975,205264,700000,3.4210666666666665,61996.00237693901,58972.42166236059,56096.3027193007,53360.45375229824,50758.03371389563,48282.53519845678,45927.7681702635,43687.84448520197,41557.16316733536,39530.396403546685,37602.476221230805,35768.58181572316,34024.127495777044,32364.751216946923,30786.303674205203,29284.83792651843,43750.00000000001
Mmhmm (ChopNotSlop Remix),BigXthaPlug,31,1.521055353840764,-0.2838665188581911,1,-0.8347806654506058,-0.6278082107671578,1.9091919170910971,135321,740000,2.25535,65538.63108419268,62342.2743287812,59301.80573183217,56409.622538143856,53658.4927832611,51041.53720979716,48552.212065707135,46184.29274149922,43931.85820546881,41789.27619803507,39751.18914815828,37812.50077662163,35968.36335267859,34214.16557220103,32545.521027016926,30958.2572366052,46250.0
Story of X (ChopNotSlop Remix),BigXthaPlug,31,0.7415829977163854,-0.6775645387525255,7,-0.9278556597074696,-0.53547862295404,1.3653264147460258,174720,810000,2.912,71738.23132188657,68239.51649501726,64911.43600376224,61745.66791337368,58734.29615465066,55869.790729642846,53144.98888273349,50553.07719001942,48087.57452220235,45742.31583838974,43511.43677028136,41389.358958193945,39370.7761022563,37450.64069389572,35624.151394437446,33886.74102925704,50625.000000000015
Leave Me Alone (ChopNotSlop Remix),BigXthaPlug,35,0.8548396648455687,-0.3808645817307084,1,-0.8262465685559937,-0.227713330243647,2.108353932034363,186810,800000,3.1135,70852.57414507316,67397.0533284121,64110.06025062937,60983.375716912284,58009.1813873093,55180.040226807745,52488.87790887258,49928.965125945106,47493.900762668985,45177.59588976764,42974.25853854949,40878.37921796933,38884.71713803091,36988.2871050822,35184.34705623452,33468.38620173535,50000.00000000001
Rich Off Rap (ChopNotSlop Remix),BigXthaPlug,30,1.381150059151773,-0.6547414651354626,1,-0.807844922126986,-0.8026031141911374,0.423136882514423,198613,760000,3.310216666666667,67309.9454378195,64027.2006619915,60904.55723809791,57934.20693106666,55108.72231794383,52421.03821546736,49864.43401342895,47432.51686964785,45119.20572453553,42918.71609527926,40825.545611622016,38834.46025707087,36940.48128112937,35138.872749828086,33425.12970342279,31794.966891648583,47500.0
bye,Ariana Grande,74,-0.3043756340060715,0.0128334381636265,2,0.464535586754098,-0.1882562414346223,-0.3045704797782781,164927,720000,2.7487833333333334,63767.31673056584,60657.3479955709,57699.05422556644,54885.03814522105,52208.26324857836,49662.03620412697,47239.99011798532,44936.068613350595,42744.510686402085,40659.83630079088,38676.83268469454,36790.5412961724,34996.24542422782,33289.45839457398,31665.912350611066,30121.547581561816,45000.00000000001
They Don't Know (ChopNotSlop Remix),BigXthaPlug,29,1.2812177058024934,0.3894141528451638,6,-0.6651654896701886,-0.2316590391245495,3.265025634204867,111855,740000,1.86425,65538.63108419268,62342.2743287812,59301.80573183217,56409.622538143856,53658.4927832611,51041.53720979716,48552.212065707135,46184.29274149922,43931.85820546881,41789.27619803507,39751.18914815828,37812.50077662163,35968.36335267859,34214.16557220103,32545.521027016926,30958.2572366052,46250.0
X-SLIDE,2KE,80,-0.8040374007524678,1.9870293060395656,1,2.0332092721949984,-0.5275872051922351,-0.1820092398131916,79453,360000,1.3242166666666666,31883.65836528292,30328.67399778545,28849.52711278322,27442.519072610525,26104.13162428918,24831.018102063485,23619.99505899266,22468.034306675298,21372.255343201043,20329.91815039544,19338.41634234727,18395.2706480862,17498.12271211391,16644.72919728699,15832.956175305533,15060.773790780908,22500.000000000004
SLUT ME OUT 2,NLE Choppa,70,0.4417859376685472,-0.1069876983259536,1,-0.0237747699344924,-0.8420602030001622,-0.9579750903421458,135059,690000,2.250983333333333,61110.345200125594,58129.95849575544,55294.92696616783,52598.16155583684,50032.918946554266,47592.78469562168,45271.6571964026,43063.73242112766,40963.489407802,38965.67645492459,37065.29798949894,35257.602075498544,33538.06853155166,31902.397628133393,30346.49933600227,28866.48309899674,43125.0
Beautiful As You,Thomas Rhett,70,0.4684345652283551,0.469294910504884,9,0.577879061135666,-0.3894873943606485,1.6334291271696528,163894,700000,2.7315666666666667,61996.00237693901,58972.42166236059,56096.3027193007,53360.45375229824,50758.03371389563,48282.53519845678,45927.7681702635,43687.84448520197,41557.16316733536,39530.396403546685,37602.476221230805,35768.58181572316,34024.127495777044,32364.751216946923,30786.303674205203,29284.83792651843,43750.00000000001
S P E Y S I D E,Bon Iver,72,-1.2304154417093929,-2.2580623867341303,7,-2.022620276969438,2.581631392958914,-0.1743491623153737,209078,680000,3.484633333333333,60224.688023312185,57287.49532915029,54493.55121303497,51835.869359375436,49307.8041792129,46903.03419278659,44615.54622254169,42439.62035705334,40369.81564826864,38400.95650630249,36528.11975776707,34746.62233527393,33052.00956732628,31440.044039319866,29906.69499779934,28448.12827147505,42500.00000000001
Thought of You,Sam Barber,68,-0.4176323011352549,-0.2325146032197995,7,-0.0141739109280536,-0.2158762036009396,-0.3428708672673677,163243,700000,2.7207166666666667,61996.00237693901,58972.42166236059,56096.3027193007,53360.45375229824,50758.03371389563,48282.53519845678,45927.7681702635,43687.84448520197,41557.16316733536,39530.396403546685,37602.476221230805,35768.58181572316,34024.127495777044,32364.751216946923,30786.303674205203,29284.83792651843,43750.00000000001
I Like It (with Nate Smith),Alesso,76,0.0420565242714303,0.99422560369733,11,0.7800304813267919,-0.9921312945764068,0.606978742462053,152350,720000,2.5391666666666666,63767.31673056584,60657.3479955709,57699.05422556644,54885.03814522105,52208.26324857836,49662.03620412697,47239.99011798532,44936.068613350595,42744.510686402085,40659.83630079088,38676.83268469454,36790.5412961724,34996.24542422782,33289.45839457398,31665.912350611066,30121.547581561816,45000.00000000001
TASTE,Lil Tecca,70,-0.4975781838146784,0.1954180271001298,11,0.1191713530502616,-0.8211479459313791,3.816551214047757,170447,700000,2.840783333333333,61996.00237693901,58972.42166236059,56096.3027193007,53360.45375229824,50758.03371389563,48282.53519845678,45927.7681702635,43687.84448520197,41557.16316733536,39530.396403546685,37602.476221230805,35768.58181572316,34024.127495777044,32364.751216946923,30786.303674205203,29284.83792651843,43750.00000000001
Sip,Jessie Murph,67,-0.757402302522804,0.5891160469944642,7,0.6194827834969006,-0.6475367551716702,-0.488412339725908,172164,700000,2.8694,61996.00237693901,58972.42166236059,56096.3027193007,53360.45375229824,50758.03371389563,48282.53519845678,45927.7681702635,43687.84448520197,41557.16316733536,39530.396403546685,37602.476221230805,35768.58181572316,34024.127495777044,32364.751216946923,30786.303674205203,29284.83792651843,43750.00000000001
LET THE WORLD BURN,Chris Grey,77,-1.830009561805069,-0.4892741814117566,5,-0.0952478314268693,-0.4881301163832103,-0.1283886973284662,163291,750000,2.7215166666666666,66424.28826100608,63184.73749538635,60103.18148496504,57171.91473460526,54383.607550602464,51731.287712632264,49208.323039568044,46808.40480557354,44525.53196500217,42353.99614665716,40288.36737989015,38323.48051684625,36454.422316903976,34676.519161014556,32985.32536521986,31376.61206412689,46875.00000000001
LA PEOPLE II,Peso Pluma,75,0.4351237807785952,0.3494737740153038,1,0.4098640285229888,1.2558732089756828,-0.6446779206813933,141064,680000,2.351066666666666,60224.688023312185,57287.49532915029,54493.55121303497,51835.869359375436,49307.8041792129,46903.03419278659,44615.54622254169,42439.62035705334,40369.81564826864,38400.95650630249,36528.11975776707,34746.62233527393,33052.00956732628,31440.044039319866,29906.69499779934,28448.12827147505,42500.00000000001
act ii: date @ 8 (feat. Drake) - remix,4batz,71,-0.6774564198433806,-0.5577434022629453,0,-0.7273043826840836,0.2615545709882596,-0.9112486176054566,231339,750000,3.85565,66424.28826100608,63184.73749538635,60103.18148496504,57171.91473460526,54383.607550602464,51731.287712632264,49208.323039568044,46808.40480557354,44525.53196500217,42353.99614665716,40288.36737989015,38323.48051684625,36454.422316903976,34676.519161014556,32985.32536521986,31376.61206412689,46875.00000000001
Brickell,Feid,79,1.0213935870943678,1.410746697208728,11,1.3534151164335475,-0.7154029479231927,-0.4501119522368185,180360,710000,3.006,62881.659553752426,59814.88482896574,56897.67847243357,54122.74594875965,51483.148481236996,48972.285701291876,46583.87914412441,44311.956549276285,42150.836926868724,40095.116352168785,38139.65445296268,36279.56155594778,34510.186460002435,32827.10480576045,31226.108012408135,29703.192754040123,44375.0
Fresh Out The Slammer,Taylor Swift,71,-2.1431309356328105,-0.9115010433274202,9,-0.7513065302001803,1.4689414885444163,-0.5267127272149975,210789,670000,3.51315,59339.03084649877,56445.03216254514,53692.1754599021,51073.577162914036,48582.689411871535,46213.28368995149,43959.435248680784,41815.50829297903,39776.14188873527,37836.2365576804,35990.9415260352,34235.642595049314,32565.95060310089,30977.69045050634,29466.890659596407,28029.773443953356,41875.00000000001
Sympathy is a knife,Charli xcx,72,0.4417859376685472,0.3608853108238352,7,0.2615840949791022,-0.7805071444580836,1.763650444632557,151125,700000,2.51875,61996.00237693901,58972.42166236059,56096.3027193007,53360.45375229824,50758.03371389563,48282.53519845678,45927.7681702635,43687.84448520197,41557.16316733536,39530.396403546685,37602.476221230805,35768.58181572316,34024.127495777044,32364.751216946923,30786.303674205203,29284.83792651843,43750.00000000001
Sin Tanto Royo,Luis R Conriquez,75,0.6816235857068178,1.3137486343362106,5,0.3229229164091274,0.9599450429079974,0.69123959493805,148573,770000,2.4762166666666667,68195.60261463291,64869.66382859665,61705.93299123077,58696.49912752807,55833.837085285195,53110.78871830246,50520.54498728985,48056.62893372217,45712.87948406889,43483.436043901354,41362.72384335389,39345.43999729548,37426.54024535475,35601.226338641616,33864.93404162572,32213.321719170275,48125.00000000001
The Largest,BigXthaPlug,68,1.667622805419707,1.2795140239106162,10,0.9251101285351988,-0.7256617910135392,-0.2892503247826425,132338,720000,2.205633333333333,63767.31673056584,60657.3479955709,57699.05422556644,54885.03814522105,52208.26324857836,49662.03620412697,47239.99011798532,44936.068613350595,42744.510686402085,40659.83630079088,38676.83268469454,36790.5412961724,34996.24542422782,33289.45839457398,31665.912350611066,30121.547581561816,45000.00000000001
Meteor Man,Lil Uzi Vert,68,-0.6441456353936208,0.5548814365688699,8,0.1847772229275926,-0.8870412842424503,0.2009946350777036,227570,720000,3.792833333333333,63767.31673056584,60657.3479955709,57699.05422556644,54885.03814522105,52208.26324857836,49662.03620412697,47239.99011798532,44936.068613350595,42744.510686402085,40659.83630079088,38676.83268469454,36790.5412961724,34996.24542422782,33289.45839457398,31665.912350611066,30121.547581561816,45000.00000000001
Florida!!! (feat. Florence + The Machine),Taylor Swift,72,-0.7907130869725639,-0.3979818869435056,0,-0.1456523412106725,-0.2908446723380867,0.9899826173529483,215463,680000,3.59105,60224.688023312185,57287.49532915029,54493.55121303497,51835.869359375436,49307.8041792129,46903.03419278659,44615.54622254169,42439.62035705334,40369.81564826864,38400.95650630249,36528.11975776707,34746.62233527393,33052.00956732628,31440.044039319866,29906.69499779934,28448.12827147505,42500.00000000001
Parking Lot,Mustard,71,0.481758879008259,-0.5006857182202881,3,-0.166187511863333,-0.3224103433853064,1.0895636248245812,175321,720000,2.9220166666666665,63767.31673056584,60657.3479955709,57699.05422556644,54885.03814522105,52208.26324857836,49662.03620412697,47239.99011798532,44936.068613350595,42744.510686402085,40659.83630079088,38676.83268469454,36790.5412961724,34996.24542422782,33289.45839457398,31665.912350611066,30121.547581561816,45000.00000000001
Club classics,Charli xcx,71,0.3485157412092198,1.285219792314882,7,0.1479739300695776,-0.4999672430259177,-0.0977483873371946,153527,740000,2.5587833333333334,65538.63108419268,62342.2743287812,59301.80573183217,56409.622538143856,53658.4927832611,51041.53720979716,48552.212065707135,46184.29274149922,43931.85820546881,41789.27619803507,39751.18914815828,37812.50077662163,35968.36335267859,34214.16557220103,32545.521027016926,30958.2572366052,46250.0
Nasty,Tinashe,74,1.860825355228314,-1.322316368434552,8,-0.4950169328338584,-0.3421388877898187,-0.3505309447651856,176027,720000,2.9337833333333334,63767.31673056584,60657.3479955709,57699.05422556644,54885.03814522105,52208.26324857836,49662.03620412697,47239.99011798532,44936.068613350595,42744.510686402085,40659.83630079088,38676.83268469454,36790.5412961724,34996.24542422782,33289.45839457398,31665.912350611066,30121.547581561816,45000.00000000001
Talk talk featuring troye sivan,Charli xcx,72,0.5283939772379227,0.99422560369733,8,0.261850785507059,-0.9158449590730384,1.2963857172656643,173077,770000,2.8846166666666666,68195.60261463291,64869.66382859665,61705.93299123077,58696.49912752807,55833.837085285195,53110.78871830246,50520.54498728985,48056.62893372217,45712.87948406889,43483.436043901354,41362.72384335389,39345.43999729548,37426.54024535475,35601.226338641616,33864.93404162572,32213.321719170275,48125.00000000001
Restless Mind (feat. Avery Anna),Sam Barber,68,-0.8173617145323717,-2.5547623437559475,7,-0.4638141410629328,2.589522810720719,-0.5267127272149975,220000,710000,3.6666666666666665,62881.659553752426,59814.88482896574,56897.67847243357,54122.74594875965,51483.148481236996,48972.285701291876,46583.87914412441,44311.956549276285,42150.836926868724,40095.116352168785,38139.65445296268,36279.56155594778,34510.186460002435,32827.10480576045,31226.108012408135,29703.192754040123,44375.0
Cholo 7,Fuerza Regida,74,0.2619077016398443,1.2167505714636933,6,0.4111974811627719,-0.2040390769582321,-0.7059585406639366,157500,740000,2.625,65538.63108419268,62342.2743287812,59301.80573183217,56409.622538143856,53658.4927832611,51041.53720979716,48552.212065707135,46184.29274149922,43931.85820546881,41789.27619803507,39751.18914815828,37812.50077662163,35968.36335267859,34214.16557220103,32545.521027016926,30958.2572366052,46250.0
1-800-hot-n-fun,LE SSERAFIM,76,0.6682992719269139,1.4221582340172594,2,0.927243652758852,-0.6830481350997925,-0.1666890848175558,173431,680000,2.890516666666666,60224.688023312185,57287.49532915029,54493.55121303497,51835.869359375436,49307.8041792129,46903.03419278659,44615.54622254169,42439.62035705334,40369.81564826864,38400.95650630249,36528.11975776707,34746.62233527393,33052.00956732628,31440.044039319866,29906.69499779934,28448.12827147505,42500.00000000001
Relapse,Warren Zeiders,68,-0.57086190960415,0.6233506574200586,1,0.6600197437463081,-0.9923443628559756,-0.8001774938870968,158634,730000,2.6439,64652.97390737925,61499.81116217605,58500.42997869931,55647.33034168246,52933.378015919734,50351.78670696207,47896.10109184623,45560.18067742491,43338.18444593545,41224.55624941297,39214.010916426414,37301.52103639701,35482.30438845321,33751.8119833875,32105.716688813995,30539.90240908351,45625.0
We Still Don't Trust You,Future,74,0.4351237807785952,-0.3238068976880512,0,0.1138375424911288,-0.8692855942783894,1.8862116845976435,252920,700000,4.215333333333334,61996.00237693901,58972.42166236059,56096.3027193007,53360.45375229824,50758.03371389563,48282.53519845678,45927.7681702635,43687.84448520197,41557.16316733536,39530.396403546685,37602.476221230805,35768.58181572316,34024.127495777044,32364.751216946923,30786.303674205203,29284.83792651843,43750.00000000001
Pega Cabuloso - Ao Vivo em São Paulo,NATTAN,74,0.0553808380513342,1.262396718697819,2,0.8989744567954492,0.0800519624667459,-1.055258074564433,137067,720000,2.28445,63767.31673056584,60657.3479955709,57699.05422556644,54885.03814522105,52208.26324857836,49662.03620412697,47239.99011798532,44936.068613350595,42744.510686402085,40659.83630079088,38676.83268469454,36790.5412961724,34996.24542422782,33289.45839457398,31665.912350611066,30121.547581561816,45000.00000000001
Lyft Em Up,Lil Uzi Vert,68,0.8814882924053765,0.1155372694404096,2,-0.1568533433848509,-0.8440330574406134,0.3082357200471545,164595,760000,2.74325,67309.9454378195,64027.2006619915,60904.55723809791,57934.20693106666,55108.72231794383,52421.03821546736,49864.43401342895,47432.51686964785,45119.20572453553,42918.71609527926,40825.545611622016,38834.46025707087,36940.48128112937,35138.872749828086,33425.12970342279,31794.966891648583,47500.0
Kalashnikov,Clave Especial,73,0.808204566615905,1.1026352033783788,7,0.2431824485500947,-0.1527448615065001,-0.572673192201905,129501,710000,2.15835,62881.659553752426,59814.88482896574,56897.67847243357,54122.74594875965,51483.148481236996,48972.285701291876,46583.87914412441,44311.956549276285,42150.836926868724,40095.116352168785,38139.65445296268,36279.56155594778,34510.186460002435,32827.10480576045,31226.108012408135,29703.192754040123,44375.0
Mejores Jordans,Victor Mendivil,83,0.1153402500609019,-0.3409242029008483,1,-0.6326292452594797,1.3860816020454645,-0.6109735796909945,234716,710000,3.911933333333333,62881.659553752426,59814.88482896574,56897.67847243357,54122.74594875965,51483.148481236996,48972.285701291876,46583.87914412441,44311.956549276285,42150.836926868724,40095.116352168785,38139.65445296268,36279.56155594778,34510.186460002435,32827.10480576045,31226.108012408135,29703.192754040123,44375.0
God Games,Jorge Rivera-Herrans,70,-1.2304154417093929,-0.1982799927942052,11,0.0300967167127469,0.4272743439861635,0.2009946350777036,319636,750000,5.327266666666667,66424.28826100608,63184.73749538635,60103.18148496504,57171.91473460526,54383.607550602464,51731.287712632264,49208.323039568044,46808.40480557354,44525.53196500217,42353.99614665716,40288.36737989015,38323.48051684625,36454.422316903976,34676.519161014556,32985.32536521986,31376.61206412689,46875.00000000001
The Alchemy,Taylor Swift,72,-0.0778622997477049,-1.265258684391895,0,-0.593425737649855,0.6719082946021168,-0.5879933471975408,196900,830000,3.2816666666666667,73509.5456755134,69924.44282822756,66514.18751002797,63270.25230629649,60184.52568933339,57249.29173531304,54457.2108304553,51801.30131816805,49274.92204126907,46871.75573563393,44585.7932337451,42411.31843864318,40342.89403070707,38375.347871522776,36503.76007084331,34723.45068430043,51874.99999999999
Talk talk featuring troye sivan,Charli xcx,73,0.5283939772379227,0.99422560369733,8,0.261850785507059,-0.9158449590730384,1.2963857172656643,173077,680000,2.8846166666666666,60224.688023312185,57287.49532915029,54493.55121303497,51835.869359375436,49307.8041792129,46903.03419278659,44615.54622254169,42439.62035705334,40369.81564826864,38400.95650630249,36528.11975776707,34746.62233527393,33052.00956732628,31440.044039319866,29906.69499779934,28448.12827147505,42500.00000000001
Family Matters,Drake,71,-0.8306860283122757,-0.8601491276890287,1,-0.8526489308236996,-0.9746360213984852,0.9670023848594944,456934,680000,7.615566666666667,60224.688023312185,57287.49532915029,54493.55121303497,51835.869359375436,49307.8041792129,46903.03419278659,44615.54622254169,42439.62035705334,40369.81564826864,38400.95650630249,36528.11975776707,34746.62233527393,33052.00956732628,31440.044039319866,29906.69499779934,28448.12827147505,42500.00000000001
Down With Me,Lil Tecca,70,0.4018129963288354,-0.3123953608795197,9,0.3319903943596528,-0.55126145847765,0.2316349450689753,120035,750000,2.000583333333333,66424.28826100608,63184.73749538635,60103.18148496504,57171.91473460526,54383.607550602464,51731.287712632264,49208.323039568044,46808.40480557354,44525.53196500217,42353.99614665716,40288.36737989015,38323.48051684625,36454.422316903976,34676.519161014556,32985.32536521986,31376.61206412689,46875.00000000001
La Guerita,Grupo Marca Registrada,75,0.7615694683862413,1.4678043812513852,4,-0.028308508909755,1.5912584638523932,0.2086547125755215,184165,800000,3.0694166666666667,70852.57414507316,67397.0533284121,64110.06025062937,60983.375716912284,58009.1813873093,55180.040226807745,52488.87790887258,49928.965125945106,47493.900762668985,45177.59588976764,42974.25853854949,40878.37921796933,38884.71713803091,36988.2871050822,35184.34705623452,33468.38620173535,50000.00000000001
"yes, and?",Ariana Grande,75,0.9014747630752324,0.7545833307181702,1,-0.0099068624807475,-0.2434961657672569,-0.5113925722193617,214994,720000,3.5832333333333333,63767.31673056584,60657.3479955709,57699.05422556644,54885.03814522105,52208.26324857836,49662.03620412697,47239.99011798532,44936.068613350595,42744.510686402085,40659.83630079088,38676.83268469454,36790.5412961724,34996.24542422782,33289.45839457398,31665.912350611066,30121.547581561816,45000.00000000001
Chloe or Sam or Sophia or Marcus,Taylor Swift,71,-0.9039697541017472,-1.0940856322639232,0,-0.5267531056606973,2.0844720739652023,-0.572673192201905,213281,770000,3.554683333333333,68195.60261463291,64869.66382859665,61705.93299123077,58696.49912752807,55833.837085285195,53110.78871830246,50520.54498728985,48056.62893372217,45712.87948406889,43483.436043901354,41362.72384335389,39345.43999729548,37426.54024535475,35601.226338641616,33864.93404162572,32213.321719170275,48125.00000000001
SOUTH OF FRANCE - REMIX,Future,71,1.0946773128838383,0.3780026160366324,2,0.0911688476148153,-0.7221106530207271,-0.4271317197433648,183919,770000,3.0653166666666665,68195.60261463291,64869.66382859665,61705.93299123077,58696.49912752807,55833.837085285195,53110.78871830246,50520.54498728985,48056.62893372217,45712.87948406889,43483.436043901354,41362.72384335389,39345.43999729548,37426.54024535475,35601.226338641616,33864.93404162572,32213.321719170275,48125.00000000001
Florida!!! (feat. Florence + The Machine),Taylor Swift,72,-0.7907130869725639,-0.3979818869435056,0,-0.1456523412106725,-0.2908446723380867,0.9899826173529483,215463,680000,3.59105,60224.688023312185,57287.49532915029,54493.55121303497,51835.869359375436,49307.8041792129,46903.03419278659,44615.54622254169,42439.62035705334,40369.81564826864,38400.95650630249,36528.11975776707,34746.62233527393,33052.00956732628,31440.044039319866,29906.69499779934,28448.12827147505,42500.00000000001
Cherish (My Love),ILLIT,77,0.4151373101087394,1.017048677314393,4,0.7312261147107286,-0.0619935572457432,-0.1207286198306483,176854,740000,2.9475666666666664,65538.63108419268,62342.2743287812,59301.80573183217,56409.622538143856,53658.4927832611,51041.53720979716,48552.212065707135,46184.29274149922,43931.85820546881,41789.27619803507,39751.18914815828,37812.50077662163,35968.36335267859,34214.16557220103,32545.521027016926,30958.2572366052,46250.0
Chips and Dip,Lil Uzi Vert,68,0.5617047616876825,1.1311640453997074,11,-0.1213835031666191,-0.9142666755206776,2.223255094501631,166887,740000,2.78145,65538.63108419268,62342.2743287812,59301.80573183217,56409.622538143856,53658.4927832611,51041.53720979716,48552.212065707135,46184.29274149922,43931.85820546881,41789.27619803507,39751.18914815828,37812.50077662163,35968.36335267859,34214.16557220103,32545.521027016926,30958.2572366052,46250.0
Blow for Blow (feat. J. Cole),Tee Grizzley,69,0.1553131914006136,-0.9400298853487488,1,-0.9665257862611812,-0.7047495339447561,-0.404151487249911,210286,690000,3.504766666666667,61110.345200125594,58129.95849575544,55294.92696616783,52598.16155583684,50032.918946554266,47592.78469562168,45271.6571964026,43063.73242112766,40963.489407802,38965.67645492459,37065.29798949894,35257.602075498544,33538.06853155166,31902.397628133393,30346.49933600227,28866.48309899674,43125.0
"Are You Going to See the Rose in the Vase, or the Dust on the Table",$uicideboy$,68,0.6483128012570579,-0.7859741384335743,11,-0.0576444669849844,-0.696463545294861,2.407096954449261,150943,800000,2.5157166666666666,70852.57414507316,67397.0533284121,64110.06025062937,60983.375716912284,58009.1813873093,55180.040226807745,52488.87790887258,49928.965125945106,47493.900762668985,45177.59588976764,42974.25853854949,40878.37921796933,38884.71713803091,36988.2871050822,35184.34705623452,33468.38620173535,50000.00000000001
stranger,Olivia Rodrigo,71,-1.396969363958192,-0.2496319084325967,0,0.4007965505724634,2.09630920060791,-0.1896693173110095,192772,700000,3.2128666666666668,61996.00237693901,58972.42166236059,56096.3027193007,53360.45375229824,50758.03371389563,48282.53519845678,45927.7681702635,43687.84448520197,41557.16316733536,39530.396403546685,37602.476221230805,35768.58181572316,34024.127495777044,32364.751216946923,30786.303674205203,29284.83792651843,43750.00000000001
A Work of Art,Ice Nine Kills,70,-2.3896307405610333,1.924265853592643,8,1.121394357111279,-0.9690725718764128,1.2351050972831217,238144,670000,3.9690666666666665,59339.03084649877,56445.03216254514,53692.1754599021,51073.577162914036,48582.689411871535,46213.28368995149,43959.435248680784,41815.50829297903,39776.14188873527,37836.2365576804,35990.9415260352,34235.642595049314,32565.95060310089,30977.69045050634,29466.890659596407,28029.773443953356,41875.00000000001
Roc Steady (feat. Flo Milli),Megan Thee Stallion,67,2.040703591257016,1.2909255607191477,0,0.3751942598886268,-0.9517509098892508,-0.928100788100656,139193,760000,2.3198833333333333,67309.9454378195,64027.2006619915,60904.55723809791,57934.20693106666,55108.72231794383,52421.03821546736,49864.43401342895,47432.51686964785,45119.20572453553,42918.71609527926,40825.545611622016,38834.46025707087,36940.48128112937,35138.872749828086,33425.12970342279,31794.966891648583,47500.0
TELESCOPE,TWXN,74,-0.7507401456328522,-1.196789463540706,10,-0.670765990757278,-0.5433700407158449,-0.4194716422455468,143047,730000,2.384116666666667,64652.97390737925,61499.81116217605,58500.42997869931,55647.33034168246,52933.378015919734,50351.78670696207,47896.10109184623,45560.18067742491,43338.18444593545,41224.55624941297,39214.010916426414,37301.52103639701,35482.30438845321,33751.8119833875,32105.716688813995,30539.90240908351,45625.0
HIGHJACK,A$AP Rocky,70,-0.2777270064462637,0.2239468691214584,7,0.4533345845799196,0.2615545709882596,1.0819035473267633,190075,710000,3.1679166666666667,62881.659553752426,59814.88482896574,56897.67847243357,54122.74594875965,51483.148481236996,48972.285701291876,46583.87914412441,44311.956549276285,42150.836926868724,40095.116352168785,38139.65445296268,36279.56155594778,34510.186460002435,32827.10480576045,31226.108012408135,29703.192754040123,44375.0
Free Now,Gracie Abrams,70,-0.6308213216137168,-1.4592548101369291,0,-0.5304867730520905,0.6285054969121896,0.1320539375973426,214080,790000,3.568,69966.91696825974,66554.59016180695,63308.684497496506,60221.08352045088,57284.066619967925,54490.28972397265,51832.76693501167,49304.853061870795,46900.227003135624,44612.87594114555,42437.080306817625,40367.399477744715,38398.658173805525,36525.93351626867,34744.54271803158,33050.03137421366,49375.0
favorite,Isabel LaRosa,78,0.4950831927881629,0.0527738169934866,10,0.3330571564714791,-0.980436213453412,-0.6837443159202647,133608,700000,2.2268,61996.00237693901,58972.42166236059,56096.3027193007,53360.45375229824,50758.03371389563,48282.53519845678,45927.7681702635,43687.84448520197,41557.16316733536,39530.396403546685,37602.476221230805,35768.58181572316,34024.127495777044,32364.751216946923,30786.303674205203,29284.83792651843,43750.00000000001
PUSH 2 START,Tyla,76,0.2086104465202293,0.9771082984845328,2,0.8192339889364166,0.0997805068712583,-0.7197466801600089,156826,750000,2.613766666666667,66424.28826100608,63184.73749538635,60103.18148496504,57171.91473460526,54383.607550602464,51731.287712632264,49208.323039568044,46808.40480557354,44525.53196500217,42353.99614665716,40288.36737989015,38323.48051684625,36454.422316903976,34676.519161014556,32985.32536521986,31376.61206412689,46875.00000000001
ORCHESTRATË,Yeat,70,-0.4775917131448225,1.268102487102085,9,0.8773725240309621,-0.9783055306577246,0.0401330076235276,173096,700000,2.884933333333333,61996.00237693901,58972.42166236059,56096.3027193007,53360.45375229824,50758.03371389563,48282.53519845678,45927.7681702635,43687.84448520197,41557.16316733536,39530.396403546685,37602.476221230805,35768.58181572316,34024.127495777044,32364.751216946923,30786.303674205203,29284.83792651843,43750.00000000001
Let's Go Back,Jungle,75,-0.8440103420921796,0.6062333522072614,9,0.4818704710712791,-0.4171073565269658,0.4307969600122409,169652,710000,2.827533333333333,62881.659553752426,59814.88482896574,56897.67847243357,54122.74594875965,51483.148481236996,48972.285701291876,46583.87914412441,44311.956549276285,42150.836926868724,40095.116352168785,38139.65445296268,36279.56155594778,34510.186460002435,32827.10480576045,31226.108012408135,29703.192754040123,44375.0
Two Faced,Linkin Park,44,-0.9439426954414588,1.7245639594433422,1,0.3125219858188186,-0.9905845766950933,-1.0606201288129058,183584,710000,3.0597333333333334,62881.659553752426,59814.88482896574,56897.67847243357,54122.74594875965,51483.148481236996,48972.285701291876,46583.87914412441,44311.956549276285,42150.836926868724,40095.116352168785,38139.65445296268,36279.56155594778,34510.186460002435,32827.10480576045,31226.108012408135,29703.192754040123,44375.0
Good Things Go,Linkin Park,44,-0.7374158318529482,0.6518794994413871,2,0.3218561542973007,-0.9589715571413024,-0.3352107897695497,209845,730000,3.4974166666666666,64652.97390737925,61499.81116217605,58500.42997869931,55647.33034168246,52933.378015919734,50351.78670696207,47896.10109184623,45560.18067742491,43338.18444593545,41224.55624941297,39214.010916426414,37301.52103639701,35482.30438845321,33751.8119833875,32105.716688813995,30539.90240908351,45625.0
The Emptiness Machine,Linkin Park,44,-1.2370775985993447,1.308042865931945,7,0.8621711639374342,-0.9316277945966484,-0.4501119522368185,190428,760000,3.1738,67309.9454378195,64027.2006619915,60904.55723809791,57934.20693106666,55108.72231794383,52421.03821546736,49864.43401342895,47432.51686964785,45119.20572453553,42918.71609527926,40825.545611622016,38834.46025707087,36940.48128112937,35138.872749828086,33425.12970342279,31794.966891648583,47500.0
IGYEIH,Linkin Park,44,-1.396969363958192,1.855796632741454,2,0.8427027553966001,-0.9842240939790784,0.8904016098813154,209084,700000,3.484733333333333,61996.00237693901,58972.42166236059,56096.3027193007,53360.45375229824,50758.03371389563,48282.53519845678,45927.7681702635,43687.84448520197,41557.16316733536,39530.396403546685,37602.476221230805,35768.58181572316,34024.127495777044,32364.751216946923,30786.303674205203,29284.83792651843,43750.00000000001
Cut the Bridge,Linkin Park,47,-0.1977811237668402,1.6732120438049514,7,1.0285860533823714,-0.9095318248635944,0.4767574249991484,228607,670000,3.8101166666666666,59339.03084649877,56445.03216254514,53692.1754599021,51073.577162914036,48582.689411871535,46213.28368995149,43959.435248680784,41815.50829297903,39776.14188873527,37836.2365576804,35990.9415260352,34235.642595049314,32565.95060310089,30977.69045050634,29466.890659596407,28029.773443953356,41875.00000000001
From Zero (Intro),Linkin Park,16,-2.096495837403147,-2.874285374394828,7,-3.282199640508604,1.457104361901709,0.5456981224795097,22174,710000,0.3695666666666666,62881.659553752426,59814.88482896574,56897.67847243357,54122.74594875965,51483.148481236996,48972.285701291876,46583.87914412441,44311.956549276285,42150.836926868724,40095.116352168785,38139.65445296268,36279.56155594778,34510.186460002435,32827.10480576045,31226.108012408135,29703.192754040123,44375.0
Stained,Linkin Park,45,-0.9039697541017472,1.285219792314882,6,0.3810614515036728,-0.9403083541346338,2.5219981169165298,185415,700000,3.09025,61996.00237693901,58972.42166236059,56096.3027193007,53360.45375229824,50758.03371389563,48282.53519845678,45927.7681702635,43687.84448520197,41557.16316733536,39530.396403546685,37602.476221230805,35768.58181572316,34024.127495777044,32364.751216946923,30786.303674205203,29284.83792651843,43750.00000000001
Heavy Is the Crown,Linkin Park,43,-0.5375511251543902,1.6275658965708255,4,0.7605620727859579,-0.956406846368716,0.8980616873791333,167012,770000,2.783533333333333,68195.60261463291,64869.66382859665,61705.93299123077,58696.49912752807,55833.837085285195,53110.78871830246,50520.54498728985,48056.62893372217,45712.87948406889,43483.436043901354,41362.72384335389,39345.43999729548,37426.54024535475,35601.226338641616,33864.93404162572,32213.321719170275,48125.00000000001
Casualty,Linkin Park,46,-0.5042403407046303,1.7416812646561397,2,0.6653535543054409,-0.9747543926649124,1.0895636248245812,140916,700000,2.3486,61996.00237693901,58972.42166236059,56096.3027193007,53360.45375229824,50758.03371389563,48282.53519845678,45927.7681702635,43687.84448520197,41557.16316733536,39530.396403546685,37602.476221230805,35768.58181572316,34024.127495777044,32364.751216946923,30786.303674205203,29284.83792651843,43750.00000000001
Overflow,Linkin Park,45,-0.9106319109916992,0.0641853538020181,8,0.0607661274277594,-0.53547862295404,-0.6370178431835753,211027,770000,3.5171166666666664,68195.60261463291,64869.66382859665,61705.93299123077,58696.49912752807,55833.837085285195,53110.78871830246,50520.54498728985,48056.62893372217,45712.87948406889,43483.436043901354,41362.72384335389,39345.43999729548,37426.54024535475,35601.226338641616,33864.93404162572,32213.321719170275,48125.00000000001
Over Each Other,Linkin Park,43,-0.6774564198433806,0.8344640883778904,10,0.5181403828733807,-0.983671694735752,1.9015318395932796,170445,660000,2.84075,58453.37366968535,55602.56899593998,52890.799706769234,50311.28496645263,47857.57464453017,45523.533187116394,43303.324274819875,41191.39622890471,39182.46812920191,37271.5166090583,35453.76329430333,33724.662854824695,32079.891638875502,30515.336861692813,29027.086321393475,27611.418616431663,41250.0
NO PIERDO LA VIDA,Calle 24,77,0.6349884874771541,1.03416598252719,7,0.593080421229194,-0.2671704190526718,0.7831605249118646,168547,710000,2.8091166666666667,62881.659553752426,59814.88482896574,56897.67847243357,54122.74594875965,51483.148481236996,48972.285701291876,46583.87914412441,44311.956549276285,42150.836926868724,40095.116352168785,38139.65445296268,36279.56155594778,34510.186460002435,32827.10480576045,31226.108012408135,29703.192754040123,44375.0
Young Metro,Future,71,0.4284616238886433,0.1212430378446753,6,-0.1920564930751261,-0.5591528762394549,-0.5343728047128155,205347,800000,3.42245,70852.57414507316,67397.0533284121,64110.06025062937,60983.375716912284,58009.1813873093,55180.040226807745,52488.87790887258,49928.965125945106,47493.900762668985,45177.59588976764,42974.25853854949,40878.37921796933,38884.71713803091,36988.2871050822,35184.34705623452,33468.38620173535,50000.00000000001
Una Velita,Bad Bunny,74,-0.5109024975945823,1.056989056144253,4,-0.0059065045613981,1.863512376634664,0.0707733176147993,239986,700000,3.9997666666666665,61996.00237693901,58972.42166236059,56096.3027193007,53360.45375229824,50758.03371389563,48282.53519845678,45927.7681702635,43687.84448520197,41557.16316733536,39530.396403546685,37602.476221230805,35768.58181572316,34024.127495777044,32364.751216946923,30786.303674205203,29284.83792651843,43750.00000000001
BLANCA ROSITA Y MARIA,Tito Double P,79,0.7682316252761933,0.0755968906105495,11,-0.0605780627925074,0.190531811132015,-0.312230557276096,200658,750000,3.3443,66424.28826100608,63184.73749538635,60103.18148496504,57171.91473460526,54383.607550602464,51731.287712632264,49208.323039568044,46808.40480557354,44525.53196500217,42353.99614665716,40288.36737989015,38323.48051684625,36454.422316903976,34676.519161014556,32985.32536521986,31376.61206412689,46875.00000000001
LINDA,Tito Double P,78,1.7275822174292748,0.67470257305845,6,-0.0360425342204972,-0.4605101542168929,-0.1283886973284662,224210,700000,3.736833333333333,61996.00237693901,58972.42166236059,56096.3027193007,53360.45375229824,50758.03371389563,48282.53519845678,45927.7681702635,43687.84448520197,41557.16316733536,39530.396403546685,37602.476221230805,35768.58181572316,34024.127495777044,32364.751216946923,30786.303674205203,29284.83792651843,43750.00000000001
A Noite (La Notte) - Ao Vivo,Gusttavo Lima,81,0.6682992719269139,-0.7117991491781198,11,0.2186469199780848,1.374244475402757,-0.6033135021931766,201557,750000,3.3592833333333334,66424.28826100608,63184.73749538635,60103.18148496504,57171.91473460526,54383.607550602464,51731.287712632264,49208.323039568044,46808.40480557354,44525.53196500217,42353.99614665716,40288.36737989015,38323.48051684625,36454.422316903976,34676.519161014556,32985.32536521986,31376.61206412689,46875.00000000001
Law & Order,BigXthaPlug,67,1.5610282951804757,-1.0484394850297971,9,-0.4760819053489377,-0.942281208575085,-0.6760842384224468,158042,770000,2.634033333333333,68195.60261463291,64869.66382859665,61705.93299123077,58696.49912752807,55833.837085285195,53110.78871830246,50520.54498728985,48056.62893372217,45712.87948406889,43483.436043901354,41362.72384335389,39345.43999729548,37426.54024535475,35601.226338641616,33864.93404162572,32213.321719170275,48125.00000000001
Pula Fora - Ao Vivo,Murilo Huff,76,0.5017453496781149,1.1083409717826445,8,0.6501521942119128,0.7863338521482887,2.1696345520169067,149323,700000,2.4887166666666665,61996.00237693901,58972.42166236059,56096.3027193007,53360.45375229824,50758.03371389563,48282.53519845678,45927.7681702635,43687.84448520197,41557.16316733536,39530.396403546685,37602.476221230805,35768.58181572316,34024.127495777044,32364.751216946923,30786.303674205203,29284.83792651843,43750.00000000001
eternal sunshine,Ariana Grande,73,0.0154078967116225,-0.7973856752421057,9,-0.130184290589188,1.1098819803822917,-0.6033135021931766,210200,780000,3.5033333333333334,69081.25979144633,65712.1269952018,62507.30874436364,59458.79132398947,56558.95185262656,53800.53922113755,51176.65596115076,48680.74099779648,46306.55324360226,44048.15599252345,41899.90207508575,39856.4197375201,37912.59920958014,36063.57992745514,34304.738379828654,32631.676546691968,48750.0
Passoa,JHAYCO,77,1.414460843601533,-0.6832703071567913,6,0.3205227016575176,0.056377709181331,-0.3581910222630035,309280,680000,5.1546666666666665,60224.688023312185,57287.49532915029,54493.55121303497,51835.869359375436,49307.8041792129,46903.03419278659,44615.54622254169,42439.62035705334,40369.81564826864,38400.95650630249,36528.11975776707,34746.62233527393,33052.00956732628,31440.044039319866,29906.69499779934,28448.12827147505,42500.00000000001
No Me Cansare,Sevdaliza,77,0.102015936280998,0.5777045101859327,1,0.5181403828733807,-0.730002070782532,0.2392950225667932,162857,790000,2.7142833333333334,69966.91696825974,66554.59016180695,63308.684497496506,60221.08352045088,57284.066619967925,54490.28972397265,51832.76693501167,49304.853061870795,46900.227003135624,44612.87594114555,42437.080306817625,40367.399477744715,38398.658173805525,36525.93351626867,34744.54271803158,33050.03137421366,49375.0
On D Gas,LEGADO 7,77,0.8948126061852805,1.3993351604001965,5,0.1871774376792023,-0.0146450506749135,-0.15136892982192,201323,680000,3.355383333333333,60224.688023312185,57287.49532915029,54493.55121303497,51835.869359375436,49307.8041792129,46903.03419278659,44615.54622254169,42439.62035705334,40369.81564826864,38400.95650630249,36528.11975776707,34746.62233527393,33052.00956732628,31440.044039319866,29906.69499779934,28448.12827147505,42500.00000000001
GOOD DAY,Forrest Frank,68,0.4018129963288354,0.2239468691214584,8,-0.1043153093773947,-0.7524926114036761,-0.2662700922891887,170522,780000,2.842033333333333,69081.25979144633,65712.1269952018,62507.30874436364,59458.79132398947,56558.95185262656,53800.53922113755,51176.65596115076,48680.74099779648,46306.55324360226,44048.15599252345,41899.90207508575,39856.4197375201,37912.59920958014,36063.57992745514,34304.738379828654,32631.676546691968,48750.0
HOW I LOOK (feat. Megan Thee Stallion),GloRilla,66,0.6682992719269139,0.7602890991224359,10,0.8995078378513623,-0.9754646202634748,0.1397140150951605,118519,700000,1.9753166666666664,61996.00237693901,58972.42166236059,56096.3027193007,53360.45375229824,50758.03371389563,48282.53519845678,45927.7681702635,43687.84448520197,41557.16316733536,39530.396403546685,37602.476221230805,35768.58181572316,34024.127495777044,32364.751216946923,30786.303674205203,29284.83792651843,43750.00000000001
Did It First (with Central Cee),Ice Spice,75,-0.1111730841974647,-0.3922761185392399,1,-0.2336602154363606,-0.0896135194120604,-0.4118115647477289,118002,700000,1.9667,61996.00237693901,58972.42166236059,56096.3027193007,53360.45375229824,50758.03371389563,48282.53519845678,45927.7681702635,43687.84448520197,41557.16316733536,39530.396403546685,37602.476221230805,35768.58181572316,34024.127495777044,32364.751216946923,30786.303674205203,29284.83792651843,43750.00000000001
Blowing Smoke,Gracie Abrams,70,-0.1977811237668402,-0.0042838670491705,11,0.3898622389262415,0.0208663292532087,-0.7028945096648095,232280,690000,3.871333333333333,61110.345200125594,58129.95849575544,55294.92696616783,52598.16155583684,50032.918946554266,47592.78469562168,45271.6571964026,43063.73242112766,40963.489407802,38965.67645492459,37065.29798949894,35257.602075498544,33538.06853155166,31902.397628133393,30346.49933600227,28866.48309899674,43125.0
Quitter,Cameron Whitcomb,70,0.0553808380513342,0.024244974972158,9,-0.0960479030107392,-0.9434649212393558,-0.2356297822979171,161286,710000,2.6881,62881.659553752426,59814.88482896574,56897.67847243357,54122.74594875965,51483.148481236996,48972.285701291876,46583.87914412441,44311.956549276285,42150.836926868724,40095.116352168785,38139.65445296268,36279.56155594778,34510.186460002435,32827.10480576045,31226.108012408135,29703.192754040123,44375.0
Last Of My Kind (feat. Paul Cauthen),Shaboozey,70,-0.6707942629534286,-0.79167990683784,7,0.1274387594169171,0.2655002798691621,1.196804709794032,202025,660000,3.367083333333333,58453.37366968535,55602.56899593998,52890.799706769234,50311.28496645263,47857.57464453017,45523.533187116394,43303.324274819875,41191.39622890471,39182.46812920191,37271.5166090583,35453.76329430333,33724.662854824695,32079.891638875502,30515.336861692813,29027.086321393475,27611.418616431663,41250.0
her,JVKE,72,-1.4502666190778075,-0.306689592475254,11,0.2794523603521965,2.6842198238623785,2.422417109444897,142512,770000,2.3752,68195.60261463291,64869.66382859665,61705.93299123077,58696.49912752807,55833.837085285195,53110.78871830246,50520.54498728985,48056.62893372217,45712.87948406889,43483.436043901354,41362.72384335389,39345.43999729548,37426.54024535475,35601.226338641616,33864.93404162572,32213.321719170275,48125.00000000001
Blowing Smoke,Gracie Abrams,71,-0.2111054375467441,-0.0499300142832963,11,0.3943959779015043,0.0208663292532087,-0.7067245484137185,232280,770000,3.871333333333333,68195.60261463291,64869.66382859665,61705.93299123077,58696.49912752807,55833.837085285195,53110.78871830246,50520.54498728985,48056.62893372217,45712.87948406889,43483.436043901354,41362.72384335389,39345.43999729548,37426.54024535475,35601.226338641616,33864.93404162572,32213.321719170275,48125.00000000001
all of me,21 Savage,70,0.0020835829317185,0.9314621512504077,5,0.2319814463759163,-0.5118043696686252,5.072803923689893,198293,780000,3.304883333333333,69081.25979144633,65712.1269952018,62507.30874436364,59458.79132398947,56558.95185262656,53800.53922113755,51176.65596115076,48680.74099779648,46306.55324360226,44048.15599252345,41899.90207508575,39856.4197375201,37912.59920958014,36063.57992745514,34304.738379828654,32631.676546691968,48750.0
Roi - Instrumental Slowed,Mckyyy,77,-1.590171913766799,-2.0583604925848302,7,-2.864562273728521,1.8792952121582736,-0.572673192201905,92589,660000,1.54315,58453.37366968535,55602.56899593998,52890.799706769234,50311.28496645263,47857.57464453017,45523.533187116394,43303.324274819875,41191.39622890471,39182.46812920191,37271.5166090583,35453.76329430333,33724.662854824695,32079.891638875502,30515.336861692813,29027.086321393475,27611.418616431663,41250.0
Floating In Space,Calmly,71,-3.3289948620442584,-3.6522668963164575,10,-9.401680495001449,2.917016647835624,-0.48075226222809,126000,740000,2.1,65538.63108419268,62342.2743287812,59301.80573183217,56409.622538143856,53658.4927832611,51041.53720979716,48552.212065707135,46184.29274149922,43931.85820546881,41789.27619803507,39751.18914815828,37812.50077662163,35968.36335267859,34214.16557220103,32545.521027016926,30958.2572366052,46250.0
El Beneficio De La Duda,Grupo Firme,79,-0.224429751326648,0.1098315010361439,4,0.1322391889201364,-0.3224103433853064,1.0436031598376736,245501,770000,4.091683333333333,68195.60261463291,64869.66382859665,61705.93299123077,58696.49912752807,55833.837085285195,53110.78871830246,50520.54498728985,48056.62893372217,45712.87948406889,43483.436043901354,41362.72384335389,39345.43999729548,37426.54024535475,35601.226338641616,33864.93404162572,32213.321719170275,48125.00000000001
2 Slippery (feat. BossMan Dlow),Luh Tyler,66,0.095353779391046,-1.3793740524772091,1,-0.593425737649855,-0.8254882257003717,-0.2662700922891887,159228,710000,2.6538,62881.659553752426,59814.88482896574,56897.67847243357,54122.74594875965,51483.148481236996,48972.285701291876,46583.87914412441,44311.956549276285,42150.836926868724,40095.116352168785,38139.65445296268,36279.56155594778,34510.186460002435,32827.10480576045,31226.108012408135,29703.192754040123,44375.0
Hammer to the Heart,Teddy Swims,75,-0.217767594436696,-0.1868684559856737,6,0.2733184782091941,-0.7927388419888812,-0.872948230116367,192317,700000,3.205283333333333,61996.00237693901,58972.42166236059,56096.3027193007,53360.45375229824,50758.03371389563,48282.53519845678,45927.7681702635,43687.84448520197,41557.16316733536,39530.396403546685,37602.476221230805,35768.58181572316,34024.127495777044,32364.751216946923,30786.303674205203,29284.83792651843,43750.00000000001
Neta,Gabito Ballesteros,78,0.2818941723097001,-0.9742644957743432,8,-0.4624806884231495,0.1786946844893076,-0.572673192201905,179968,660000,2.9994666666666667,58453.37366968535,55602.56899593998,52890.799706769234,50311.28496645263,47857.57464453017,45523.533187116394,43303.324274819875,41191.39622890471,39182.46812920191,37271.5166090583,35453.76329430333,33724.662854824695,32079.891638875502,30515.336861692813,29027.086321393475,27611.418616431663,41250.0
Me Caiu Tão Bem - Ao Vivo,Murilo Huff,79,-0.550875438934294,0.4635891421006182,1,0.6741543417280096,1.0506963471687545,2.054733389549638,156146,810000,2.6024333333333334,71738.23132188657,68239.51649501726,64911.43600376224,61745.66791337368,58734.29615465066,55869.790729642846,53144.98888273349,50553.07719001942,48087.57452220235,45742.31583838974,43511.43677028136,41389.358958193945,39370.7761022563,37450.64069389572,35624.151394437446,33886.74102925704,50625.000000000015
Bendecido,LOS DOS DE TAMAULIPAS,69,-1.223753284819441,1.222456339867959,9,1.1373957887886768,-0.3066275078616965,-0.8177956721320782,164708,680000,2.745133333333333,60224.688023312185,57287.49532915029,54493.55121303497,51835.869359375436,49307.8041792129,46903.03419278659,44615.54622254169,42439.62035705334,40369.81564826864,38400.95650630249,36528.11975776707,34746.62233527393,33052.00956732628,31440.044039319866,29906.69499779934,28448.12827147505,42500.00000000001
But Daddy I Love Him,Taylor Swift,71,-0.8706589696519874,0.4407660684835554,4,-0.2952657273943422,0.5219713571278229,-0.3428708672673677,340428,670000,5.6738,59339.03084649877,56445.03216254514,53692.1754599021,51073.577162914036,48582.689411871535,46213.28368995149,43959.435248680784,41815.50829297903,39776.14188873527,37836.2365576804,35990.9415260352,34235.642595049314,32565.95060310089,30977.69045050634,29466.890659596407,28029.773443953356,41875.00000000001
Can't Hold Me Down,Doodles,68,1.2878798626924457,-0.917206811731686,11,0.5826794906388852,-0.7252672201254489,-1.0621521443124693,197627,690000,3.2937833333333333,61110.345200125594,58129.95849575544,55294.92696616783,52598.16155583684,50032.918946554266,47592.78469562168,45271.6571964026,43063.73242112766,40963.489407802,38965.67645492459,37065.29798949894,35257.602075498544,33538.06853155166,31902.397628133393,30346.49933600227,28866.48309899674,43125.0
BROTHER STONE (FEAT. KODAK BLACK),Don Toliver,70,1.187947509343166,-0.6490356967311969,1,0.0540988642288438,-0.7039603921685756,-0.5573530372062692,202840,690000,3.3806666666666665,61110.345200125594,58129.95849575544,55294.92696616783,52598.16155583684,50032.918946554266,47592.78469562168,45271.6571964026,43063.73242112766,40963.489407802,38965.67645492459,37065.29798949894,35257.602075498544,33538.06853155166,31902.397628133393,30346.49933600227,28866.48309899674,43125.0
Touch (ft. YEONJUN of TOMORROW X TOGETHER),KATSEYE,74,0.6483128012570579,1.330865939549008,0,0.9395114170448572,0.7705510166246787,-0.2739301697870067,129883,680000,2.164716666666666,60224.688023312185,57287.49532915029,54493.55121303497,51835.869359375436,49307.8041792129,46903.03419278659,44615.54622254169,42439.62035705334,40369.81564826864,38400.95650630249,36528.11975776707,34746.62233527393,33052.00956732628,31440.044039319866,29906.69499779934,28448.12827147505,42500.00000000001
Pour Me A Drink (Feat. Blake Shelton),Post Malone,70,-0.4975781838146784,1.4906274548684482,11,0.7360265442139479,-0.9860785771531024,0.9823225398551304,195123,690000,3.25205,61110.345200125594,58129.95849575544,55294.92696616783,52598.16155583684,50032.918946554266,47592.78469562168,45271.6571964026,43063.73242112766,40963.489407802,38965.67645492459,37065.29798949894,35257.602075498544,33538.06853155166,31902.397628133393,30346.49933600227,28866.48309899674,43125.0
Fall Fast in Love,Rod Wave,66,0.5283939772379227,0.0470680485892209,1,-0.4427455893543588,-0.8219370877075596,-0.2815902472848245,172603,700000,2.876716666666667,61996.00237693901,58972.42166236059,56096.3027193007,53360.45375229824,50758.03371389563,48282.53519845678,45927.7681702635,43687.84448520197,41557.16316733536,39530.396403546685,37602.476221230805,35768.58181572316,34024.127495777044,32364.751216946923,30786.303674205203,29284.83792651843,43750.00000000001
Roses,Jenna Raine,71,-1.0039021074510266,-0.1298107719430165,0,-0.2515284808094546,1.808272452302029,-0.8338818348774957,190535,750000,3.175583333333333,66424.28826100608,63184.73749538635,60103.18148496504,57171.91473460526,54383.607550602464,51731.287712632264,49208.323039568044,46808.40480557354,44525.53196500217,42353.99614665716,40288.36737989015,38323.48051684625,36454.422316903976,34676.519161014556,32985.32536521986,31376.61206412689,46875.00000000001
Fix What You Didn't Break,Nate Smith,67,-1.4569287759677596,1.3422774763575394,8,0.6834885102064916,-0.9902768114023828,-0.6806802849211375,201555,740000,3.35925,65538.63108419268,62342.2743287812,59301.80573183217,56409.622538143856,53658.4927832611,51041.53720979716,48552.212065707135,46184.29274149922,43931.85820546881,41789.27619803507,39751.18914815828,37812.50077662163,35968.36335267859,34214.16557220103,32545.521027016926,30958.2572366052,46250.0
Despídase bien,Carin Leon,77,0.2485833878599403,-0.3751588133264427,11,0.4127976243305118,1.464995779663514,0.1320539375973426,231375,670000,3.85625,59339.03084649877,56445.03216254514,53692.1754599021,51073.577162914036,48582.689411871535,46213.28368995149,43959.435248680784,41815.50829297903,39776.14188873527,37836.2365576804,35990.9415260352,34235.642595049314,32565.95060310089,30977.69045050634,29466.890659596407,28029.773443953356,41875.00000000001
Fuck Fame (feat. Lil Yachty & Lil Baby),Rod Wave,67,-0.2377540651065519,-1.5847817150307753,5,-1.9018094678050843,-0.385541685479746,-0.0134875348611977,183529,570000,3.0588166666666665,50482.45907836462,48020.400496493625,45678.41792857343,43450.6551983,41331.54173845787,39315.77866160052,37398.325510071714,35574.38765223589,33839.404293401654,32189.037071459443,30619.15920871651,29125.845192803146,27705.360960847025,26354.154562371066,25068.847277567093,23846.225168736437,35625.0
No Caller ID,Megan Moroney,66,-2.0498607391734835,-0.6490356967311969,4,0.1295722836405701,-0.5275872051922351,0.1320539375973426,208759,770000,3.4793166666666666,68195.60261463291,64869.66382859665,61705.93299123077,58696.49912752807,55833.837085285195,53110.78871830246,50520.54498728985,48056.62893372217,45712.87948406889,43483.436043901354,41362.72384335389,39345.43999729548,37426.54024535475,35601.226338641616,33864.93404162572,32213.321719170275,48125.00000000001
Indifferent,Megan Moroney,66,-0.1111730841974647,-0.6033895494970711,6,0.0749007254094608,-0.8089162484005814,-0.7235767189089178,176023,710000,2.9337166666666668,62881.659553752426,59814.88482896574,56897.67847243357,54122.74594875965,51483.148481236996,48972.285701291876,46583.87914412441,44311.956549276285,42150.836926868724,40095.116352168785,38139.65445296268,36279.56155594778,34510.186460002435,32827.10480576045,31226.108012408135,29703.192754040123,44375.0
Bored,Laufey,70,-0.9572670092213628,-1.2766702212004264,7,-0.8558492171591794,2.605305646244329,-0.5037324947215438,213213,690000,3.55355,61110.345200125594,58129.95849575544,55294.92696616783,52598.16155583684,50032.918946554266,47592.78469562168,45271.6571964026,43063.73242112766,40963.489407802,38965.67645492459,37065.29798949894,35257.602075498544,33538.06853155166,31902.397628133393,30346.49933600227,28866.48309899674,43125.0
NEVER GET USED TO THIS,Forrest Frank,68,-0.0179028877381372,0.3038276267811779,11,-0.3952746753780784,0.3207402042017968,2.1849547070125426,145035,760000,2.41725,67309.9454378195,64027.2006619915,60904.55723809791,57934.20693106666,55108.72231794383,52421.03821546736,49864.43401342895,47432.51686964785,45119.20572453553,42918.71609527926,40825.545611622016,38834.46025707087,36940.48128112937,35138.872749828086,33425.12970342279,31794.966891648583,47500.0
Don’t Mind If I Do (ft. Ella Langley),Riley Green,67,-1.6034962275467026,-1.5619586414137123,5,-0.8006442778721571,1.71357543916037,-0.1743491623153737,218946,690000,3.6491,61110.345200125594,58129.95849575544,55294.92696616783,52598.16155583684,50032.918946554266,47592.78469562168,45271.6571964026,43063.73242112766,40963.489407802,38965.67645492459,37065.29798949894,35257.602075498544,33538.06853155166,31902.397628133393,30346.49933600227,28866.48309899674,43125.0
Aquí Te Espero,Ivan Cornejo,69,-0.7374158318529482,-1.9157162824781868,10,-1.0897368101771443,1.26771033561839,-0.6171016416892489,255373,720000,4.256216666666667,63767.31673056584,60657.3479955709,57699.05422556644,54885.03814522105,52208.26324857836,49662.03620412697,47239.99011798532,44936.068613350595,42744.510686402085,40659.83630079088,38676.83268469454,36790.5412961724,34996.24542422782,33289.45839457398,31665.912350611066,30121.547581561816,45000.00000000001
Love in Paradise,Jorge Rivera-Herrans,69,-1.5835097568768468,-0.3009838240709883,1,-0.1715213224224655,1.121719107024999,-0.2892503247826425,250588,720000,4.176466666666666,63767.31673056584,60657.3479955709,57699.05422556644,54885.03814522105,52208.26324857836,49662.03620412697,47239.99011798532,44936.068613350595,42744.510686402085,40659.83630079088,38676.83268469454,36790.5412961724,34996.24542422782,33289.45839457398,31665.912350611066,30121.547581561816,45000.00000000001
Sticky,KISS OF LIFE,77,0.3351914274293158,0.3323564688025066,10,0.7245588515118129,0.5495913192941403,-0.3658510997608214,157120,670000,2.6186666666666665,59339.03084649877,56445.03216254514,53692.1754599021,51073.577162914036,48582.689411871535,46213.28368995149,43959.435248680784,41815.50829297903,39776.14188873527,37836.2365576804,35990.9415260352,34235.642595049314,32565.95060310089,30977.69045050634,29466.890659596407,28029.773443953356,41875.00000000001
Morena Canela,Chino Pacas,76,0.0420565242714303,-0.1640453823686108,10,-0.1077822862408309,-0.5788814206439673,-0.6722541996735378,178337,740000,2.9722833333333334,65538.63108419268,62342.2743287812,59301.80573183217,56409.622538143856,53658.4927832611,51041.53720979716,48552.212065707135,46184.29274149922,43931.85820546881,41789.27619803507,39751.18914815828,37812.50077662163,35968.36335267859,34214.16557220103,32545.521027016926,30958.2572366052,46250.0
Lo Que Hay X Aquí,La Receta,76,0.2552455447498923,-0.8030914436463714,0,-0.1773885140375115,1.7569782368502969,0.2546151775624291,158546,700000,2.6424333333333334,61996.00237693901,58972.42166236059,56096.3027193007,53360.45375229824,50758.03371389563,48282.53519845678,45927.7681702635,43687.84448520197,41557.16316733536,39530.396403546685,37602.476221230805,35768.58181572316,34024.127495777044,32364.751216946923,30786.303674205203,29284.83792651843,43750.00000000001
Take A Bite,beabadoobee,69,-0.764064459412756,-0.0670473194960935,0,0.0050278070848237,-0.8144402408338448,1.1125438573180348,158867,680000,2.6477833333333334,60224.688023312185,57287.49532915029,54493.55121303497,51835.869359375436,49307.8041792129,46903.03419278659,44615.54622254169,42439.62035705334,40369.81564826864,38400.95650630249,36528.11975776707,34746.62233527393,33052.00956732628,31440.044039319866,29906.69499779934,28448.12827147505,42500.00000000001
Wouldn't You Like,Jorge Rivera-Herrans,69,0.5883533892474904,-0.0042838670491705,7,0.2743852403210205,1.169067613595829,-0.5037324947215438,174041,760000,2.9006833333333333,67309.9454378195,64027.2006619915,60904.55723809791,57934.20693106666,55108.72231794383,52421.03821546736,49864.43401342895,47432.51686964785,45119.20572453553,42918.71609527926,40825.545611622016,38834.46025707087,36940.48128112937,35138.872749828086,33425.12970342279,31794.966891648583,47500.0
Daylight,David Kushner,75,-0.9439426954414588,-1.202495231944972,5,-0.7774422019399303,2.2620289736058137,-0.6622960989263745,212954,720000,3.549233333333333,63767.31673056584,60657.3479955709,57699.05422556644,54885.03814522105,52208.26324857836,49662.03620412697,47239.99011798532,44936.068613350595,42744.510686402085,40659.83630079088,38676.83268469454,36790.5412961724,34996.24542422782,33289.45839457398,31665.912350611066,30121.547581561816,45000.00000000001
Nosedive (Feat. Lainey Wilson),Post Malone,68,-2.429603681900745,0.7945237095480303,10,0.9608466592813872,-0.5670442940012599,-0.7450249359028079,192459,720000,3.20765,63767.31673056584,60657.3479955709,57699.05422556644,54885.03814522105,52208.26324857836,49662.03620412697,47239.99011798532,44936.068613350595,42744.510686402085,40659.83630079088,38676.83268469454,36790.5412961724,34996.24542422782,33289.45839457398,31665.912350611066,30121.547581561816,45000.00000000001
The Rush (feat. Big Time Rush),Lil Uzi Vert,67,-0.4309566149151588,-0.1126934667302193,1,0.4560014898594859,-0.3579217233134287,0.7065597499336859,186781,740000,3.1130166666666668,65538.63108419268,62342.2743287812,59301.80573183217,56409.622538143856,53658.4927832611,51041.53720979716,48552.212065707135,46184.29274149922,43931.85820546881,41789.27619803507,39751.18914815828,37812.50077662163,35968.36335267859,34214.16557220103,32545.521027016926,30958.2572366052,46250.0
Unsweetened Lemonade,Amélie Farren,69,0.821528880395809,-0.854443359284763,7,-1.9018094678050843,0.0208663292532087,-0.4118115647477289,144000,750000,2.4,66424.28826100608,63184.73749538635,60103.18148496504,57171.91473460526,54383.607550602464,51731.287712632264,49208.323039568044,46808.40480557354,44525.53196500217,42353.99614665716,40288.36737989015,38323.48051684625,36454.422316903976,34676.519161014556,32985.32536521986,31376.61206412689,46875.00000000001
FUK SUMN,¥$,72,0.814866723505857,0.9999313721015958,4,1.0005835479469254,-0.4920758252641128,-0.971763229838218,209577,660000,3.49295,58453.37366968535,55602.56899593998,52890.799706769234,50311.28496645263,47857.57464453017,45523.533187116394,43303.324274819875,41191.39622890471,39182.46812920191,37271.5166090583,35453.76329430333,33724.662854824695,32079.891638875502,30515.336861692813,29027.086321393475,27611.418616431663,41250.0
Drive The Boat,Kodak Black,54,1.7875416294388424,-1.522018262583852,7,-0.2747305567416817,-0.5236414963113326,-0.4501119522368185,135111,590000,2.25185,52253.77343199145,49705.326829703925,47281.16943483916,44975.23959122281,42781.771273140606,40695.27966727071,38710.547457793524,36822.61178038452,35026.75181246838,33318.47696870364,31693.515672180252,30147.80467325238,28677.478889297796,27278.86173999812,25948.455953972956,24682.934823779822,36875.000000000015
Laced max,LAZER DIM 700,67,0.7882180959460491,-0.728916454390917,11,-1.3897636541283538,-0.864156172733216,-0.1360487748262842,90005,660000,1.5000833333333334,58453.37366968535,55602.56899593998,52890.799706769234,50311.28496645263,47857.57464453017,45523.533187116394,43303.324274819875,41191.39622890471,39182.46812920191,37271.5166090583,35453.76329430333,33724.662854824695,32079.891638875502,30515.336861692813,29027.086321393475,27611.418616431663,41250.0
Peça Íntima,Murilo Huff,81,0.1153402500609019,1.3365717079532735,5,1.0157849080404533,-0.1330163171019877,-0.1054084648350125,169591,650000,2.8265166666666666,57567.716492871936,54760.10582933483,52089.42395363637,49548.99276999123,47132.459877188805,44833.782684281294,42647.21330095897,40567.2841648304,38588.79436966855,36706.79666043621,34916.58506257146,33213.68311460008,31593.832674650115,30052.983272879283,28587.281983190544,27193.06378890997,40625.0
Shiver,John Summit,70,-0.7507401456328522,1.5819197493366997,4,0.4928047827175009,-0.9869466331069008,-0.15136892982192,234331,710000,3.9055166666666663,62881.659553752426,59814.88482896574,56897.67847243357,54122.74594875965,51483.148481236996,48972.285701291876,46583.87914412441,44311.956549276285,42150.836926868724,40095.116352168785,38139.65445296268,36279.56155594778,34510.186460002435,32827.10480576045,31226.108012408135,29703.192754040123,44375.0
FLY,Quavo,72,-0.1844568099869362,0.9885198352930644,7,1.0589887735694274,-0.9529346225535216,0.1090737051038888,157173,680000,2.61955,60224.688023312185,57287.49532915029,54493.55121303497,51835.869359375436,49307.8041792129,46903.03419278659,44615.54622254169,42439.62035705334,40369.81564826864,38400.95650630249,36528.11975776707,34746.62233527393,33052.00956732628,31440.044039319866,29906.69499779934,28448.12827147505,42500.00000000001
Martes 13,Luis R Conriquez,74,-0.0312272015180412,1.0912236665698474,9,0.0759674875212875,1.1611761958340237,0.2239748675711574,163341,690000,2.72235,61110.345200125594,58129.95849575544,55294.92696616783,52598.16155583684,50032.918946554266,47592.78469562168,45271.6571964026,43063.73242112766,40963.489407802,38965.67645492459,37065.29798949894,35257.602075498544,33538.06853155166,31902.397628133393,30346.49933600227,28866.48309899674,43125.0
Debut,KATSEYE,75,1.4277851573814366,-0.2211030664112681,11,0.6109486866022883,-0.9537632214185112,0.2929155650515186,123282,670000,2.0547,59339.03084649877,56445.03216254514,53692.1754599021,51073.577162914036,48582.689411871535,46213.28368995149,43959.435248680784,41815.50829297903,39776.14188873527,37836.2365576804,35990.9415260352,34235.642595049314,32565.95060310089,30977.69045050634,29466.890659596407,28029.773443953356,41875.00000000001
Not My Fault (with Megan Thee Stallion),Reneé Rapp,69,1.0613665284340794,0.8515813935906875,1,0.1322391889201364,-0.5986099650484795,1.6487492821652885,170528,680000,2.8421333333333334,60224.688023312185,57287.49532915029,54493.55121303497,51835.869359375436,49307.8041792129,46903.03419278659,44615.54622254169,42439.62035705334,40369.81564826864,38400.95650630249,36528.11975776707,34746.62233527393,33052.00956732628,31440.044039319866,29906.69499779934,28448.12827147505,42500.00000000001
Paars In The Mars,Lil Uzi Vert,67,0.0287322104915264,0.4635891421006182,6,0.2253141831770004,0.1786946844893076,0.5380380449816917,180022,700000,3.000366666666667,61996.00237693901,58972.42166236059,56096.3027193007,53360.45375229824,50758.03371389563,48282.53519845678,45927.7681702635,43687.84448520197,41557.16316733536,39530.396403546685,37602.476221230805,35768.58181572316,34024.127495777044,32364.751216946923,30786.303674205203,29284.83792651843,43750.00000000001
Winning Streak,Jelly Roll,67,-0.3376864184558313,0.965696761676002,7,0.491204639549761,-0.75880574561312,-0.1896693173110095,194413,730000,3.2402166666666665,64652.97390737925,61499.81116217605,58500.42997869931,55647.33034168246,52933.378015919734,50351.78670696207,47896.10109184623,45560.18067742491,43338.18444593545,41224.55624941297,39214.010916426414,37301.52103639701,35482.30438845321,33751.8119833875,32105.716688813995,30539.90240908351,45625.0
Wait For You,Myles Smith,76,-0.064537985967801,0.4008256896536952,6,0.3455916112854409,-0.3579217233134287,-0.3275507122717319,201533,830000,3.358883333333333,73509.5456755134,69924.44282822756,66514.18751002797,63270.25230629649,60184.52568933339,57249.29173531304,54457.2108304553,51801.30131816805,49274.92204126907,46871.75573563393,44585.7932337451,42411.31843864318,40342.89403070707,38375.347871522776,36503.76007084331,34723.45068430043,51874.99999999999
Please Be Rude,Gigi Perez,69,-1.0039021074510266,-0.7060933807738541,3,-0.3779397910608976,0.6837454212448243,-0.7771972613936432,180000,780000,3.0,69081.25979144633,65712.1269952018,62507.30874436364,59458.79132398947,56558.95185262656,53800.53922113755,51176.65596115076,48680.74099779648,46306.55324360226,44048.15599252345,41899.90207508575,39856.4197375201,37912.59920958014,36063.57992745514,34304.738379828654,32631.676546691968,48750.0
Touches,Somnum Magnam,72,-3.422265058503586,-3.658200895456895,5,-9.88519042218682,2.8617767235029894,-0.6485079594303023,144750,680000,2.4125,60224.688023312185,57287.49532915029,54493.55121303497,51835.869359375436,49307.8041792129,46903.03419278659,44615.54622254169,42439.62035705334,40369.81564826864,38400.95650630249,36528.11975776707,34746.62233527393,33052.00956732628,31440.044039319866,29906.69499779934,28448.12827147505,42500.00000000001
Intercambio Injusto,Ivan Cornejo,69,-0.390983673575447,-2.104006639818956,0,-1.043332658312691,2.281757518010326,0.3005756425493365,205283,670000,3.421383333333333,59339.03084649877,56445.03216254514,53692.1754599021,51073.577162914036,48582.689411871535,46213.28368995149,43959.435248680784,41815.50829297903,39776.14188873527,37836.2365576804,35990.9415260352,34235.642595049314,32565.95060310089,30977.69045050634,29466.890659596407,28029.773443953356,41875.00000000001
365 featuring shygirl,Charli xcx,71,0.5550426047977305,0.0641853538020181,0,-0.5483550384251843,-0.0304278861985234,4.054013616480111,120053,650000,2.0008833333333333,57567.716492871936,54760.10582933483,52089.42395363637,49548.99276999123,47132.459877188805,44833.782684281294,42647.21330095897,40567.2841648304,38588.79436966855,36706.79666043621,34916.58506257146,33213.68311460008,31593.832674650115,30052.983272879283,28587.281983190544,27193.06378890997,40625.0
Me Acostumbre A Lo Bueno II,Chuyin,71,-0.8306860283122757,0.5891160469944642,6,0.3479918260370505,1.2400903734520727,-0.488412339725908,126922,700000,2.1153666666666666,61996.00237693901,58972.42166236059,56096.3027193007,53360.45375229824,50758.03371389563,48282.53519845678,45927.7681702635,43687.84448520197,41557.16316733536,39530.396403546685,37602.476221230805,35768.58181572316,34024.127495777044,32364.751216946923,30786.303674205203,29284.83792651843,43750.00000000001
Passport Junkie,Rod Wave,66,-1.6368070119964622,-0.1355165403472822,1,-0.0493770606183287,0.0129749114914038,1.6793895921565605,147750,670000,2.4625,59339.03084649877,56445.03216254514,53692.1754599021,51073.577162914036,48582.689411871535,46213.28368995149,43959.435248680784,41815.50829297903,39776.14188873527,37836.2365576804,35990.9415260352,34235.642595049314,32565.95060310089,30977.69045050634,29466.890659596407,28029.773443953356,41875.00000000001
Kisses (feat. bbyclose),BL3SS,83,0.9414477044149442,0.7774064043352331,9,0.5248076460722966,0.1076719246330632,1.028283004842038,138247,680000,2.304116666666667,60224.688023312185,57287.49532915029,54493.55121303497,51835.869359375436,49307.8041792129,46903.03419278659,44615.54622254169,42439.62035705334,40369.81564826864,38400.95650630249,36528.11975776707,34746.62233527393,33052.00956732628,31440.044039319866,29906.69499779934,28448.12827147505,42500.00000000001
Why Why Why,Shawn Mendes,78,-0.5042403407046303,0.5263525945475412,7,-0.0461767742828493,-0.9670602603471526,2.2615554819907207,169041,670000,2.81735,59339.03084649877,56445.03216254514,53692.1754599021,51073.577162914036,48582.689411871535,46213.28368995149,43959.435248680784,41815.50829297903,39776.14188873527,37836.2365576804,35990.9415260352,34235.642595049314,32565.95060310089,30977.69045050634,29466.890659596407,28029.773443953356,41875.00000000001
Capo,NLE Choppa,68,-0.2510783788864559,1.770210106677468,2,0.6440183120689105,-0.5236414963113326,1.1585043223049425,192200,770000,3.203333333333333,68195.60261463291,64869.66382859665,61705.93299123077,58696.49912752807,55833.837085285195,53110.78871830246,50520.54498728985,48056.62893372217,45712.87948406889,43483.436043901354,41362.72384335389,39345.43999729548,37426.54024535475,35601.226338641616,33864.93404162572,32213.321719170275,48125.00000000001
FRESITA,Fuerza Regida,73,1.7409065312091787,0.469294910504884,10,0.6752211038398361,-0.8803335791449162,-1.0069995863281804,142667,270000,2.3777833333333334,23912.74377396219,22746.505498339084,21637.145334587414,20581.889304457894,19578.098718216886,18623.263576547615,17714.996294244494,16851.025730006473,16029.191507400781,15247.438612796579,14503.812256760453,13796.452986064649,13123.592034085432,12483.546897965241,11874.717131479149,11295.580343085681,16875.0
Evergreen (feat. Caamp),Richy Mitch & The Coal Miners,68,-0.6374834785036688,-1.7559547671587463,2,-1.3756290561466522,1.0270220938833394,-0.3888313322542752,177513,750000,2.95855,66424.28826100608,63184.73749538635,60103.18148496504,57171.91473460526,54383.607550602464,51731.287712632264,49208.323039568044,46808.40480557354,44525.53196500217,42353.99614665716,40288.36737989015,38323.48051684625,36454.422316903976,34676.519161014556,32985.32536521986,31376.61206412689,46875.00000000001
I Adore You (feat. Daecolm),HUGEL,83,0.3485157412092198,0.823052551569359,11,-0.046443464810806,-0.95664358890157,-0.1590290073197379,214000,670000,3.566666666666667,59339.03084649877,56445.03216254514,53692.1754599021,51073.577162914036,48582.689411871535,46213.28368995149,43959.435248680784,41815.50829297903,39776.14188873527,37836.2365576804,35990.9415260352,34235.642595049314,32565.95060310089,30977.69045050634,29466.890659596407,28029.773443953356,41875.00000000001
Mama I Lied,Megan Moroney,65,-1.7234150515658375,-0.8658548960932945,1,0.2682513581780181,-0.6384616247455946,-0.5650131147040871,207736,690000,3.462266666666667,61110.345200125594,58129.95849575544,55294.92696616783,52598.16155583684,50032.918946554266,47592.78469562168,45271.6571964026,43063.73242112766,40963.489407802,38965.67645492459,37065.29798949894,35257.602075498544,33538.06853155166,31902.397628133393,30346.49933600227,28866.48309899674,43125.0
Someone In This Room (feat. Bailey Zimmerman),Jessie Murph,67,-1.1438074021400175,-1.7388374619459497,3,-0.619294718861648,0.93232508074168,-0.5879933471975408,200967,760000,3.34945,67309.9454378195,64027.2006619915,60904.55723809791,57934.20693106666,55108.72231794383,52421.03821546736,49864.43401342895,47432.51686964785,45119.20572453553,42918.71609527926,40825.545611622016,38834.46025707087,36940.48128112937,35138.872749828086,33425.12970342279,31794.966891648583,47500.0
"Girl, so confusing featuring lorde",Charli xcx,72,0.2685698585297962,1.0284602141229244,11,-0.1685877266149426,-0.3224103433853064,-0.3505309447651856,207412,700000,3.4568666666666665,61996.00237693901,58972.42166236059,56096.3027193007,53360.45375229824,50758.03371389563,48282.53519845678,45927.7681702635,43687.84448520197,41557.16316733536,39530.396403546685,37602.476221230805,35768.58181572316,34024.127495777044,32364.751216946923,30786.303674205203,29284.83792651843,43750.00000000001
BË QUIET (FEAT. KODAK BLACK),Yeat,69,0.2685698585297962,-0.4835684130074908,5,-0.3291354244448342,-0.945437775679807,4.666819816305544,174838,500000,2.9139666666666666,44282.85884067072,42123.15833025757,40068.78765664336,38114.609823070175,36255.73836706831,34487.52514175484,32805.54869304536,31205.60320371569,29683.687976668116,28235.997431104777,26858.911586593433,25548.98701123083,24302.94821126932,23117.679440676373,21990.216910146573,20917.741376084596,31250.000000000007
Dirt Turns to Gold,Zach Top,65,-0.3310242615658794,0.7431717939096387,4,0.2213138252576511,1.5675842105669784,-0.488412339725908,190518,700000,3.1753,61996.00237693901,58972.42166236059,56096.3027193007,53360.45375229824,50758.03371389563,48282.53519845678,45927.7681702635,43687.84448520197,41557.16316733536,39530.396403546685,37602.476221230805,35768.58181572316,34024.127495777044,32364.751216946923,30786.303674205203,29284.83792651843,43750.00000000001
Free Now - Live From Vevo,Gracie Abrams,69,-1.4902395604175194,-0.5805664758800082,0,-0.9931948390568442,0.8178995231955084,-0.404151487249911,240324,710000,4.0054,62881.659553752426,59814.88482896574,56897.67847243357,54122.74594875965,51483.148481236996,48972.285701291876,46583.87914412441,44311.956549276285,42150.836926868724,40095.116352168785,38139.65445296268,36279.56155594778,34510.186460002435,32827.10480576045,31226.108012408135,29703.192754040123,44375.0
TGIF,GloRilla,67,1.5477039814005715,-0.6661530019439941,10,0.0055611881407369,-0.7027766795043049,-0.3811712547564572,164571,770000,2.74285,68195.60261463291,64869.66382859665,61705.93299123077,58696.49912752807,55833.837085285195,53110.78871830246,50520.54498728985,48056.62893372217,45712.87948406889,43483.436043901354,41362.72384335389,39345.43999729548,37426.54024535475,35601.226338641616,33864.93404162572,32213.321719170275,48125.00000000001
Get In With Me,BossMan Dlow,65,-0.2644026926663598,0.0356565117806895,1,0.2730517876812374,-0.4684015719786979,-0.5343728047128155,120793,800000,2.0132166666666667,70852.57414507316,67397.0533284121,64110.06025062937,60983.375716912284,58009.1813873093,55180.040226807745,52488.87790887258,49928.965125945106,47493.900762668985,45177.59588976764,42974.25853854949,40878.37921796933,38884.71713803091,36988.2871050822,35184.34705623452,33468.38620173535,50000.00000000001
Piece of My Heart (feat. Brent Faiyaz),Wizkid,77,0.5683669185776344,0.0299507433764237,1,0.2890532193586351,0.0011377848486963,-0.572673192201905,259354,690000,4.322566666666667,61110.345200125594,58129.95849575544,55294.92696616783,52598.16155583684,50032.918946554266,47592.78469562168,45271.6571964026,43063.73242112766,40963.489407802,38965.67645492459,37065.29798949894,35257.602075498544,33538.06853155166,31902.397628133393,30346.49933600227,28866.48309899674,43125.0
World Tour (Aquafina),Juice WRLD,68,0.2619077016398443,-0.8601491276890287,1,0.4215984117530804,-0.7595948873893005,-0.0288076898568335,155712,660000,2.5952,58453.37366968535,55602.56899593998,52890.799706769234,50311.28496645263,47857.57464453017,45523.533187116394,43303.324274819875,41191.39622890471,39182.46812920191,37271.5166090583,35453.76329430333,33724.662854824695,32079.891638875502,30515.336861692813,29027.086321393475,27611.418616431663,41250.0
hysteric,jaydes,67,0.4351237807785952,-3.2856712763423865,1,-3.4864845849233825,2.8893966856693067,0.001832620134438,106639,470000,1.7773166666666669,41625.88731023048,39595.76883044211,37664.660397244756,35827.73323368596,34080.39406504421,32418.27363324955,30837.21577146264,29333.26701149275,27902.666698068027,26541.83758523849,25247.376891397827,24016.047790556982,22844.77131859316,21730.61867423579,20670.803895537778,19662.676893519518,29375.000000000004
Shadow,Livingston,70,0.5683669185776344,0.3323564688025066,2,0.569878345296967,-0.5946642561675771,-0.8844383463630939,157714,770000,2.6285666666666665,68195.60261463291,64869.66382859665,61705.93299123077,58696.49912752807,55833.837085285195,53110.78871830246,50520.54498728985,48056.62893372217,45712.87948406889,43483.436043901354,41362.72384335389,39345.43999729548,37426.54024535475,35601.226338641616,33864.93404162572,32213.321719170275,48125.00000000001
SLAY!,Eternxlkz,80,0.1952861327403254,0.7431717939096387,1,0.4989386648605033,-0.6526661767168435,-0.627825750186194,107077,660000,1.7846166666666667,58453.37366968535,55602.56899593998,52890.799706769234,50311.28496645263,47857.57464453017,45523.533187116394,43303.324274819875,41191.39622890471,39182.46812920191,37271.5166090583,35453.76329430333,33724.662854824695,32079.891638875502,30515.336861692813,29027.086321393475,27611.418616431663,41250.0
MR INTERNACIONAL,Tito Double P,76,1.0813529991039346,-0.078458856304625,4,-0.7459727196410478,0.9559993340270948,-0.5420328822106334,184091,700000,3.0681833333333333,61996.00237693901,58972.42166236059,56096.3027193007,53360.45375229824,50758.03371389563,48282.53519845678,45927.7681702635,43687.84448520197,41557.16316733536,39530.396403546685,37602.476221230805,35768.58181572316,34024.127495777044,32364.751216946923,30786.303674205203,29284.83792651843,43750.00000000001
NEVER LAST,Lil Tecca,69,0.1153402500609019,0.1725949534830669,6,0.0850349654718129,-0.928076656603836,-0.3198906347739139,141732,690000,2.3622,61110.345200125594,58129.95849575544,55294.92696616783,52598.16155583684,50032.918946554266,47592.78469562168,45271.6571964026,43063.73242112766,40963.489407802,38965.67645492459,37065.29798949894,35257.602075498544,33538.06853155166,31902.397628133393,30346.49933600227,28866.48309899674,43125.0
We Don't Trust You,Future,70,0.8481775079556167,-0.7688568332207771,6,-0.1579201054966773,0.8928679919326553,0.4844175024969663,226213,510000,3.7702166666666663,45168.51601748414,42965.62149686272,40870.16340977623,38876.902019531575,36980.85313440968,35177.275644589936,33461.65966690627,31829.715267790005,30277.361736201477,28800.71737972687,27396.0898183253,26059.966751455446,24789.007175494706,23580.0330294899,22430.021248349505,21336.096203606285,31875.000000000007
Clouds,BUNT.,75,0.3218671136494119,0.6005275838029956,9,-0.4222104187016983,-0.1014506460547678,-0.580333269699723,158761,830000,2.6460166666666667,73509.5456755134,69924.44282822756,66514.18751002797,63270.25230629649,60184.52568933339,57249.29173531304,54457.2108304553,51801.30131816805,49274.92204126907,46871.75573563393,44585.7932337451,42411.31843864318,40342.89403070707,38375.347871522776,36503.76007084331,34723.45068430043,51874.99999999999
Death Wish Love (From Twisters: The Album),Benson Boone,70,0.2685698585297962,0.189712258695864,0,0.1837104608157662,1.397918728688172,-0.4577720297346364,223955,680000,3.732583333333333,60224.688023312185,57287.49532915029,54493.55121303497,51835.869359375436,49307.8041792129,46903.03419278659,44615.54622254169,42439.62035705334,40369.81564826864,38400.95650630249,36528.11975776707,34746.62233527393,33052.00956732628,31440.044039319866,29906.69499779934,28448.12827147505,42500.00000000001
TOMMY & PAMELA,Peso Pluma,77,0.974758488864704,0.8801102356120162,11,0.7413603547730805,0.5140799393660179,-0.1207286198306483,209424,670000,3.4904,59339.03084649877,56445.03216254514,53692.1754599021,51073.577162914036,48582.689411871535,46213.28368995149,43959.435248680784,41815.50829297903,39776.14188873527,37836.2365576804,35990.9415260352,34235.642595049314,32565.95060310089,30977.69045050634,29466.890659596407,28029.773443953356,41875.00000000001
The Ballad of the Witches' Road (Sacred Chant Version),Kathryn Hahn,71,-0.9639291661113149,-2.429235438862102,10,0.0559656979245401,1.7964353256593215,-0.7059585406639366,197693,650000,3.2948833333333334,57567.716492871936,54760.10582933483,52089.42395363637,49548.99276999123,47132.459877188805,44833.782684281294,42647.21330095897,40567.2841648304,38588.79436966855,36706.79666043621,34916.58506257146,33213.68311460008,31593.832674650115,30052.983272879283,28587.281983190544,27193.06378890997,40625.0
Wanna Be (with Megan Thee Stallion),GloRilla,66,1.7808794725488903,-0.078458856304625,1,0.3751942598886268,-0.904007832430331,-0.2586100147913708,156444,720000,2.6074,63767.31673056584,60657.3479955709,57699.05422556644,54885.03814522105,52208.26324857836,49662.03620412697,47239.99011798532,44936.068613350595,42744.510686402085,40659.83630079088,38676.83268469454,36790.5412961724,34996.24542422782,33289.45839457398,31665.912350611066,30121.547581561816,45000.00000000001
Otaku Hot Girl,Megan Thee Stallion,68,0.7016100563766736,0.6461737310371215,0,0.9011079810191022,-0.7347369214396149,-0.2356297822979171,158663,690000,2.6443833333333333,61110.345200125594,58129.95849575544,55294.92696616783,52598.16155583684,50032.918946554266,47592.78469562168,45271.6571964026,43063.73242112766,40963.489407802,38965.67645492459,37065.29798949894,35257.602075498544,33538.06853155166,31902.397628133393,30346.49933600227,28866.48309899674,43125.0
Deja Vu,TOMORROW X TOGETHER,77,-1.963252699604108,-0.4036876553477713,5,0.3301235606639562,-0.6731838628975363,-0.2662700922891887,171428,710000,2.857133333333333,62881.659553752426,59814.88482896574,56897.67847243357,54122.74594875965,51483.148481236996,48972.285701291876,46583.87914412441,44311.956549276285,42150.836926868724,40095.116352168785,38139.65445296268,36279.56155594778,34510.186460002435,32827.10480576045,31226.108012408135,29703.192754040123,44375.0
GIRLS,The Kid LAROI,72,0.5283939772379227,0.5206468261432755,7,0.9152425790008036,-0.8424547738882524,1.327026027256936,152980,680000,2.5496666666666665,60224.688023312185,57287.49532915029,54493.55121303497,51835.869359375436,49307.8041792129,46903.03419278659,44615.54622254169,42439.62035705334,40369.81564826864,38400.95650630249,36528.11975776707,34746.62233527393,33052.00956732628,31440.044039319866,29906.69499779934,28448.12827147505,42500.00000000001
KEEP IT COOL,Internet Money,69,-0.1711324962070323,-0.6718587703482598,10,-0.2224592132621819,-0.9229472350586628,-0.4194716422455468,106667,700000,1.7777833333333333,61996.00237693901,58972.42166236059,56096.3027193007,53360.45375229824,50758.03371389563,48282.53519845678,45927.7681702635,43687.84448520197,41557.16316733536,39530.396403546685,37602.476221230805,35768.58181572316,34024.127495777044,32364.751216946923,30786.303674205203,29284.83792651843,43750.00000000001
No Longer You,Jorge Rivera-Herrans,69,-2.376306426781129,-1.1739663899236432,0,0.3890621673423716,1.196687575762146,-0.4654321072324543,167700,690000,2.795,61110.345200125594,58129.95849575544,55294.92696616783,52598.16155583684,50032.918946554266,47592.78469562168,45271.6571964026,43063.73242112766,40963.489407802,38965.67645492459,37065.29798949894,35257.602075498544,33538.06853155166,31902.397628133393,30346.49933600227,28866.48309899674,43125.0
LA DURANGO,Peso Pluma,72,0.5683669185776344,0.4750006789091497,3,-0.1901896593794297,1.725412565803077,-0.0824282323415587,262883,350000,4.381383333333333,30998.001188469505,29486.210831180295,28048.15135965035,26680.22687614912,25379.016856947816,24141.26759922839,22963.88408513175,21843.922242600984,20778.58158366768,19765.198201773343,18801.238110615403,17884.29090786158,17012.063747888522,16182.375608473461,15393.151837102601,14642.418963259215,21875.000000000004
giving girls cocaine,Lil Peep,0,-0.1111730841974647,0.4921179841219468,11,-0.415009774446869,0.3325773308445042,-0.5267127272149975,155573,700000,2.592883333333333,61996.00237693901,58972.42166236059,56096.3027193007,53360.45375229824,50758.03371389563,48282.53519845678,45927.7681702635,43687.84448520197,41557.16316733536,39530.396403546685,37602.476221230805,35768.58181572316,34024.127495777044,32364.751216946923,30786.303674205203,29284.83792651843,43750.00000000001
Wine Into Whiskey,Tucker Wetmore,65,0.4018129963288354,0.3209449319939751,8,0.3535923271241397,-0.7260563619016296,-0.6630621066761563,166343,350000,2.7723833333333334,30998.001188469505,29486.210831180295,28048.15135965035,26680.22687614912,25379.016856947816,24141.26759922839,22963.88408513175,21843.922242600984,20778.58158366768,19765.198201773343,18801.238110615403,17884.29090786158,17012.063747888522,16182.375608473461,15393.151837102601,14642.418963259215,21875.000000000004
WHATCHU KNO ABOUT ME (with Sexyy Red),GloRilla,67,1.2279204506828778,0.2752987847598493,1,0.6280168803915125,-0.9700589990966384,0.7831605249118646,149461,720000,2.491016666666667,63767.31673056584,60657.3479955709,57699.05422556644,54885.03814522105,52208.26324857836,49662.03620412697,47239.99011798532,44936.068613350595,42744.510686402085,40659.83630079088,38676.83268469454,36790.5412961724,34996.24542422782,33289.45839457398,31665.912350611066,30121.547581561816,45000.00000000001
Corazón de Piedra,Xavi,74,1.214596136902974,0.6861141098669815,2,0.2938536488618546,-0.8535027587547794,0.7142198274315038,193568,770000,3.2261333333333333,68195.60261463291,64869.66382859665,61705.93299123077,58696.49912752807,55833.837085285195,53110.78871830246,50520.54498728985,48056.62893372217,45712.87948406889,43483.436043901354,41362.72384335389,39345.43999729548,37426.54024535475,35601.226338641616,33864.93404162572,32213.321719170275,48125.00000000001
I'd Rather Pretend (with d4vd),Bryant Barnes,71,-0.5975105371639571,-1.767366303967278,8,-0.677166563428237,2.6210884817679387,-0.6676581531748471,184560,750000,3.076,66424.28826100608,63184.73749538635,60103.18148496504,57171.91473460526,54383.607550602464,51731.287712632264,49208.323039568044,46808.40480557354,44525.53196500217,42353.99614665716,40288.36737989015,38323.48051684625,36454.422316903976,34676.519161014556,32985.32536521986,31376.61206412689,46875.00000000001
Little Wolf,Jorge Rivera-Herrans,69,-0.57086190960415,0.0755968906105495,4,0.1925112482383348,0.4746228505569931,0.1090737051038888,193600,340000,3.2266666666666666,30112.344011656092,28643.747664575145,27246.775606517484,25917.934679687718,24653.90208960645,23451.517096393294,22307.773111270846,21219.81017852667,20184.90782413432,19200.478253151246,18264.059878883534,17373.311167636966,16526.00478366314,15720.022019659933,14953.34749889967,14224.064135737524,21250.000000000004
TOO FAST,Future,69,-0.7307536749629963,-0.1868684559856737,5,0.0212959292901782,-0.4684015719786979,-0.404151487249911,205731,680000,3.42885,60224.688023312185,57287.49532915029,54493.55121303497,51835.869359375436,49307.8041792129,46903.03419278659,44615.54622254169,42439.62035705334,40369.81564826864,38400.95650630249,36528.11975776707,34746.62233527393,33052.00956732628,31440.044039319866,29906.69499779934,28448.12827147505,42500.00000000001
"Everywhere, Everything (with Gracie Abrams)",Noah Kahan,68,-2.349657799221321,-1.6304278622649009,11,-0.8411812381215648,1.129610524786804,-0.3581910222630035,257668,680000,4.294466666666667,60224.688023312185,57287.49532915029,54493.55121303497,51835.869359375436,49307.8041792129,46903.03419278659,44615.54622254169,42439.62035705334,40369.81564826864,38400.95650630249,36528.11975776707,34746.62233527393,33052.00956732628,31440.044039319866,29906.69499779934,28448.12827147505,42500.00000000001
Cero Empatía,Julión Álvarez y su Norteño Banda,76,0.1886239758503734,-1.219612537157769,2,0.4720029215368836,0.3562515841299191,0.4690973475013305,189525,740000,3.15875,65538.63108419268,62342.2743287812,59301.80573183217,56409.622538143856,53658.4927832611,51041.53720979716,48552.212065707135,46184.29274149922,43931.85820546881,41789.27619803507,39751.18914815828,37812.50077662163,35968.36335267859,34214.16557220103,32545.521027016926,30958.2572366052,46250.0
Legendary,Jorge Rivera-Herrans,68,-0.3310242615658794,-0.0613415510918278,2,0.3621264240187519,0.4667314327951882,-0.4118115647477289,194442,770000,3.2407,68195.60261463291,64869.66382859665,61705.93299123077,58696.49912752807,55833.837085285195,53110.78871830246,50520.54498728985,48056.62893372217,45712.87948406889,43483.436043901354,41362.72384335389,39345.43999729548,37426.54024535475,35601.226338641616,33864.93404162572,32213.321719170275,48125.00000000001
The Albatross,Taylor Swift,70,-1.996563484053868,-0.9343241169444833,2,-0.6307624115637834,1.5912584638523932,-0.6607640834268109,183879,690000,3.06465,61110.345200125594,58129.95849575544,55294.92696616783,52598.16155583684,50032.918946554266,47592.78469562168,45271.6571964026,43063.73242112766,40963.489407802,38965.67645492459,37065.29798949894,35257.602075498544,33538.06853155166,31902.397628133393,30346.49933600227,28866.48309899674,43125.0
Cold Beer & Country Music,Zach Top,65,-0.4442809286950627,0.1783007218873326,2,0.3509254218445735,-0.0659392661266457,0.0401330076235276,186168,740000,3.1028,65538.63108419268,62342.2743287812,59301.80573183217,56409.622538143856,53658.4927832611,51041.53720979716,48552.212065707135,46184.29274149922,43931.85820546881,41789.27619803507,39751.18914815828,37812.50077662163,35968.36335267859,34214.16557220103,32545.521027016926,30958.2572366052,46250.0
Risk,Gracie Abrams,70,0.3751643687690276,-0.917206811731686,3,0.1453070247900113,1.0585877649305593,-0.2892503247826425,191587,770000,3.1931166666666666,68195.60261463291,64869.66382859665,61705.93299123077,58696.49912752807,55833.837085285195,53110.78871830246,50520.54498728985,48056.62893372217,45712.87948406889,43483.436043901354,41362.72384335389,39345.43999729548,37426.54024535475,35601.226338641616,33864.93404162572,32213.321719170275,48125.00000000001
POR QUÉ SERÁ,Grupo Frontera,75,0.0220700536015744,0.3209449319939751,10,0.2047790125243399,0.1392375956802828,0.2546151775624291,209492,750000,3.4915333333333334,66424.28826100608,63184.73749538635,60103.18148496504,57171.91473460526,54383.607550602464,51731.287712632264,49208.323039568044,46808.40480557354,44525.53196500217,42353.99614665716,40288.36737989015,38323.48051684625,36454.422316903976,34676.519161014556,32985.32536521986,31376.61206412689,46875.00000000001
FUNKED UP - SLOWED,xxanteria,77,0.6882857425967698,1.62186012816656,11,1.8217236835253907,-0.981817211561728,-0.94265493534651,115348,710000,1.9224666666666668,62881.659553752426,59814.88482896574,56897.67847243357,54122.74594875965,51483.148481236996,48972.285701291876,46583.87914412441,44311.956549276285,42150.836926868724,40095.116352168785,38139.65445296268,36279.56155594778,34510.186460002435,32827.10480576045,31226.108012408135,29703.192754040123,44375.0
Mi Morenita,Grupo Marca Registrada,74,1.354501431591965,0.1611834166745354,4,0.2106462041393858,1.3190045510701225,-0.6531040059289931,149451,690000,2.49085,61110.345200125594,58129.95849575544,55294.92696616783,52598.16155583684,50032.918946554266,47592.78469562168,45271.6571964026,43063.73242112766,40963.489407802,38965.67645492459,37065.29798949894,35257.602075498544,33538.06853155166,31902.397628133393,30346.49933600227,28866.48309899674,43125.0
Fresas Con Crema,Luis R Conriquez,72,-0.1045109273075127,1.03416598252719,0,0.2125130378350822,1.457104361901709,-0.312230557276096,140987,750000,2.3497833333333333,66424.28826100608,63184.73749538635,60103.18148496504,57171.91473460526,54383.607550602464,51731.287712632264,49208.323039568044,46808.40480557354,44525.53196500217,42353.99614665716,40288.36737989015,38323.48051684625,36454.422316903976,34676.519161014556,32985.32536521986,31376.61206412689,46875.00000000001
Blowing Smoke,Gracie Abrams,69,-0.2111054375467441,0.0071276697593608,11,0.3698604493294941,0.0050834937295988,-0.7090225716630638,232280,740000,3.871333333333333,65538.63108419268,62342.2743287812,59301.80573183217,56409.622538143856,53658.4927832611,51041.53720979716,48552.212065707135,46184.29274149922,43931.85820546881,41789.27619803507,39751.18914815828,37812.50077662163,35968.36335267859,34214.16557220103,32545.521027016926,30958.2572366052,46250.0
EASY,LE SSERAFIM,75,0.6150020168072982,0.3266507003982408,0,0.379461308335933,-0.2474418746481594,-0.5037324947215438,164545,650000,2.7424166666666667,57567.716492871936,54760.10582933483,52089.42395363637,49548.99276999123,47132.459877188805,44833.782684281294,42647.21330095897,40567.2841648304,38588.79436966855,36706.79666043621,34916.58506257146,33213.68311460008,31593.832674650115,30052.983272879283,28587.281983190544,27193.06378890997,40625.0
Gata Only,FloyyMenor,77,0.9481098613048962,-0.8145029804549029,8,-0.5006174339209478,0.7350396366965565,-0.6837443159202647,222000,690000,3.7,61110.345200125594,58129.95849575544,55294.92696616783,52598.16155583684,50032.918946554266,47592.78469562168,45271.6571964026,43063.73242112766,40963.489407802,38965.67645492459,37065.29798949894,35257.602075498544,33538.06853155166,31902.397628133393,30346.49933600227,28866.48309899674,43125.0
icantbelieveiletyougetaway,aldn,69,-0.5375511251543902,-0.626212623114134,8,-0.2253928090697049,-0.9387300705822728,-0.9143126486045836,135881,760000,2.264683333333333,67309.9454378195,64027.2006619915,60904.55723809791,57934.20693106666,55108.72231794383,52421.03821546736,49864.43401342895,47432.51686964785,45119.20572453553,42918.71609527926,40825.545611622016,38834.46025707087,36940.48128112937,35138.872749828086,33425.12970342279,31794.966891648583,47500.0
Witchy (feat. Childish Gambino),KAYTRANADA,68,-0.397645830465399,-0.1355165403472822,5,-0.4283443008447007,-0.988248717037599,-0.4654321072324543,227000,720000,3.783333333333333,63767.31673056584,60657.3479955709,57699.05422556644,54885.03814522105,52208.26324857836,49662.03620412697,47239.99011798532,44936.068613350595,42744.510686402085,40659.83630079088,38676.83268469454,36790.5412961724,34996.24542422782,33289.45839457398,31665.912350611066,30121.547581561816,45000.00000000001
"I Knew It, I Know You - Live From Vevo",Gracie Abrams,69,-2.689427800608871,-2.115418176627487,3,-1.3788293424821318,2.088417782846105,-0.6531040059289931,256869,780000,4.28115,69081.25979144633,65712.1269952018,62507.30874436364,59458.79132398947,56558.95185262656,53800.53922113755,51176.65596115076,48680.74099779648,46306.55324360226,44048.15599252345,41899.90207508575,39856.4197375201,37912.59920958014,36063.57992745514,34304.738379828654,32631.676546691968,48750.0
STFU,Yeat,69,0.2419212309699884,-0.078458856304625,8,0.0911688476148153,-0.9872622898173732,-0.4194716422455468,104751,690000,1.74585,61110.345200125594,58129.95849575544,55294.92696616783,52598.16155583684,50032.918946554266,47592.78469562168,45271.6571964026,43063.73242112766,40963.489407802,38965.67645492459,37065.29798949894,35257.602075498544,33538.06853155166,31902.397628133393,30346.49933600227,28866.48309899674,43125.0
offline,Young Miko,78,0.9481098613048962,0.4921179841219468,4,0.3074548657876426,-0.2790075456953792,-0.572673192201905,201936,650000,3.3656,57567.716492871936,54760.10582933483,52089.42395363637,49548.99276999123,47132.459877188805,44833.782684281294,42647.21330095897,40567.2841648304,38588.79436966855,36706.79666043621,34916.58506257146,33213.68311460008,31593.832674650115,30052.983272879283,28587.281983190544,27193.06378890997,40625.0
Theremant,Zephyrical,71,-3.428927215393538,-3.6636841388933945,2,-8.29651494714917,2.7789168370040374,-0.5343728047128155,170484,740000,2.8414,65538.63108419268,62342.2743287812,59301.80573183217,56409.622538143856,53658.4927832611,51041.53720979716,48552.212065707135,46184.29274149922,43931.85820546881,41789.27619803507,39751.18914815828,37812.50077662163,35968.36335267859,34214.16557220103,32545.521027016926,30958.2572366052,46250.0
Strangers,Kenya Grace,76,-0.1578081824271284,-0.6832703071567913,11,-0.461413926311323,1.772761072373907,0.3005756425493365,172965,720000,2.88275,63767.31673056584,60657.3479955709,57699.05422556644,54885.03814522105,52208.26324857836,49662.03620412697,47239.99011798532,44936.068613350595,42744.510686402085,40659.83630079088,38676.83268469454,36790.5412961724,34996.24542422782,33289.45839457398,31665.912350611066,30121.547581561816,45000.00000000001
Nice To Meet You,Myles Smith,73,0.7349208408264335,0.800229477952296,5,0.365593400882188,0.3049573686781869,-0.9664011755897456,176000,690000,2.933333333333333,61110.345200125594,58129.95849575544,55294.92696616783,52598.16155583684,50032.918946554266,47592.78469562168,45271.6571964026,43063.73242112766,40963.489407802,38965.67645492459,37065.29798949894,35257.602075498544,33538.06853155166,31902.397628133393,30346.49933600227,28866.48309899674,43125.0
HABLAME CLARO,Yandel,77,1.0547043715441276,-0.8886779697103573,5,0.7573617864504784,-0.6325430614242409,-0.2815902472848245,154969,680000,2.5828166666666665,60224.688023312185,57287.49532915029,54493.55121303497,51835.869359375436,49307.8041792129,46903.03419278659,44615.54622254169,42439.62035705334,40369.81564826864,38400.95650630249,36528.11975776707,34746.62233527393,33052.00956732628,31440.044039319866,29906.69499779934,28448.12827147505,42500.00000000001
Lo Que Hay X Aquí,La Receta,75,0.2552455447498923,-0.8030914436463714,0,-0.1773885140375115,1.7569782368502969,0.2546151775624291,158546,510000,2.6424333333333334,45168.51601748414,42965.62149686272,40870.16340977623,38876.902019531575,36980.85313440968,35177.275644589936,33461.65966690627,31829.715267790005,30277.361736201477,28800.71737972687,27396.0898183253,26059.966751455446,24789.007175494706,23580.0330294899,22430.021248349505,21336.096203606285,31875.000000000007
ATTITUDE (FEAT. CHARLIE WILSON & CASH COBAIN),Don Toliver,68,-0.057875829077849,0.2011237955043955,2,0.2858529330231557,-0.9241309477229336,-0.2662700922891887,161053,660000,2.6842166666666665,58453.37366968535,55602.56899593998,52890.799706769234,50311.28496645263,47857.57464453017,45523.533187116394,43303.324274819875,41191.39622890471,39182.46812920191,37271.5166090583,35453.76329430333,33724.662854824695,32079.891638875502,30515.336861692813,29027.086321393475,27611.418616431663,41250.0
I Look in People's Windows,Taylor Swift,69,0.7415829977163854,-2.104006639818956,1,-1.2940217545919237,1.7293582746839795,-0.1207286198306483,131907,690000,2.19845,61110.345200125594,58129.95849575544,55294.92696616783,52598.16155583684,50032.918946554266,47592.78469562168,45271.6571964026,43063.73242112766,40963.489407802,38965.67645492459,37065.29798949894,35257.602075498544,33538.06853155166,31902.397628133393,30346.49933600227,28866.48309899674,43125.0
Orion,Boza,81,1.367825745371869,0.3551795424195694,1,0.4805370184314958,0.2773374065118695,0.1320539375973426,240964,680000,4.016066666666666,60224.688023312185,57287.49532915029,54493.55121303497,51835.869359375436,49307.8041792129,46903.03419278659,44615.54622254169,42439.62035705334,40369.81564826864,38400.95650630249,36528.11975776707,34746.62233527393,33052.00956732628,31440.044039319866,29906.69499779934,28448.12827147505,42500.00000000001
skin,otuka,69,-1.137145245250066,0.3152391635897094,2,-0.1277840758375782,-0.9919853033478134,0.1473740925929784,110320,680000,1.838666666666667,60224.688023312185,57287.49532915029,54493.55121303497,51835.869359375436,49307.8041792129,46903.03419278659,44615.54622254169,42439.62035705334,40369.81564826864,38400.95650630249,36528.11975776707,34746.62233527393,33052.00956732628,31440.044039319866,29906.69499779934,28448.12827147505,42500.00000000001
I LUV HER (feat. T-Pain),GloRilla,65,0.968096331974752,-0.2039857611984709,1,0.6181493308571171,-0.6968581161829511,-0.9005245091085115,176000,780000,2.933333333333333,69081.25979144633,65712.1269952018,62507.30874436364,59458.79132398947,56558.95185262656,53800.53922113755,51176.65596115076,48680.74099779648,46306.55324360226,44048.15599252345,41899.90207508575,39856.4197375201,37912.59920958014,36063.57992745514,34304.738379828654,32631.676546691968,48750.0
Oak Island,Zach Bryan,66,-2.00322564094382,-0.0841646247088907,10,0.0210292387622215,-0.6009773903770211,-0.2662700922891887,239410,750000,3.990166666666666,66424.28826100608,63184.73749538635,60103.18148496504,57171.91473460526,54383.607550602464,51731.287712632264,49208.323039568044,46808.40480557354,44525.53196500217,42353.99614665716,40288.36737989015,38323.48051684625,36454.422316903976,34676.519161014556,32985.32536521986,31376.61206412689,46875.00000000001
Never Be Yours,Kali Uchis,68,-1.7700501497955012,-0.6205068547098682,2,-0.7531733638958766,1.3663530576409522,-0.6883403624189555,196025,660000,3.2670833333333333,58453.37366968535,55602.56899593998,52890.799706769234,50311.28496645263,47857.57464453017,45523.533187116394,43303.324274819875,41191.39622890471,39182.46812920191,37271.5166090583,35453.76329430333,33724.662854824695,32079.891638875502,30515.336861692813,29027.086321393475,27611.418616431663,41250.0
ADIVINO,Myke Towers,78,0.8948126061852805,1.2053390346551618,10,1.1139270223284934,-0.3263560522662088,-0.5650131147040871,278644,660000,4.644066666666666,58453.37366968535,55602.56899593998,52890.799706769234,50311.28496645263,47857.57464453017,45523.533187116394,43303.324274819875,41191.39622890471,39182.46812920191,37271.5166090583,35453.76329430333,33724.662854824695,32079.891638875502,30515.336861692813,29027.086321393475,27611.418616431663,41250.0
girl you're taking home,Ella Langley,66,-0.5308889682644382,-0.3865703501349741,6,0.1914444861265084,1.1848504491194385,-0.5496929597084513,184707,770000,3.07845,68195.60261463291,64869.66382859665,61705.93299123077,58696.49912752807,55833.837085285195,53110.78871830246,50520.54498728985,48056.62893372217,45712.87948406889,43483.436043901354,41362.72384335389,39345.43999729548,37426.54024535475,35601.226338641616,33864.93404162572,32213.321719170275,48125.00000000001
CONTIGO (with Tiësto),KAROL G,77,1.3211906471422052,-0.4607453393904279,5,-0.3430033318985792,-0.3263560522662088,-0.580333269699723,192787,720000,3.2131166666666666,63767.31673056584,60657.3479955709,57699.05422556644,54885.03814522105,52208.26324857836,49662.03620412697,47239.99011798532,44936.068613350595,42744.510686402085,40659.83630079088,38676.83268469454,36790.5412961724,34996.24542422782,33289.45839457398,31665.912350611066,30121.547581561816,45000.00000000001
Armageddon,aespa,72,0.2885563291996521,0.8344640883778904,9,1.207268707113314,-0.7363152049919759,-0.0900883098393767,196467,720000,3.27445,63767.31673056584,60657.3479955709,57699.05422556644,54885.03814522105,52208.26324857836,49662.03620412697,47239.99011798532,44936.068613350595,42744.510686402085,40659.83630079088,38676.83268469454,36790.5412961724,34996.24542422782,33289.45839457398,31665.912350611066,30121.547581561816,45000.00000000001
overseas,Ken Carson,68,-1.1171587745802098,0.7602890991224359,6,0.8245677994955493,-0.9795681574996132,-0.1896693173110095,141032,770000,2.3505333333333334,68195.60261463291,64869.66382859665,61705.93299123077,58696.49912752807,55833.837085285195,53110.78871830246,50520.54498728985,48056.62893372217,45712.87948406889,43483.436043901354,41362.72384335389,39345.43999729548,37426.54024535475,35601.226338641616,33864.93404162572,32213.321719170275,48125.00000000001
Baggage,Kelsea Ballerini,65,-0.4043079873553509,0.8515813935906875,0,0.3637265671864917,-0.7690645887034664,-0.7059585406639366,152813,810000,2.546883333333333,71738.23132188657,68239.51649501726,64911.43600376224,61745.66791337368,58734.29615465066,55869.790729642846,53144.98888273349,50553.07719001942,48087.57452220235,45742.31583838974,43511.43677028136,41389.358958193945,39370.7761022563,37450.64069389572,35624.151394437446,33886.74102925704,50625.000000000015
End Up Gone,ian,65,0.4084751532187874,0.1326545746532068,2,-0.3563378582964106,-0.6708164375689949,-0.5496929597084513,139149,680000,2.31915,60224.688023312185,57287.49532915029,54493.55121303497,51835.869359375436,49307.8041792129,46903.03419278659,44615.54622254169,42439.62035705334,40369.81564826864,38400.95650630249,36528.11975776707,34746.62233527393,33052.00956732628,31440.044039319866,29906.69499779934,28448.12827147505,42500.00000000001
Come Play (from the series Arcane League of Legends),Stray Kids,75,-0.5775240664941019,1.2795140239106162,7,0.2965205541414209,-0.9811858981407836,0.5916585874664171,161667,650000,2.69445,57567.716492871936,54760.10582933483,52089.42395363637,49548.99276999123,47132.459877188805,44833.782684281294,42647.21330095897,40567.2841648304,38588.79436966855,36706.79666043621,34916.58506257146,33213.68311460008,31593.832674650115,30052.983272879283,28587.281983190544,27193.06378890997,40625.0
Heart of Gold,Shawn Mendes,73,-0.1844568099869362,1.1711044242295676,7,-0.0584445385688543,-0.3973788121224534,-0.3275507122717319,171608,640000,2.860133333333333,56682.05931605853,53917.64266272968,51288.0482005035,48786.70057352982,46407.34510984743,44144.0321814462,41991.10232709806,39943.172100756085,37995.120610135185,36142.076711814116,34379.406830839594,32702.703374375462,31107.773710424728,29590.629684065756,28147.47764498761,26774.70896138828,40000.00000000001
In My Mind,Lavern,73,-1.6767799533361738,-0.1640453823686108,5,-1.0211973444922906,-0.6546390311572947,-0.572673192201905,120462,710000,2.0077,62881.659553752426,59814.88482896574,56897.67847243357,54122.74594875965,51483.148481236996,48972.285701291876,46583.87914412441,44311.956549276285,42150.836926868724,40095.116352168785,38139.65445296268,36279.56155594778,34510.186460002435,32827.10480576045,31226.108012408135,29703.192754040123,44375.0
Lobster,RJ Pasin,74,-0.5975105371639571,-1.0826740954553915,10,-0.4096759638877365,-0.7232943656849977,0.423136882514423,116870,740000,1.9478333333333333,65538.63108419268,62342.2743287812,59301.80573183217,56409.622538143856,53658.4927832611,51041.53720979716,48552.212065707135,46184.29274149922,43931.85820546881,41789.27619803507,39751.18914815828,37812.50077662163,35968.36335267859,34214.16557220103,32545.521027016926,30958.2572366052,46250.0
Casi oficial,Carin Leon,76,1.2878798626924457,0.5035295209304783,0,0.5744120842722298,-0.1211791904592802,-0.404151487249911,227000,650000,3.783333333333333,57567.716492871936,54760.10582933483,52089.42395363637,49548.99276999123,47132.459877188805,44833.782684281294,42647.21330095897,40567.2841648304,38588.79436966855,36706.79666043621,34916.58506257146,33213.68311460008,31593.832674650115,30052.983272879283,28587.281983190544,27193.06378890997,40625.0
Supernova,aespa,72,0.6150020168072982,0.5948218153987299,11,0.6122821392420714,-0.9659160047716908,-0.810901602384042,178880,690000,2.981333333333333,61110.345200125594,58129.95849575544,55294.92696616783,52598.16155583684,50032.918946554266,47592.78469562168,45271.6571964026,43063.73242112766,40963.489407802,38965.67645492459,37065.29798949894,35257.602075498544,33538.06853155166,31902.397628133393,30346.49933600227,28866.48309899674,43125.0
Rock,Stepz,72,1.6542984916398031,0.571998741781667,1,0.1810435555361999,-0.8014194015268666,0.9516822298638588,144113,680000,2.401883333333333,60224.688023312185,57287.49532915029,54493.55121303497,51835.869359375436,49307.8041792129,46903.03419278659,44615.54622254169,42439.62035705334,40369.81564826864,38400.95650630249,36528.11975776707,34746.62233527393,33052.00956732628,31440.044039319866,29906.69499779934,28448.12827147505,42500.00000000001
02.02.99,That Mexican OT,64,1.3211906471422052,0.3551795424195694,9,0.036497289383706,-0.3973788121224534,-0.396491409752093,162162,720000,2.7027,63767.31673056584,60657.3479955709,57699.05422556644,54885.03814522105,52208.26324857836,49662.03620412697,47239.99011798532,44936.068613350595,42744.510686402085,40659.83630079088,38676.83268469454,36790.5412961724,34996.24542422782,33289.45839457398,31665.912350611066,30121.547581561816,45000.00000000001
My Promised Land,Josiah Queen,66,0.2752320154197482,-0.0898703931131564,9,0.1410399763427053,0.9678364606698024,-0.312230557276096,194669,760000,3.244483333333333,67309.9454378195,64027.2006619915,60904.55723809791,57934.20693106666,55108.72231794383,52421.03821546736,49864.43401342895,47432.51686964785,45119.20572453553,42918.71609527926,40825.545611622016,38834.46025707087,36940.48128112937,35138.872749828086,33425.12970342279,31794.966891648583,47500.0
SportsCenter,BossMan Dlow,65,0.5350561341278747,0.9143448460376106,10,0.5058726185873759,-0.9550258482604,0.0401330076235276,143092,750000,2.3848666666666665,66424.28826100608,63184.73749538635,60103.18148496504,57171.91473460526,54383.607550602464,51731.287712632264,49208.323039568044,46808.40480557354,44525.53196500217,42353.99614665716,40288.36737989015,38323.48051684625,36454.422316903976,34676.519161014556,32985.32536521986,31376.61206412689,46875.00000000001
57,KAROL G,51,1.16796103867331,0.532058362951807,1,0.9496456571072088,-0.2987360900998916,-0.5879933471975408,298130,700000,4.968833333333333,61996.00237693901,58972.42166236059,56096.3027193007,53360.45375229824,50758.03371389563,48282.53519845678,45927.7681702635,43687.84448520197,41557.16316733536,39530.396403546685,37602.476221230805,35768.58181572316,34024.127495777044,32364.751216946923,30786.303674205203,29284.83792651843,43750.00000000001
Goddard Song,Lil Uzi Vert,66,-0.3310242615658794,0.4921179841219468,2,0.3389243480865251,-0.6617413071429191,-0.1820092398131916,139501,650000,2.3250166666666665,57567.716492871936,54760.10582933483,52089.42395363637,49548.99276999123,47132.459877188805,44833.782684281294,42647.21330095897,40567.2841648304,38588.79436966855,36706.79666043621,34916.58506257146,33213.68311460008,31593.832674650115,30052.983272879283,28587.281983190544,27193.06378890997,40625.0
LABOUR - the cacophony,Paris Paloma,72,-0.784050930082612,0.823052551569359,11,-0.3360693781717065,-0.8010248306387765,0.8674213773878616,247445,700000,4.124083333333333,61996.00237693901,58972.42166236059,56096.3027193007,53360.45375229824,50758.03371389563,48282.53519845678,45927.7681702635,43687.84448520197,41557.16316733536,39530.396403546685,37602.476221230805,35768.58181572316,34024.127495777044,32364.751216946923,30786.303674205203,29284.83792651843,43750.00000000001
Frente al Mar,Beéle,78,0.6549749581470099,0.2239468691214584,10,0.7338930199902949,-0.3303017611471113,-0.5190526497171797,165178,680000,2.7529666666666666,60224.688023312185,57287.49532915029,54493.55121303497,51835.869359375436,49307.8041792129,46903.03419278659,44615.54622254169,42439.62035705334,40369.81564826864,38400.95650630249,36528.11975776707,34746.62233527393,33052.00956732628,31440.044039319866,29906.69499779934,28448.12827147505,42500.00000000001
Never Mind,Rod Wave,65,0.2352590740800371,-0.3238068976880512,4,-0.3896741742909894,-0.5473157495967474,-0.8200936953814234,170353,680000,2.8392166666666667,60224.688023312185,57287.49532915029,54493.55121303497,51835.869359375436,49307.8041792129,46903.03419278659,44615.54622254169,42439.62035705334,40369.81564826864,38400.95650630249,36528.11975776707,34746.62233527393,33052.00956732628,31440.044039319866,29906.69499779934,28448.12827147505,42500.00000000001
Lithonia,Childish Gambino,66,-1.5968340706567508,-1.5163124941795865,1,-0.2701968177664188,-0.6956744035186805,-0.3045704797782781,178960,700000,2.982666666666667,61996.00237693901,58972.42166236059,56096.3027193007,53360.45375229824,50758.03371389563,48282.53519845678,45927.7681702635,43687.84448520197,41557.16316733536,39530.396403546685,37602.476221230805,35768.58181572316,34024.127495777044,32364.751216946923,30786.303674205203,29284.83792651843,43750.00000000001
VINO TINTO,Peso Pluma,75,0.0820294656111421,0.7203487202925759,4,0.4055969800756827,0.6087769525076774,-0.0747681548437408,269539,750000,4.4923166666666665,66424.28826100608,63184.73749538635,60103.18148496504,57171.91473460526,54383.607550602464,51731.287712632264,49208.323039568044,46808.40480557354,44525.53196500217,42353.99614665716,40288.36737989015,38323.48051684625,36454.422316903976,34676.519161014556,32985.32536521986,31376.61206412689,46875.00000000001
Suffering,Jorge Rivera-Herrans,68,0.088691622501094,0.5548814365688699,8,1.0661894178242564,1.7372496924457843,-0.4194716422455468,150923,660000,2.5153833333333333,58453.37366968535,55602.56899593998,52890.799706769234,50311.28496645263,47857.57464453017,45523.533187116394,43303.324274819875,41191.39622890471,39182.46812920191,37271.5166090583,35453.76329430333,33724.662854824695,32079.891638875502,30515.336861692813,29027.086321393475,27611.418616431663,41250.0
XO (Only If You Say Yes),ENHYPEN,76,0.0687051518312382,0.67470257305845,8,-0.0821799955569943,-0.55126145847765,0.2316349450689753,188332,720000,3.1388666666666665,63767.31673056584,60657.3479955709,57699.05422556644,54885.03814522105,52208.26324857836,49662.03620412697,47239.99011798532,44936.068613350595,42744.510686402085,40659.83630079088,38676.83268469454,36790.5412961724,34996.24542422782,33289.45839457398,31665.912350611066,30121.547581561816,45000.00000000001
Beaches,beabadoobee,68,-1.5635232862069908,0.965696761676002,10,0.6928226786849737,-0.9324169363728289,0.0707733176147993,230053,650000,3.834216666666667,57567.716492871936,54760.10582933483,52089.42395363637,49548.99276999123,47132.459877188805,44833.782684281294,42647.21330095897,40567.2841648304,38588.79436966855,36706.79666043621,34916.58506257146,33213.68311460008,31593.832674650115,30052.983272879283,28587.281983190544,27193.06378890997,40625.0
The Light at the End of the Tunnel for $9.99 a Month,$uicideboy$,66,-0.0312272015180412,0.3551795424195694,1,0.2879864572468087,-0.9827247246043354,0.3541961850340619,139996,760000,2.333266666666667,67309.9454378195,64027.2006619915,60904.55723809791,57934.20693106666,55108.72231794383,52421.03821546736,49864.43401342895,47432.51686964785,45119.20572453553,42918.71609527926,40825.545611622016,38834.46025707087,36940.48128112937,35138.872749828086,33425.12970342279,31794.966891648583,47500.0
Routines In The Night,Twenty One Pilots,70,0.6882857425967698,0.406531458057961,9,0.3943959779015043,-0.6321484905361506,-0.0288076898568335,202600,680000,3.3766666666666665,60224.688023312185,57287.49532915029,54493.55121303497,51835.869359375436,49307.8041792129,46903.03419278659,44615.54622254169,42439.62035705334,40369.81564826864,38400.95650630249,36528.11975776707,34746.62233527393,33052.00956732628,31440.044039319866,29906.69499779934,28448.12827147505,42500.00000000001
"So Long, London",Taylor Swift,70,-1.5235503448672791,-0.626212623114134,9,-1.2830874429457015,1.8871866299200784,-0.751919005650844,262975,700000,4.382916666666667,61996.00237693901,58972.42166236059,56096.3027193007,53360.45375229824,50758.03371389563,48282.53519845678,45927.7681702635,43687.84448520197,41557.16316733536,39530.396403546685,37602.476221230805,35768.58181572316,34024.127495777044,32364.751216946923,30786.303674205203,29284.83792651843,43750.00000000001
Just a Man,Jorge Rivera-Herrans,68,-1.7500636791256454,-1.5904874834350409,2,0.125305235193264,1.6662269325895402,-0.7128526104119728,148687,650000,2.4781166666666667,57567.716492871936,54760.10582933483,52089.42395363637,49548.99276999123,47132.459877188805,44833.782684281294,42647.21330095897,40567.2841648304,38588.79436966855,36706.79666043621,34916.58506257146,33213.68311460008,31593.832674650115,30052.983272879283,28587.281983190544,27193.06378890997,40625.0
OATH,Future,67,1.1213259404436464,-0.9799702641786088,10,-0.0285751994377117,0.2181517732983324,-0.4730921847302722,94777,720000,1.579616666666667,63767.31673056584,60657.3479955709,57699.05422556644,54885.03814522105,52208.26324857836,49662.03620412697,47239.99011798532,44936.068613350595,42744.510686402085,40659.83630079088,38676.83268469454,36790.5412961724,34996.24542422782,33289.45839457398,31665.912350611066,30121.547581561816,45000.00000000001
My Boy Only Breaks His Favorite Toys,Taylor Swift,70,-0.3709972029055912,-0.4550395709861629,0,-0.2093913773923072,-0.452618736455088,0.9363620748682228,203801,660000,3.3966833333333333,58453.37366968535,55602.56899593998,52890.799706769234,50311.28496645263,47857.57464453017,45523.533187116394,43303.324274819875,41191.39622890471,39182.46812920191,37271.5166090583,35453.76329430333,33724.662854824695,32079.891638875502,30515.336861692813,29027.086321393475,27611.418616431663,41250.0
Look At That Woman,ROLE MODEL,68,0.0820294656111421,0.5605872049731355,2,-0.3208680180781788,0.6758540034830193,-0.5956534246953588,163458,690000,2.7243,61110.345200125594,58129.95849575544,55294.92696616783,52598.16155583684,50032.918946554266,47592.78469562168,45271.6571964026,43063.73242112766,40963.489407802,38965.67645492459,37065.29798949894,35257.602075498544,33538.06853155166,31902.397628133393,30346.49933600227,28866.48309899674,43125.0
I Like It,Stray Kids,75,0.9614341750848,1.1653986558253018,5,0.9011079810191022,-0.7540708949560371,-0.3505309447651856,148633,660000,2.477216666666666,58453.37366968535,55602.56899593998,52890.799706769234,50311.28496645263,47857.57464453017,45523.533187116394,43303.324274819875,41191.39622890471,39182.46812920191,37271.5166090583,35453.76329430333,33724.662854824695,32079.891638875502,30515.336861692813,29027.086321393475,27611.418616431663,41250.0
supernatural,Ariana Grande,72,-0.4775917131448225,0.406531458057961,8,-0.0925809261473031,-0.6108416625792773,-0.15136892982192,163382,630000,2.7230333333333334,55796.40213924511,53075.17949612453,50486.672447370634,48024.40837706842,45682.23034250607,43454.2816786111,41334.99135323716,39319.060036681774,37401.446850601824,35577.356763192016,33842.22859910772,32191.723634150847,30621.71474619934,29128.27609525223,27707.67330678468,26356.35413386659,39375.000000000015
Club classics featuring bb trickz,Charli xcx,70,1.7342443743192266,-0.2781607504539254,1,0.5685448926571839,-0.9229472350586628,-0.5113925722193617,174325,680000,2.9054166666666665,60224.688023312185,57287.49532915029,54493.55121303497,51835.869359375436,49307.8041792129,46903.03419278659,44615.54622254169,42439.62035705334,40369.81564826864,38400.95650630249,36528.11975776707,34746.62233527393,33052.00956732628,31440.044039319866,29906.69499779934,28448.12827147505,42500.00000000001
sun to me,mgk,68,-1.2170911279294894,-1.2082010003492376,6,-0.4590137115597133,1.654389805946833,1.0742434698289454,158447,740000,2.6407833333333333,65538.63108419268,62342.2743287812,59301.80573183217,56409.622538143856,53658.4927832611,51041.53720979716,48552.212065707135,46184.29274149922,43931.85820546881,41789.27619803507,39751.18914815828,37812.50077662163,35968.36335267859,34214.16557220103,32545.521027016926,30958.2572366052,46250.0
UP!,Forrest Frank,67,0.9214612337450884,0.7945237095480303,0,0.0757007969933308,-0.8570538967475916,-0.8744802456159305,136960,750000,2.2826666666666666,66424.28826100608,63184.73749538635,60103.18148496504,57171.91473460526,54383.607550602464,51731.287712632264,49208.323039568044,46808.40480557354,44525.53196500217,42353.99614665716,40288.36737989015,38323.48051684625,36454.422316903976,34676.519161014556,32985.32536521986,31376.61206412689,46875.00000000001
DICE AND ROLL,Odetari,72,0.8748261355154247,0.7888179411437646,10,0.0186290240106119,-0.9229472350586628,-0.4577720297346364,120166,750000,2.0027666666666666,66424.28826100608,63184.73749538635,60103.18148496504,57171.91473460526,54383.607550602464,51731.287712632264,49208.323039568044,46808.40480557354,44525.53196500217,42353.99614665716,40288.36737989015,38323.48051684625,36454.422316903976,34676.519161014556,32985.32536521986,31376.61206412689,46875.00000000001
Single Again,Josh Ross,66,-0.764064459412756,1.3137486343362106,1,0.5496098651722632,-0.8752041575997429,-0.7886873776403701,179051,670000,2.984183333333333,59339.03084649877,56445.03216254514,53692.1754599021,51073.577162914036,48582.689411871535,46213.28368995149,43959.435248680784,41815.50829297903,39776.14188873527,37836.2365576804,35990.9415260352,34235.642595049314,32565.95060310089,30977.69045050634,29466.890659596407,28029.773443953356,41875.00000000001
Planting Seeds,BigXthaPlug,66,-0.2310919082166,-0.6319183915183997,1,-0.9305225649870362,0.6285054969121896,-0.9150786563543656,101471,690000,1.6911833333333333,61110.345200125594,58129.95849575544,55294.92696616783,52598.16155583684,50032.918946554266,47592.78469562168,45271.6571964026,43063.73242112766,40963.489407802,38965.67645492459,37065.29798949894,35257.602075498544,33538.06853155166,31902.397628133393,30346.49933600227,28866.48309899674,43125.0
B.A.S. (feat. Kyle Richh),Megan Thee Stallion,66,0.3884886825489315,0.67470257305845,7,0.8408359217009037,-0.8065488230720399,-0.5343728047128155,206461,700000,3.4410166666666666,61996.00237693901,58972.42166236059,56096.3027193007,53360.45375229824,50758.03371389563,48282.53519845678,45927.7681702635,43687.84448520197,41557.16316733536,39530.396403546685,37602.476221230805,35768.58181572316,34024.127495777044,32364.751216946923,30786.303674205203,29284.83792651843,43750.00000000001
These Words,Badger,75,-0.3776593597955431,1.9756177692310344,5,1.0352533165812874,-0.9261038021633848,1.0819035473267633,136580,650000,2.276333333333333,57567.716492871936,54760.10582933483,52089.42395363637,49548.99276999123,47132.459877188805,44833.782684281294,42647.21330095897,40567.2841648304,38588.79436966855,36706.79666043621,34916.58506257146,33213.68311460008,31593.832674650115,30052.983272879283,28587.281983190544,27193.06378890997,40625.0
The Sound of Silence - CYRIL Remix,Disturbed,63,0.1886239758503734,0.446471836887821,6,0.5861464675023217,-0.5078586607877227,-0.1360487748262842,185238,720000,3.0873,63767.31673056584,60657.3479955709,57699.05422556644,54885.03814522105,52208.26324857836,49662.03620412697,47239.99011798532,44936.068613350595,42744.510686402085,40659.83630079088,38676.83268469454,36790.5412961724,34996.24542422782,33289.45839457398,31665.912350611066,30121.547581561816,45000.00000000001
I Can Fix Him (No Really I Can),Taylor Swift,69,0.0620429949412862,-2.2010047026914727,6,-1.969282171378112,2.0371235673943726,-0.0288076898568335,156298,700000,2.604966666666667,61996.00237693901,58972.42166236059,56096.3027193007,53360.45375229824,50758.03371389563,48282.53519845678,45927.7681702635,43687.84448520197,41557.16316733536,39530.396403546685,37602.476221230805,35768.58181572316,34024.127495777044,32364.751216946923,30786.303674205203,29284.83792651843,43750.00000000001
Be Mine,Jimin,77,0.2352590740800371,0.5948218153987299,1,0.2882531477747652,-0.7722211558081884,-0.5343728047128155,207348,810000,3.4558,71738.23132188657,68239.51649501726,64911.43600376224,61745.66791337368,58734.29615465066,55869.790729642846,53144.98888273349,50553.07719001942,48087.57452220235,45742.31583838974,43511.43677028136,41389.358958193945,39370.7761022563,37450.64069389572,35624.151394437446,33886.74102925704,50625.000000000015
SC-9,Yahir Saldivar,70,1.20127182312307,-1.402197126094272,5,-0.9041202027193296,-0.6262299272147969,-0.7863893543910246,165261,650000,2.75435,57567.716492871936,54760.10582933483,52089.42395363637,49548.99276999123,47132.459877188805,44833.782684281294,42647.21330095897,40567.2841648304,38588.79436966855,36706.79666043621,34916.58506257146,33213.68311460008,31593.832674650115,30052.983272879283,28587.281983190544,27193.06378890997,40625.0
Hangin’ On (feat. Morgan Wallen),ERNEST,65,-0.8040374007524678,0.7831121727394988,3,0.5365420293023883,0.656125459078507,-0.4501119522368185,206147,620000,3.435783333333333,54910.744962431694,52232.71632951938,49685.29669423777,47262.116180607016,44957.1155751647,42764.53117577601,40678.88037937625,38694.94797260746,36807.77309106846,35012.63681456992,33305.05036737586,31680.743893926232,30135.655781973957,28665.922506438703,27267.86896858175,25937.999306344896,38750.0
Tell Ur Girlfriend,Lay Bankz,72,1.4277851573814366,0.5605872049731355,7,0.5112064291465084,-0.6250462145505261,-1.1494770277875934,124444,670000,2.0740666666666665,59339.03084649877,56445.03216254514,53692.1754599021,51073.577162914036,48582.689411871535,46213.28368995149,43959.435248680784,41815.50829297903,39776.14188873527,37836.2365576804,35990.9415260352,34235.642595049314,32565.95060310089,30977.69045050634,29466.890659596407,28029.773443953356,41875.00000000001
DRIP,BABYMONSTER,80,1.4011365298216287,0.252475711142787,6,0.3631931861305785,-0.7367097758800661,-0.7166826491608816,180846,700000,3.0141,61996.00237693901,58972.42166236059,56096.3027193007,53360.45375229824,50758.03371389563,48282.53519845678,45927.7681702635,43687.84448520197,41557.16316733536,39530.396403546685,37602.476221230805,35768.58181572316,34024.127495777044,32364.751216946923,30786.303674205203,29284.83792651843,43750.00000000001
Déjame Entrar,Rauw Alejandro,74,0.1486510345106617,0.3266507003982408,0,0.2047790125243399,0.3562515841299191,-0.6155696261896852,254706,720000,4.2451,63767.31673056584,60657.3479955709,57699.05422556644,54885.03814522105,52208.26324857836,49662.03620412697,47239.99011798532,44936.068613350595,42744.510686402085,40659.83630079088,38676.83268469454,36790.5412961724,34996.24542422782,33289.45839457398,31665.912350611066,30121.547581561816,45000.00000000001
TEXAS HOLD 'EM,Beyoncé,73,0.5017453496781149,0.3894141528451638,2,0.0074280218364333,1.3032217155465124,-0.1666890848175558,233457,700000,3.89095,61996.00237693901,58972.42166236059,56096.3027193007,53360.45375229824,50758.03371389563,48282.53519845678,45927.7681702635,43687.84448520197,41557.16316733536,39530.396403546685,37602.476221230805,35768.58181572316,34024.127495777044,32364.751216946923,30786.303674205203,29284.83792651843,43750.00000000001
Warrior of the Mind,Jorge Rivera-Herrans,68,0.2152726034101813,1.268102487102085,1,0.6928226786849737,0.9875650050743148,-0.2815902472848245,208000,690000,3.466666666666667,61110.345200125594,58129.95849575544,55294.92696616783,52598.16155583684,50032.918946554266,47592.78469562168,45271.6571964026,43063.73242112766,40963.489407802,38965.67645492459,37065.29798949894,35257.602075498544,33538.06853155166,31902.397628133393,30346.49933600227,28866.48309899674,43125.0
Scylla,Jorge Rivera-Herrans,68,-2.069847209843339,-0.2211030664112681,1,-0.0037729803377451,-0.1014506460547678,-0.4424518747390006,174267,770000,2.90445,68195.60261463291,64869.66382859665,61705.93299123077,58696.49912752807,55833.837085285195,53110.78871830246,50520.54498728985,48056.62893372217,45712.87948406889,43483.436043901354,41362.72384335389,39345.43999729548,37426.54024535475,35601.226338641616,33864.93404162572,32213.321719170275,48125.00000000001
SR. SMITH,Peso Pluma,74,0.4417859376685472,0.6290564258243243,5,0.0316968598804867,1.283493171142,0.2622752550602469,161905,730000,2.6984166666666667,64652.97390737925,61499.81116217605,58500.42997869931,55647.33034168246,52933.378015919734,50351.78670696207,47896.10109184623,45560.18067742491,43338.18444593545,41224.55624941297,39214.010916426414,37301.52103639701,35482.30438845321,33751.8119833875,32105.716688813995,30539.90240908351,45625.0
Residuals,Chris Brown,70,-0.4775917131448225,0.0128334381636265,6,-0.3243349949416149,0.3562515841299191,-0.5496929597084513,215178,680000,3.5863,60224.688023312185,57287.49532915029,54493.55121303497,51835.869359375436,49307.8041792129,46903.03419278659,44615.54622254169,42439.62035705334,40369.81564826864,38400.95650630249,36528.11975776707,34746.62233527393,33052.00956732628,31440.044039319866,29906.69499779934,28448.12827147505,42500.00000000001
Clara Bow,Taylor Swift,69,0.2285969171900852,-1.852952830031264,7,-1.1918792823845337,1.5162899951152462,-0.5650131147040871,216662,690000,3.611033333333333,61110.345200125594,58129.95849575544,55294.92696616783,52598.16155583684,50032.918946554266,47592.78469562168,45271.6571964026,43063.73242112766,40963.489407802,38965.67645492459,37065.29798949894,35257.602075498544,33538.06853155166,31902.397628133393,30346.49933600227,28866.48309899674,43125.0
"I Love You, I'm Sorry",Gracie Abrams,69,-1.0039021074510266,-1.3793740524772091,10,-0.2480615039460185,1.5202357039961487,-0.3581910222630035,157147,690000,2.6191166666666668,61110.345200125594,58129.95849575544,55294.92696616783,52598.16155583684,50032.918946554266,47592.78469562168,45271.6571964026,43063.73242112766,40963.489407802,38965.67645492459,37065.29798949894,35257.602075498544,33538.06853155166,31902.397628133393,30346.49933600227,28866.48309899674,43125.0
Cassandra,Taylor Swift,69,-0.4309566149151588,-0.3181011292837855,10,-0.880651436259146,2.1870605048686667,-0.3275507122717319,240206,740000,4.003433333333334,65538.63108419268,62342.2743287812,59301.80573183217,56409.622538143856,53658.4927832611,51041.53720979716,48552.212065707135,46184.29274149922,43931.85820546881,41789.27619803507,39751.18914815828,37812.50077662163,35968.36335267859,34214.16557220103,32545.521027016926,30958.2572366052,46250.0
PJ (feat. Lil Baby),BossMan Dlow,66,0.6016777030273942,-0.4493338025818971,1,-0.0261749846861019,-0.7536763240679467,-0.4424518747390006,178360,690000,2.9726666666666666,61110.345200125594,58129.95849575544,55294.92696616783,52598.16155583684,50032.918946554266,47592.78469562168,45271.6571964026,43063.73242112766,40963.489407802,38965.67645492459,37065.29798949894,35257.602075498544,33538.06853155166,31902.397628133393,30346.49933600227,28866.48309899674,43125.0
"LOVE, MONEY, FAME (feat. DJ Khaled)",SEVENTEEN,78,1.4544337849412443,0.343768005611038,7,0.5882799917259746,-0.830617647245545,-0.9043545478574204,186387,690000,3.10645,61110.345200125594,58129.95849575544,55294.92696616783,52598.16155583684,50032.918946554266,47592.78469562168,45271.6571964026,43063.73242112766,40963.489407802,38965.67645492459,37065.29798949894,35257.602075498544,33538.06853155166,31902.397628133393,30346.49933600227,28866.48309899674,43125.0
prada dem (feat. Offset),Gunna,69,1.7608930018790343,-0.2724549820496597,1,0.5757455369120129,-0.7931334128769715,-0.5573530372062692,165347,710000,2.755783333333333,62881.659553752426,59814.88482896574,56897.67847243357,54122.74594875965,51483.148481236996,48972.285701291876,46583.87914412441,44311.956549276285,42150.836926868724,40095.116352168785,38139.65445296268,36279.56155594778,34510.186460002435,32827.10480576045,31226.108012408135,29703.192754040123,44375.0
NIGHTS LIKE THIS PT 2,The Kid LAROI,69,-1.7234150515658375,-0.0613415510918278,1,-0.2293931669890545,-0.9843424652455054,0.8138008349031363,166369,690000,2.7728166666666665,61110.345200125594,58129.95849575544,55294.92696616783,52598.16155583684,50032.918946554266,47592.78469562168,45271.6571964026,43063.73242112766,40963.489407802,38965.67645492459,37065.29798949894,35257.602075498544,33538.06853155166,31902.397628133393,30346.49933600227,28866.48309899674,43125.0
SOUTH OF FRANCE,Future,67,1.2479069213527336,0.0071276697593608,2,-0.1477858654343256,-0.8748095867116528,-0.4118115647477289,108953,670000,1.8158833333333333,59339.03084649877,56445.03216254514,53692.1754599021,51073.577162914036,48582.689411871535,46213.28368995149,43959.435248680784,41815.50829297903,39776.14188873527,37836.2365576804,35990.9415260352,34235.642595049314,32565.95060310089,30977.69045050634,29466.890659596407,28029.773443953356,41875.00000000001
Atención,Ivan Cornejo,69,0.3751643687690276,0.3152391635897094,1,-0.2141918068955265,0.5929941169840675,-0.5496929597084513,253910,660000,4.231833333333333,58453.37366968535,55602.56899593998,52890.799706769234,50311.28496645263,47857.57464453017,45523.533187116394,43303.324274819875,41191.39622890471,39182.46812920191,37271.5166090583,35453.76329430333,33724.662854824695,32079.891638875502,30515.336861692813,29027.086321393475,27611.418616431663,41250.0
Apple featuring the japanese house,Charli xcx,68,0.4617724083384031,1.1026352033783788,0,-0.2587291250642837,-0.1290706082210852,-0.1437088523241021,157367,690000,2.622783333333333,61110.345200125594,58129.95849575544,55294.92696616783,52598.16155583684,50032.918946554266,47592.78469562168,45271.6571964026,43063.73242112766,40963.489407802,38965.67645492459,37065.29798949894,35257.602075498544,33538.06853155166,31902.397628133393,30346.49933600227,28866.48309899674,43125.0
Don't Mind If I Do,Riley Green,64,-1.6034962275467026,-1.5619586414137123,5,-0.8006442778721571,1.71357543916037,-0.1743491623153737,218946,790000,3.6491,69966.91696825974,66554.59016180695,63308.684497496506,60221.08352045088,57284.066619967925,54490.28972397265,51832.76693501167,49304.853061870795,46900.227003135624,44612.87594114555,42437.080306817625,40367.399477744715,38398.658173805525,36525.93351626867,34744.54271803158,33050.03137421366,49375.0
Santa,Rvssian,79,0.4884210358982109,0.3780026160366324,3,0.4159979106659912,0.2733916976309671,-0.5037324947215438,193039,680000,3.2173166666666666,60224.688023312185,57287.49532915029,54493.55121303497,51835.869359375436,49307.8041792129,46903.03419278659,44615.54622254169,42439.62035705334,40369.81564826864,38400.95650630249,36528.11975776707,34746.62233527393,33052.00956732628,31440.044039319866,29906.69499779934,28448.12827147505,42500.00000000001
GLORY,Ogryzek,79,-2.136468778742859,0.697525646675513,1,-0.0565777048731578,-0.9915197096998668,-0.5420328822106334,149522,690000,2.492033333333333,61110.345200125594,58129.95849575544,55294.92696616783,52598.16155583684,50032.918946554266,47592.78469562168,45271.6571964026,43063.73242112766,40963.489407802,38965.67645492459,37065.29798949894,35257.602075498544,33538.06853155166,31902.397628133393,30346.49933600227,28866.48309899674,43125.0
Awuke,Davido,75,0.6483128012570579,0.8515813935906875,5,0.5216073597368169,0.2220974821792349,-0.8315838116281503,172632,680000,2.8772,60224.688023312185,57287.49532915029,54493.55121303497,51835.869359375436,49307.8041792129,46903.03419278659,44615.54622254169,42439.62035705334,40369.81564826864,38400.95650630249,36528.11975776707,34746.62233527393,33052.00956732628,31440.044039319866,29906.69499779934,28448.12827147505,42500.00000000001
"Loser, Baby",Keith David,69,-1.123820931470162,-0.6547414651354626,4,0.1066368982363,0.9678364606698024,-0.3888313322542752,175114,700000,2.9185666666666665,61996.00237693901,58972.42166236059,56096.3027193007,53360.45375229824,50758.03371389563,48282.53519845678,45927.7681702635,43687.84448520197,41557.16316733536,39530.396403546685,37602.476221230805,35768.58181572316,34024.127495777044,32364.751216946923,30786.303674205203,29284.83792651843,43750.00000000001
FRESITA,Fuerza Regida,75,1.7875416294388424,0.3266507003982408,5,0.6744210322559663,-0.8254882257003717,-1.0207877258242526,142667,680000,2.3777833333333334,60224.688023312185,57287.49532915029,54493.55121303497,51835.869359375436,49307.8041792129,46903.03419278659,44615.54622254169,42439.62035705334,40369.81564826864,38400.95650630249,36528.11975776707,34746.62233527393,33052.00956732628,31440.044039319866,29906.69499779934,28448.12827147505,42500.00000000001
ghost boy,Lil Peep,69,0.0287322104915264,-0.1069876983259536,5,0.2194469915619547,-0.9004566944375189,0.2163147900733394,130973,780000,2.1828833333333333,69081.25979144633,65712.1269952018,62507.30874436364,59458.79132398947,56558.95185262656,53800.53922113755,51176.65596115076,48680.74099779648,46306.55324360226,44048.15599252345,41899.90207508575,39856.4197375201,37912.59920958014,36063.57992745514,34304.738379828654,32631.676546691968,48750.0
Nasty,Tinashe,70,1.854163198338362,-1.1340260110937832,8,-0.1787219666772946,-0.4052702298842584,-0.396491409752093,176027,660000,2.9337833333333334,58453.37366968535,55602.56899593998,52890.799706769234,50311.28496645263,47857.57464453017,45523.533187116394,43303.324274819875,41191.39622890471,39182.46812920191,37271.5166090583,35453.76329430333,33724.662854824695,32079.891638875502,30515.336861692813,29027.086321393475,27611.418616431663,41250.0
Red Leather,Future,67,0.1619753482905656,-0.2039857611984709,6,0.4760032794562332,1.0191306761215346,-0.4577720297346364,414893,730000,6.914883333333333,64652.97390737925,61499.81116217605,58500.42997869931,55647.33034168246,52933.378015919734,50351.78670696207,47896.10109184623,45560.18067742491,43338.18444593545,41224.55624941297,39214.010916426414,37301.52103639701,35482.30438845321,33751.8119833875,32105.716688813995,30539.90240908351,45625.0
READY TO COOK UP,Future,66,0.9414477044149442,-0.2382203716240653,2,0.4263988412563,-0.8744150158235625,0.0631132401169814,167111,680000,2.7851833333333333,60224.688023312185,57287.49532915029,54493.55121303497,51835.869359375436,49307.8041792129,46903.03419278659,44615.54622254169,42439.62035705334,40369.81564826864,38400.95650630249,36528.11975776707,34746.62233527393,33052.00956732628,31440.044039319866,29906.69499779934,28448.12827147505,42500.00000000001
The Horse and the Infant,Jorge Rivera-Herrans,68,-1.08384799013045,0.5834102785901985,0,0.5205405976249905,0.1944775200129175,-0.6033135021931766,234000,690000,3.9,61110.345200125594,58129.95849575544,55294.92696616783,52598.16155583684,50032.918946554266,47592.78469562168,45271.6571964026,43063.73242112766,40963.489407802,38965.67645492459,37065.29798949894,35257.602075498544,33538.06853155166,31902.397628133393,30346.49933600227,28866.48309899674,43125.0
labour,Paris Paloma,70,-0.0179028877381372,-0.3979818869435056,11,-0.9931948390568442,0.5180256482469204,1.334686104754754,237745,660000,3.9624166666666665,58453.37366968535,55602.56899593998,52890.799706769234,50311.28496645263,47857.57464453017,45523.533187116394,43303.324274819875,41191.39622890471,39182.46812920191,37271.5166090583,35453.76329430333,33724.662854824695,32079.891638875502,30515.336861692813,29027.086321393475,27611.418616431663,41250.0
thanK you aIMee,Taylor Swift,69,-0.2843891633362156,-0.5805664758800082,7,-0.3830069110920736,1.409755855330879,-0.4424518747390006,263817,640000,4.39695,56682.05931605853,53917.64266272968,51288.0482005035,48786.70057352982,46407.34510984743,44144.0321814462,41991.10232709806,39943.172100756085,37995.120610135185,36142.076711814116,34379.406830839594,32702.703374375462,31107.773710424728,29590.629684065756,28147.47764498761,26774.70896138828,40000.00000000001
PROCEDURE (feat. Latto),GloRilla,64,1.367825745371869,0.9029333092290792,6,0.7576284769784349,-0.8838847171377284,-0.48075226222809,174684,750000,2.9114,66424.28826100608,63184.73749538635,60103.18148496504,57171.91473460526,54383.607550602464,51731.287712632264,49208.323039568044,46808.40480557354,44525.53196500217,42353.99614665716,40288.36737989015,38323.48051684625,36454.422316903976,34676.519161014556,32985.32536521986,31376.61206412689,46875.00000000001
Nothing Matters,The Last Dinner Party,71,-0.5042403407046303,0.8744044672077504,2,0.3938625968455911,-0.9067698286469628,-0.5343728047128155,182624,690000,3.0437333333333334,61110.345200125594,58129.95849575544,55294.92696616783,52598.16155583684,50032.918946554266,47592.78469562168,45271.6571964026,43063.73242112766,40963.489407802,38965.67645492459,37065.29798949894,35257.602075498544,33538.06853155166,31902.397628133393,30346.49933600227,28866.48309899674,43125.0
Thunder Bringer,Jorge Rivera-Herrans,67,-2.502887407690216,1.4278640024215252,8,0.7621622159536977,-0.53547862295404,-0.3888313322542752,249750,690000,4.1625,61110.345200125594,58129.95849575544,55294.92696616783,52598.16155583684,50032.918946554266,47592.78469562168,45271.6571964026,43063.73242112766,40963.489407802,38965.67645492459,37065.29798949894,35257.602075498544,33538.06853155166,31902.397628133393,30346.49933600227,28866.48309899674,43125.0
These Walls (feat. Pierre de Maere),Dua Lipa,67,0.6016777030273942,0.7146429518883102,1,0.4189315064735142,-0.6258353563267066,-0.8223917186307688,217597,740000,3.6266166666666666,65538.63108419268,62342.2743287812,59301.80573183217,56409.622538143856,53658.4927832611,51041.53720979716,48552.212065707135,46184.29274149922,43931.85820546881,41789.27619803507,39751.18914815828,37812.50077662163,35968.36335267859,34214.16557220103,32545.521027016926,30958.2572366052,46250.0
For Cryin' Out Loud!,FINNEAS,70,0.7082722132666256,-0.6775645387525255,8,-0.0451100121710229,-0.5394243318349425,-0.5267127272149975,217240,690000,3.6206666666666663,61110.345200125594,58129.95849575544,55294.92696616783,52598.16155583684,50032.918946554266,47592.78469562168,45271.6571964026,43063.73242112766,40963.489407802,38965.67645492459,37065.29798949894,35257.602075498544,33538.06853155166,31902.397628133393,30346.49933600227,28866.48309899674,43125.0
Everyday Hustle,Future,68,-0.6308213216137168,0.3494737740153038,6,0.2495830212210539,-0.7584111747250297,3.801231059052121,226947,670000,3.78245,59339.03084649877,56445.03216254514,53692.1754599021,51073.577162914036,48582.689411871535,46213.28368995149,43959.435248680784,41815.50829297903,39776.14188873527,37836.2365576804,35990.9415260352,34235.642595049314,32565.95060310089,30977.69045050634,29466.890659596407,28029.773443953356,41875.00000000001
Dirty (feat. Teddy Swims),Jessie Murph,68,-1.6967664240060296,-0.4607453393904279,1,0.2511831643887937,-0.1132877726974753,-0.404151487249911,173362,680000,2.889366666666666,60224.688023312185,57287.49532915029,54493.55121303497,51835.869359375436,49307.8041792129,46903.03419278659,44615.54622254169,42439.62035705334,40369.81564826864,38400.95650630249,36528.11975776707,34746.62233527393,33052.00956732628,31440.044039319866,29906.69499779934,28448.12827147505,42500.00000000001
Bad Dreams - Acoustic,Teddy Swims,62,0.7349208408264335,-0.626212623114134,0,0.225047492649044,1.0625334738114618,-0.7680051683962617,176020,770000,2.933666666666667,68195.60261463291,64869.66382859665,61705.93299123077,58696.49912752807,55833.837085285195,53110.78871830246,50520.54498728985,48056.62893372217,45712.87948406889,43483.436043901354,41362.72384335389,39345.43999729548,37426.54024535475,35601.226338641616,33864.93404162572,32213.321719170275,48125.00000000001
Real Man,beabadoobee,69,-0.6441456353936208,0.5834102785901985,10,0.1698425533620212,1.5162899951152462,-0.2586100147913708,160600,760000,2.6766666666666667,67309.9454378195,64027.2006619915,60904.55723809791,57934.20693106666,55108.72231794383,52421.03821546736,49864.43401342895,47432.51686964785,45119.20572453553,42918.71609527926,40825.545611622016,38834.46025707087,36940.48128112937,35138.872749828086,33425.12970342279,31794.966891648583,47500.0
truck on fire,Carly Pearce,65,-1.0771858332404982,0.3894141528451638,0,0.4405334392380013,0.8376280676000208,0.8980616873791333,188040,680000,3.134,60224.688023312185,57287.49532915029,54493.55121303497,51835.869359375436,49307.8041792129,46903.03419278659,44615.54622254169,42439.62035705334,40369.81564826864,38400.95650630249,36528.11975776707,34746.62233527393,33052.00956732628,31440.044039319866,29906.69499779934,28448.12827147505,42500.00000000001
ESTE,El Alfa,74,1.7942037863287943,0.2239468691214584,2,0.5162735491776844,-0.8254882257003717,-0.0364677673546515,162059,670000,2.7009833333333333,59339.03084649877,56445.03216254514,53692.1754599021,51073.577162914036,48582.689411871535,46213.28368995149,43959.435248680784,41815.50829297903,39776.14188873527,37836.2365576804,35990.9415260352,34235.642595049314,32565.95060310089,30977.69045050634,29466.890659596407,28029.773443953356,41875.00000000001
Let It Happen,Gracie Abrams,69,-0.8306860283122757,-0.3922761185392399,7,0.3167890342661247,1.4334301086162942,-0.5496929597084513,260947,660000,4.349116666666666,58453.37366968535,55602.56899593998,52890.799706769234,50311.28496645263,47857.57464453017,45523.533187116394,43303.324274819875,41191.39622890471,39182.46812920191,37271.5166090583,35453.76329430333,33724.662854824695,32079.891638875502,30515.336861692813,29027.086321393475,27611.418616431663,41250.0
She Stank,Lil Uzi Vert,66,0.2352590740800371,-0.3808645817307084,1,0.0837015128320297,-0.6546390311572947,-0.312230557276096,125811,640000,2.09685,56682.05931605853,53917.64266272968,51288.0482005035,48786.70057352982,46407.34510984743,44144.0321814462,41991.10232709806,39943.172100756085,37995.120610135185,36142.076711814116,34379.406830839594,32702.703374375462,31107.773710424728,29590.629684065756,28147.47764498761,26774.70896138828,40000.00000000001
Santa Baby,Laufey,68,1.0014071164245115,-1.504900957371055,7,-0.5846249502272863,2.4040744933183027,-0.572673192201905,182040,770000,3.034,68195.60261463291,64869.66382859665,61705.93299123077,58696.49912752807,55833.837085285195,53110.78871830246,50520.54498728985,48056.62893372217,45712.87948406889,43483.436043901354,41362.72384335389,39345.43999729548,37426.54024535475,35601.226338641616,33864.93404162572,32213.321719170275,48125.00000000001
teen romance,Lil Peep,69,0.4351237807785952,-1.242435610774832,8,0.3973295737090273,-0.9509617681130704,-0.6171016416892489,170133,750000,2.83555,66424.28826100608,63184.73749538635,60103.18148496504,57171.91473460526,54383.607550602464,51731.287712632264,49208.323039568044,46808.40480557354,44525.53196500217,42353.99614665716,40288.36737989015,38323.48051684625,36454.422316903976,34676.519161014556,32985.32536521986,31376.61206412689,46875.00000000001
Illusion,Dua Lipa,74,0.1819618189604215,0.7374660255053731,8,0.4949383069411539,-0.8838847171377284,-0.5650131147040871,188143,670000,3.1357166666666667,59339.03084649877,56445.03216254514,53692.1754599021,51073.577162914036,48582.689411871535,46213.28368995149,43959.435248680784,41815.50829297903,39776.14188873527,37836.2365576804,35990.9415260352,34235.642595049314,32565.95060310089,30977.69045050634,29466.890659596407,28029.773443953356,41875.00000000001
Tree Birds,Dylan Gossett,66,-1.2837126968290085,0.1383603430574725,7,0.4007965505724634,-0.9689147435211768,-0.2739301697870067,212683,680000,3.5447166666666665,60224.688023312185,57287.49532915029,54493.55121303497,51835.869359375436,49307.8041792129,46903.03419278659,44615.54622254169,42439.62035705334,40369.81564826864,38400.95650630249,36528.11975776707,34746.62233527393,33052.00956732628,31440.044039319866,29906.69499779934,28448.12827147505,42500.00000000001
Soft Slumber,Calmly,69,-3.3556434896040663,-3.6428523784494207,7,-9.11338803428033,2.917016647835624,-0.5573530372062692,146000,670000,2.433333333333333,59339.03084649877,56445.03216254514,53692.1754599021,51073.577162914036,48582.689411871535,46213.28368995149,43959.435248680784,41815.50829297903,39776.14188873527,37836.2365576804,35990.9415260352,34235.642595049314,32565.95060310089,30977.69045050634,29466.890659596407,28029.773443953356,41875.00000000001
us. (feat. Taylor Swift),Gracie Abrams,69,-2.236401132092138,-0.5063914866245538,7,0.0346304556880097,0.9717821695507048,-0.6760842384224468,242667,690000,4.04445,61110.345200125594,58129.95849575544,55294.92696616783,52598.16155583684,50032.918946554266,47592.78469562168,45271.6571964026,43063.73242112766,40963.489407802,38965.67645492459,37065.29798949894,35257.602075498544,33538.06853155166,31902.397628133393,30346.49933600227,28866.48309899674,43125.0
DIE FOR ME,Chase Atlantic,72,-0.2444162219965039,0.4578833736963525,6,0.5496098651722632,-0.6155765132363602,1.5798085846849272,206815,760000,3.446916666666666,67309.9454378195,64027.2006619915,60904.55723809791,57934.20693106666,55108.72231794383,52421.03821546736,49864.43401342895,47432.51686964785,45119.20572453553,42918.71609527926,40825.545611622016,38834.46025707087,36940.48128112937,35138.872749828086,33425.12970342279,31794.966891648583,47500.0
Missin’ You Like This (Feat. Luke Combs),Post Malone,67,-0.9972399505610746,0.3665910792281009,7,0.4488008456046568,-0.8937489893399846,1.4878876547111124,222782,680000,3.713033333333333,60224.688023312185,57287.49532915029,54493.55121303497,51835.869359375436,49307.8041792129,46903.03419278659,44615.54622254169,42439.62035705334,40369.81564826864,38400.95650630249,36528.11975776707,34746.62233527393,33052.00956732628,31440.044039319866,29906.69499779934,28448.12827147505,42500.00000000001
Vision De Tunel,Hermanos Espinoza,67,-0.6841185767333325,0.8116410147608275,8,-0.2403274786352762,-0.79076598754843,0.2239748675711574,172890,660000,2.8815,58453.37366968535,55602.56899593998,52890.799706769234,50311.28496645263,47857.57464453017,45523.533187116394,43303.324274819875,41191.39622890471,39182.46812920191,37271.5166090583,35453.76329430333,33724.662854824695,32079.891638875502,30515.336861692813,29027.086321393475,27611.418616431663,41250.0
Beer For Breakfast,Zach Top,64,0.7682316252761933,-0.563449170667211,7,-1.0190638202686373,1.1375019425486088,0.4461171150078767,206360,720000,3.4393333333333334,63767.31673056584,60657.3479955709,57699.05422556644,54885.03814522105,52208.26324857836,49662.03620412697,47239.99011798532,44936.068613350595,42744.510686402085,40659.83630079088,38676.83268469454,36790.5412961724,34996.24542422782,33289.45839457398,31665.912350611066,30121.547581561816,45000.00000000001
Chihiro,Gravagerz,77,0.3751643687690276,-0.7460337596037142,10,-1.775664848081598,1.8714037943964688,-0.404151487249911,128576,630000,2.142933333333333,55796.40213924511,53075.17949612453,50486.672447370634,48024.40837706842,45682.23034250607,43454.2816786111,41334.99135323716,39319.060036681774,37401.446850601824,35577.356763192016,33842.22859910772,32191.723634150847,30621.71474619934,29128.27609525223,27707.67330678468,26356.35413386659,39375.000000000015
PASSENGER PRINCESS,Nessa Barrett,68,-0.3110377908960235,1.017048677314393,10,0.8611044018256077,-0.5630985851203574,0.093753550108253,155578,670000,2.592966666666667,59339.03084649877,56445.03216254514,53692.1754599021,51073.577162914036,48582.689411871535,46213.28368995149,43959.435248680784,41815.50829297903,39776.14188873527,37836.2365576804,35990.9415260352,34235.642595049314,32565.95060310089,30977.69045050634,29466.890659596407,28029.773443953356,41875.00000000001
El Gordo Trae El Mando,Chino Pacas,70,0.481758879008259,0.7317602571011074,7,0.2861196235511124,-0.5788814206439673,-0.8139656333831692,112409,660000,1.8734833333333332,58453.37366968535,55602.56899593998,52890.799706769234,50311.28496645263,47857.57464453017,45523.533187116394,43303.324274819875,41191.39622890471,39182.46812920191,37271.5166090583,35453.76329430333,33724.662854824695,32079.891638875502,30515.336861692813,29027.086321393475,27611.418616431663,41250.0
Monster,Jorge Rivera-Herrans,67,-1.790036620465357,-0.2382203716240653,0,0.2351817327113957,0.8455194853618258,-0.6178676494390307,218667,670000,3.64445,59339.03084649877,56445.03216254514,53692.1754599021,51073.577162914036,48582.689411871535,46213.28368995149,43959.435248680784,41815.50829297903,39776.14188873527,37836.2365576804,35990.9415260352,34235.642595049314,32565.95060310089,30977.69045050634,29466.890659596407,28029.773443953356,41875.00000000001
We'll Be Fine,Jorge Rivera-Herrans,67,-1.08384799013045,-0.5178030234330852,10,0.1410399763427053,1.930589427610006,0.9593423073616766,125739,720000,2.09565,63767.31673056584,60657.3479955709,57699.05422556644,54885.03814522105,52208.26324857836,49662.03620412697,47239.99011798532,44936.068613350595,42744.510686402085,40659.83630079088,38676.83268469454,36790.5412961724,34996.24542422782,33289.45839457398,31665.912350611066,30121.547581561816,45000.00000000001
Bless Your Heart,Megan Moroney,64,-2.1897660338624743,0.8744044672077504,7,0.6952228934365834,-0.1093420638165728,1.518527964702384,163634,650000,2.7272333333333334,57567.716492871936,54760.10582933483,52089.42395363637,49548.99276999123,47132.459877188805,44833.782684281294,42647.21330095897,40567.2841648304,38588.79436966855,36706.79666043621,34916.58506257146,33213.68311460008,31593.832674650115,30052.983272879283,28587.281983190544,27193.06378890997,40625.0
CUTE DEPRESSED,Dyan Dxddy,76,1.187947509343166,1.576213980932434,10,1.18860037015635,0.9915107139552172,-0.7971134628879697,96947,640000,1.6157833333333331,56682.05931605853,53917.64266272968,51288.0482005035,48786.70057352982,46407.34510984743,44144.0321814462,41991.10232709806,39943.172100756085,37995.120610135185,36142.076711814116,34379.406830839594,32702.703374375462,31107.773710424728,29590.629684065756,28147.47764498761,26774.70896138828,40000.00000000001
LA TROKA,Tito Double P,76,1.1279880973335985,-0.8145029804549029,6,-0.9934615295848008,0.7034739656493366,-0.6339538121844482,142373,690000,2.372883333333333,61110.345200125594,58129.95849575544,55294.92696616783,52598.16155583684,50032.918946554266,47592.78469562168,45271.6571964026,43063.73242112766,40963.489407802,38965.67645492459,37065.29798949894,35257.602075498544,33538.06853155166,31902.397628133393,30346.49933600227,28866.48309899674,43125.0
Love For You,LOVELI LORI,71,0.4617724083384031,0.024244974972158,1,-0.7779755829958434,-0.7540708949560371,-0.0058274573633798,170233,690000,2.8372166666666665,61110.345200125594,58129.95849575544,55294.92696616783,52598.16155583684,50032.918946554266,47592.78469562168,45271.6571964026,43063.73242112766,40963.489407802,38965.67645492459,37065.29798949894,35257.602075498544,33538.06853155166,31902.397628133393,30346.49933600227,28866.48309899674,43125.0
Turtle Race,Rod Wave,65,0.0620429949412862,-0.7745626016250429,0,-1.1382744862652514,-0.7990519761983252,-0.6852763314198282,186566,680000,3.109433333333333,60224.688023312185,57287.49532915029,54493.55121303497,51835.869359375436,49307.8041792129,46903.03419278659,44615.54622254169,42439.62035705334,40369.81564826864,38400.95650630249,36528.11975776707,34746.62233527393,33052.00956732628,31440.044039319866,29906.69499779934,28448.12827147505,42500.00000000001
Felt Good About You,Gracie Abrams,68,-0.610834850943861,-0.4150991921563028,0,-0.6224950051971276,2.2067890492731794,-0.580333269699723,164693,810000,2.744883333333333,71738.23132188657,68239.51649501726,64911.43600376224,61745.66791337368,58734.29615465066,55869.790729642846,53144.98888273349,50553.07719001942,48087.57452220235,45742.31583838974,43511.43677028136,41389.358958193945,39370.7761022563,37450.64069389572,35624.151394437446,33886.74102925704,50625.000000000015
OCEAN,Future,66,0.2086104465202293,-0.957147190561546,6,-0.8774511499236668,0.5574827370559452,-0.1360487748262842,203097,650000,3.38495,57567.716492871936,54760.10582933483,52089.42395363637,49548.99276999123,47132.459877188805,44833.782684281294,42647.21330095897,40567.2841648304,38588.79436966855,36706.79666043621,34916.58506257146,33213.68311460008,31593.832674650115,30052.983272879283,28587.281983190544,27193.06378890997,40625.0
Rule #34,Fish in a Birdcage,67,0.4217994669986913,-1.2709644527961603,7,-1.5961821227667856,1.1769590313576337,-0.4271317197433648,164469,790000,2.74115,69966.91696825974,66554.59016180695,63308.684497496506,60221.08352045088,57284.066619967925,54490.28972397265,51832.76693501167,49304.853061870795,46900.227003135624,44612.87594114555,42437.080306817625,40367.399477744715,38398.658173805525,36525.93351626867,34744.54271803158,33050.03137421366,49375.0
Coming Home,Old Dominion,65,-0.390983673575447,1.4849216864641823,5,0.4730696836487102,-0.9383354996941824,-0.580333269699723,170240,670000,2.837333333333333,59339.03084649877,56445.03216254514,53692.1754599021,51073.577162914036,48582.689411871535,46213.28368995149,43959.435248680784,41815.50829297903,39776.14188873527,37836.2365576804,35990.9415260352,34235.642595049314,32565.95060310089,30977.69045050634,29466.890659596407,28029.773443953356,41875.00000000001
Talk talk,Charli xcx,69,-0.4842538700347745,1.4221582340172594,0,0.250916473860837,-0.8136510990576644,-0.3275507122717319,161757,710000,2.69595,62881.659553752426,59814.88482896574,56897.67847243357,54122.74594875965,51483.148481236996,48972.285701291876,46583.87914412441,44311.956549276285,42150.836926868724,40095.116352168785,38139.65445296268,36279.56155594778,34510.186460002435,32827.10480576045,31226.108012408135,29703.192754040123,44375.0
Cowboys Like Me Do,Zach Top,64,-0.4376187718051108,-0.0841646247088907,3,0.2079792988598196,1.4689414885444163,-0.4654321072324543,178915,640000,2.9819166666666668,56682.05931605853,53917.64266272968,51288.0482005035,48786.70057352982,46407.34510984743,44144.0321814462,41991.10232709806,39943.172100756085,37995.120610135185,36142.076711814116,34379.406830839594,32702.703374375462,31107.773710424728,29590.629684065756,28147.47764498761,26774.70896138828,40000.00000000001
The Smallest Man Who Ever Lived,Taylor Swift,69,-1.503563874197423,-1.328022136838818,10,-0.6683657760056683,1.0585877649305593,1.212124864789668,245542,670000,4.092366666666667,59339.03084649877,56445.03216254514,53692.1754599021,51073.577162914036,48582.689411871535,46213.28368995149,43959.435248680784,41815.50829297903,39776.14188873527,37836.2365576804,35990.9415260352,34235.642595049314,32565.95060310089,30977.69045050634,29466.890659596407,28029.773443953356,41875.00000000001
YOU,Chase Atlantic,66,-0.2910513202261676,-1.0427337166255315,2,0.0375640514955326,0.0800519624667459,-0.3045704797782781,213103,690000,3.551716666666666,61110.345200125594,58129.95849575544,55294.92696616783,52598.16155583684,50032.918946554266,47592.78469562168,45271.6571964026,43063.73242112766,40963.489407802,38965.67645492459,37065.29798949894,35257.602075498544,33538.06853155166,31902.397628133393,30346.49933600227,28866.48309899674,43125.0
Hasta Aquí Llegué,Nanpa Básico,79,-0.0712001428577529,0.0813026590148153,11,-0.4696813326779783,1.129610524786804,-0.5650131147040871,188887,670000,3.1481166666666667,59339.03084649877,56445.03216254514,53692.1754599021,51073.577162914036,48582.689411871535,46213.28368995149,43959.435248680784,41815.50829297903,39776.14188873527,37836.2365576804,35990.9415260352,34235.642595049314,32565.95060310089,30977.69045050634,29466.890659596407,28029.773443953356,41875.00000000001
Let It Happen,Gracie Abrams,68,-0.9106319109916992,-0.4493338025818971,7,0.3191892490177345,1.5123442862343437,-0.5343728047128155,260947,650000,4.349116666666666,57567.716492871936,54760.10582933483,52089.42395363637,49548.99276999123,47132.459877188805,44833.782684281294,42647.21330095897,40567.2841648304,38588.79436966855,36706.79666043621,34916.58506257146,33213.68311460008,31593.832674650115,30052.983272879283,28587.281983190544,27193.06378890997,40625.0
WYA REMIX RED,J Abdiel,81,0.5417182910178266,-0.6604472335397283,0,0.1578414796039729,0.4430571795097733,-0.6117395874407763,321742,640000,5.3623666666666665,56682.05931605853,53917.64266272968,51288.0482005035,48786.70057352982,46407.34510984743,44144.0321814462,41991.10232709806,39943.172100756085,37995.120610135185,36142.076711814116,34379.406830839594,32702.703374375462,31107.773710424728,29590.629684065756,28147.47764498761,26774.70896138828,40000.00000000001
Change My Mind,Riley Green,64,-1.0305507350108345,0.1725949534830669,11,0.0223626914020046,-0.9811858981407836,-0.396491409752093,199533,720000,3.32555,63767.31673056584,60657.3479955709,57699.05422556644,54885.03814522105,52208.26324857836,49662.03620412697,47239.99011798532,44936.068613350595,42744.510686402085,40659.83630079088,38676.83268469454,36790.5412961724,34996.24542422782,33289.45839457398,31665.912350611066,30121.547581561816,45000.00000000001
Heaven,TOMORROW X TOGETHER,72,0.6749614288168658,0.0984199642276124,4,0.1594416227717127,-0.2079847858391346,0.1090737051038888,154989,670000,2.58315,59339.03084649877,56445.03216254514,53692.1754599021,51073.577162914036,48582.689411871535,46213.28368995149,43959.435248680784,41815.50829297903,39776.14188873527,37836.2365576804,35990.9415260352,34235.642595049314,32565.95060310089,30977.69045050634,29466.890659596407,28029.773443953356,41875.00000000001
Everything is romantic featuring caroline polachek,Charli xcx,69,-0.3176999477859755,-1.1054971690724549,0,-1.304422685182232,-0.3303017611471113,1.181484554798396,203945,660000,3.399083333333333,58453.37366968535,55602.56899593998,52890.799706769234,50311.28496645263,47857.57464453017,45523.533187116394,43303.324274819875,41191.39622890471,39182.46812920191,37271.5166090583,35453.76329430333,33724.662854824695,32079.891638875502,30515.336861692813,29027.086321393475,27611.418616431663,41250.0
Aeterna,Luna Novina,69,-3.289021920704547,-3.6530086462090137,2,-7.904213180524968,2.8617767235029894,-0.5496929597084513,188531,610000,3.1421833333333336,54025.08778561828,51390.25316291423,48883.9209411049,46499.823984145616,44232.00080782334,42074.780672940906,40022.76940551534,38070.83590853315,36214.0993315351,34447.916865947824,32767.87213564399,31169.764153701613,29649.59681774857,28203.568917625173,26828.06463037882,25519.644478823204,38125.0
Cinderella,Remi Wolf,67,0.481758879008259,0.9999313721015958,1,0.5421425303894777,-0.6968581161829511,-0.6255277269368485,243953,650000,4.065883333333334,57567.716492871936,54760.10582933483,52089.42395363637,49548.99276999123,47132.459877188805,44833.782684281294,42647.21330095897,40567.2841648304,38588.79436966855,36706.79666043621,34916.58506257146,33213.68311460008,31593.832674650115,30052.983272879283,28587.281983190544,27193.06378890997,40625.0
Open Arms,Jorge Rivera-Herrans,67,-0.9772534798912188,0.0299507433764237,9,0.1141042330190856,1.7609239457311994,0.3158957975449724,198695,660000,3.311583333333333,58453.37366968535,55602.56899593998,52890.799706769234,50311.28496645263,47857.57464453017,45523.533187116394,43303.324274819875,41191.39622890471,39182.46812920191,37271.5166090583,35453.76329430333,33724.662854824695,32079.891638875502,30515.336861692813,29027.086321393475,27611.418616431663,41250.0
Snooze You Lose,BabyChiefDoit,63,0.6483128012570579,0.5777045101859327,11,0.187444128207159,-0.6029502448174724,0.2699353325580649,154622,660000,2.577033333333333,58453.37366968535,55602.56899593998,52890.799706769234,50311.28496645263,47857.57464453017,45523.533187116394,43303.324274819875,41191.39622890471,39182.46812920191,37271.5166090583,35453.76329430333,33724.662854824695,32079.891638875502,30515.336861692813,29027.086321393475,27611.418616431663,41250.0
Where You Are,John Summit,68,-0.5775240664941019,1.079812129761316,9,0.0412977188869255,-0.9513563390011608,2.514338039418712,236000,620000,3.933333333333333,54910.744962431694,52232.71632951938,49685.29669423777,47262.116180607016,44957.1155751647,42764.53117577601,40678.88037937625,38694.94797260746,36807.77309106846,35012.63681456992,33305.05036737586,31680.743893926232,30135.655781973957,28665.922506438703,27267.86896858175,25937.999306344896,38750.0
Seventh Heaven,INOHA,68,-1.4702530897476631,1.4792159180599167,7,-0.038442748972107,-0.9886432879256892,1.2504252522787571,234500,670000,3.908333333333333,59339.03084649877,56445.03216254514,53692.1754599021,51073.577162914036,48582.689411871535,46213.28368995149,43959.435248680784,41815.50829297903,39776.14188873527,37836.2365576804,35990.9415260352,34235.642595049314,32565.95060310089,30977.69045050634,29466.890659596407,28029.773443953356,41875.00000000001
Marble Floors,Summrs,65,0.0487186811613823,-1.0712625586468605,1,-1.242550482696294,-0.675945859114168,-0.1973293948088275,208212,650000,3.4702,57567.716492871936,54760.10582933483,52089.42395363637,49548.99276999123,47132.459877188805,44833.782684281294,42647.21330095897,40567.2841648304,38588.79436966855,36706.79666043621,34916.58506257146,33213.68311460008,31593.832674650115,30052.983272879283,28587.281983190544,27193.06378890997,40625.0
The Tortured Poets Department,Taylor Swift,69,-0.3176999477859755,-1.2253183055620347,0,-0.4971504570575116,-0.8026031141911374,-0.4118115647477289,293048,690000,4.884133333333334,61110.345200125594,58129.95849575544,55294.92696616783,52598.16155583684,50032.918946554266,47592.78469562168,45271.6571964026,43063.73242112766,40963.489407802,38965.67645492459,37065.29798949894,35257.602075498544,33538.06853155166,31902.397628133393,30346.49933600227,28866.48309899674,43125.0
Passport Junkie,Rod Wave,65,-1.6368070119964622,-0.1355165403472822,1,-0.0493770606183287,0.0129749114914038,1.6793895921565605,147750,660000,2.4625,58453.37366968535,55602.56899593998,52890.799706769234,50311.28496645263,47857.57464453017,45523.533187116394,43303.324274819875,41191.39622890471,39182.46812920191,37271.5166090583,35453.76329430333,33724.662854824695,32079.891638875502,30515.336861692813,29027.086321393475,27611.418616431663,41250.0
Pain Is Cold Water - Live From Fenway Park,Noah Kahan,66,-2.289698387211754,-2.2580623867341303,6,-2.278376493279846,2.411965911080108,2.322836101973264,140328,640000,2.3388,56682.05931605853,53917.64266272968,51288.0482005035,48786.70057352982,46407.34510984743,44144.0321814462,41991.10232709806,39943.172100756085,37995.120610135185,36142.076711814116,34379.406830839594,32702.703374375462,31107.773710424728,29590.629684065756,28147.47764498761,26774.70896138828,40000.00000000001
Free Now,Gracie Abrams,67,-0.4109701442453029,-1.504900957371055,0,-0.5544889205681872,0.6679625857212144,0.3924965725231515,214080,670000,3.568,59339.03084649877,56445.03216254514,53692.1754599021,51073.577162914036,48582.689411871535,46213.28368995149,43959.435248680784,41815.50829297903,39776.14188873527,37836.2365576804,35990.9415260352,34235.642595049314,32565.95060310089,30977.69045050634,29466.890659596407,28029.773443953356,41875.00000000001
Us Vs. Them,$uicideboy$,65,-0.0045785739582333,1.5020389916769796,6,0.5661446779055743,-0.8116782446172132,5.4787880310742425,184633,670000,3.0772166666666667,59339.03084649877,56445.03216254514,53692.1754599021,51073.577162914036,48582.689411871535,46213.28368995149,43959.435248680784,41815.50829297903,39776.14188873527,37836.2365576804,35990.9415260352,34235.642595049314,32565.95060310089,30977.69045050634,29466.890659596407,28029.773443953356,41875.00000000001
THINGS BEHIND THINGS BEHIND THINGS,Bon Iver,69,-1.590171913766799,-1.0027933377956717,9,-0.7214371910690377,1.895078047681884,-0.8323498193779322,200589,690000,3.34315,61110.345200125594,58129.95849575544,55294.92696616783,52598.16155583684,50032.918946554266,47592.78469562168,45271.6571964026,43063.73242112766,40963.489407802,38965.67645492459,37065.29798949894,35257.602075498544,33538.06853155166,31902.397628133393,30346.49933600227,28866.48309899674,43125.0
Straight and Narrow,Sam Barber,66,-1.4969017173074712,-2.0811835662018927,10,-0.6008930724326408,0.8613023208854355,-0.3428708672673677,199875,640000,3.33125,56682.05931605853,53917.64266272968,51288.0482005035,48786.70057352982,46407.34510984743,44144.0321814462,41991.10232709806,39943.172100756085,37995.120610135185,36142.076711814116,34379.406830839594,32702.703374375462,31107.773710424728,29590.629684065756,28147.47764498761,26774.70896138828,40000.00000000001
Different Beast,Jorge Rivera-Herrans,67,-0.5442132820443422,0.7260544886968416,6,0.7613621443698279,-0.0896135194120604,-0.5420328822106334,210698,700000,3.511633333333333,61996.00237693901,58972.42166236059,56096.3027193007,53360.45375229824,50758.03371389563,48282.53519845678,45927.7681702635,43687.84448520197,41557.16316733536,39530.396403546685,37602.476221230805,35768.58181572316,34024.127495777044,32364.751216946923,30786.303674205203,29284.83792651843,43750.00000000001
Girls,The Dare,67,1.8008659432187464,1.1254582769954418,2,1.2472722863068086,-0.6514824640525727,-0.9610391213412732,119559,650000,1.99265,57567.716492871936,54760.10582933483,52089.42395363637,49548.99276999123,47132.459877188805,44833.782684281294,42647.21330095897,40567.2841648304,38588.79436966855,36706.79666043621,34916.58506257146,33213.68311460008,31593.832674650115,30052.983272879283,28587.281983190544,27193.06378890997,40625.0
Hide My Gun (Feat. HARDY),Post Malone,66,-0.9705913230012668,0.0470680485892209,7,0.4223984833369504,-0.8546864714190501,0.5227178899860558,220479,670000,3.67465,59339.03084649877,56445.03216254514,53692.1754599021,51073.577162914036,48582.689411871535,46213.28368995149,43959.435248680784,41815.50829297903,39776.14188873527,37836.2365576804,35990.9415260352,34235.642595049314,32565.95060310089,30977.69045050634,29466.890659596407,28029.773443953356,41875.00000000001
Done For,Jorge Rivera-Herrans,67,-0.1244973979773686,-0.4835684130074908,11,0.0538321737008871,1.0230763850024371,-0.488412339725908,147000,630000,2.45,55796.40213924511,53075.17949612453,50486.672447370634,48024.40837706842,45682.23034250607,43454.2816786111,41334.99135323716,39319.060036681774,37401.446850601824,35577.356763192016,33842.22859910772,32191.723634150847,30621.71474619934,29128.27609525223,27707.67330678468,26356.35413386659,39375.000000000015
Nobody's Soldier,Hozier,64,-0.0445515152979451,0.9885198352930644,7,1.0587220830414708,-0.9403083541346338,1.212124864789668,237200,740000,3.953333333333333,65538.63108419268,62342.2743287812,59301.80573183217,56409.622538143856,53658.4927832611,51041.53720979716,48552.212065707135,46184.29274149922,43931.85820546881,41789.27619803507,39751.18914815828,37812.50077662163,35968.36335267859,34214.16557220103,32545.521027016926,30958.2572366052,46250.0
Scared Love,Rod Wave,64,-1.1171587745802098,-0.9514414221572804,2,-0.9054536553591126,-0.3934331032415509,1.441927189724205,185884,690000,3.0980666666666665,61110.345200125594,58129.95849575544,55294.92696616783,52598.16155583684,50032.918946554266,47592.78469562168,45271.6571964026,43063.73242112766,40963.489407802,38965.67645492459,37065.29798949894,35257.602075498544,33538.06853155166,31902.397628133393,30346.49933600227,28866.48309899674,43125.0
Somebody (2024),Gotye,77,1.3078663333623013,-0.078458856304625,0,0.1010363971492106,-0.9300495110442872,-1.0016375320797075,153519,660000,2.55865,58453.37366968535,55602.56899593998,52890.799706769234,50311.28496645263,47857.57464453017,45523.533187116394,43303.324274819875,41191.39622890471,39182.46812920191,37271.5166090583,35453.76329430333,33724.662854824695,32079.891638875502,30515.336861692813,29027.086321393475,27611.418616431663,41250.0
There's the Sun,Zach Top,63,-0.051213672187897,-1.1054971690724549,5,-0.1779218950934247,1.5833670460905884,-0.5573530372062692,205119,790000,3.41865,69966.91696825974,66554.59016180695,63308.684497496506,60221.08352045088,57284.066619967925,54490.28972397265,51832.76693501167,49304.853061870795,46900.227003135624,44612.87594114555,42437.080306817625,40367.399477744715,38398.658173805525,36525.93351626867,34744.54271803158,33050.03137421366,49375.0
Apply Pressure,Rod Wave,64,-0.564199752714198,-0.1526338455600794,8,-1.0758689027234,-0.9233418059467532,-0.6515719904294294,175610,650000,2.926833333333333,57567.716492871936,54760.10582933483,52089.42395363637,49548.99276999123,47132.459877188805,44833.782684281294,42647.21330095897,40567.2841648304,38588.79436966855,36706.79666043621,34916.58506257146,33213.68311460008,31593.832674650115,30052.983272879283,28587.281983190544,27193.06378890997,40625.0
The Great American Bar Scene,Zach Bryan,64,-1.7300772084557896,-1.3565509788601462,11,-0.7206371194851678,1.0191306761215346,1.4495872672220227,216720,670000,3.612,59339.03084649877,56445.03216254514,53692.1754599021,51073.577162914036,48582.689411871535,46213.28368995149,43959.435248680784,41815.50829297903,39776.14188873527,37836.2365576804,35990.9415260352,34235.642595049314,32565.95060310089,30977.69045050634,29466.890659596407,28029.773443953356,41875.00000000001
Take Me As I Come,Evan Honer,64,-0.9439426954414588,-1.3964913576900062,2,-0.3005995379534747,1.2874388800229026,-0.572673192201905,190759,690000,3.179316666666667,61110.345200125594,58129.95849575544,55294.92696616783,52598.16155583684,50032.918946554266,47592.78469562168,45271.6571964026,43063.73242112766,40963.489407802,38965.67645492459,37065.29798949894,35257.602075498544,33538.06853155166,31902.397628133393,30346.49933600227,28866.48309899674,43125.0
B2b,Charli xcx,69,0.7815559390560972,0.7317602571011074,1,0.9219098421997194,-0.9900913630849804,-0.9656351678399636,178579,640000,2.9763166666666665,56682.05931605853,53917.64266272968,51288.0482005035,48786.70057352982,46407.34510984743,44144.0321814462,41991.10232709806,39943.172100756085,37995.120610135185,36142.076711814116,34379.406830839594,32702.703374375462,31107.773710424728,29590.629684065756,28147.47764498761,26774.70896138828,40000.00000000001
Baja Pa' Acá,Rauw Alejandro,0,0.9081369199651844,0.8059352463565618,8,1.0464543187554658,0.5653741548177501,0.3005756425493365,200000,770000,3.333333333333333,68195.60261463291,64869.66382859665,61705.93299123077,58696.49912752807,55833.837085285195,53110.78871830246,50520.54498728985,48056.62893372217,45712.87948406889,43483.436043901354,41362.72384335389,39345.43999729548,37426.54024535475,35601.226338641616,33864.93404162572,32213.321719170275,48125.00000000001
Khé?,Rauw Alejandro,0,0.2352590740800371,-0.0898703931131564,7,0.4271989128401699,0.2931202420354795,-0.6929364089176462,206066,660000,3.434433333333333,58453.37366968535,55602.56899593998,52890.799706769234,50311.28496645263,47857.57464453017,45523.533187116394,43303.324274819875,41191.39622890471,39182.46812920191,37271.5166090583,35453.76329430333,33724.662854824695,32079.891638875502,30515.336861692813,29027.086321393475,27611.418616431663,41250.0
Khé?,Rauw Alejandro,0,0.2352590740800371,-0.0898703931131564,7,0.4271989128401699,0.2931202420354795,-0.6929364089176462,206066,640000,3.434433333333333,56682.05931605853,53917.64266272968,51288.0482005035,48786.70057352982,46407.34510984743,44144.0321814462,41991.10232709806,39943.172100756085,37995.120610135185,36142.076711814116,34379.406830839594,32702.703374375462,31107.773710424728,29590.629684065756,28147.47764498761,26774.70896138828,40000.00000000001
Khé?,Rauw Alejandro,0,0.2352590740800371,-0.0898703931131564,7,0.4271989128401699,0.2931202420354795,-0.6929364089176462,206066,670000,3.434433333333333,59339.03084649877,56445.03216254514,53692.1754599021,51073.577162914036,48582.689411871535,46213.28368995149,43959.435248680784,41815.50829297903,39776.14188873527,37836.2365576804,35990.9415260352,34235.642595049314,32565.95060310089,30977.69045050634,29466.890659596407,28029.773443953356,41875.00000000001
Khé?,Rauw Alejandro,0,0.2352590740800371,-0.0898703931131564,7,0.4271989128401699,0.2931202420354795,-0.6929364089176462,206066,570000,3.434433333333333,50482.45907836462,48020.400496493625,45678.41792857343,43450.6551983,41331.54173845787,39315.77866160052,37398.325510071714,35574.38765223589,33839.404293401654,32189.037071459443,30619.15920871651,29125.845192803146,27705.360960847025,26354.154562371066,25068.847277567093,23846.225168736437,35625.0
Touching The Sky,Rauw Alejandro,0,0.8281910372857609,0.8287583199736247,5,0.7789637192149654,-0.8428493447763427,0.83678106739659,185613,680000,3.09355,60224.688023312185,57287.49532915029,54493.55121303497,51835.869359375436,49307.8041792129,46903.03419278659,44615.54622254169,42439.62035705334,40369.81564826864,38400.95650630249,36528.11975776707,34746.62233527393,33052.00956732628,31440.044039319866,29906.69499779934,28448.12827147505,42500.00000000001
Touching The Sky,Rauw Alejandro,0,0.8281910372857609,0.8287583199736247,5,0.7789637192149654,-0.8428493447763427,0.83678106739659,185613,580000,3.09355,51368.116255178036,48862.863663098775,46479.793681706295,44212.9473947614,42056.65650579924,40005.52916443562,38054.436483932615,36198.4997163102,34433.078052935016,32753.75702008154,31156.33744044838,29636.824933027765,28191.41992507241,26816.508151184593,25508.651615770024,24264.57999625813,36250.00000000001
Touching The Sky,Rauw Alejandro,0,0.8281910372857609,0.8287583199736247,5,0.7789637192149654,-0.8428493447763427,0.83678106739659,185613,700000,3.09355,61996.00237693901,58972.42166236059,56096.3027193007,53360.45375229824,50758.03371389563,48282.53519845678,45927.7681702635,43687.84448520197,41557.16316733536,39530.396403546685,37602.476221230805,35768.58181572316,34024.127495777044,32364.751216946923,30786.303674205203,29284.83792651843,43750.00000000001
Touching The Sky,Rauw Alejandro,0,0.8281910372857609,0.8287583199736247,5,0.7789637192149654,-0.8428493447763427,0.83678106739659,185613,640000,3.09355,56682.05931605853,53917.64266272968,51288.0482005035,48786.70057352982,46407.34510984743,44144.0321814462,41991.10232709806,39943.172100756085,37995.120610135185,36142.076711814116,34379.406830839594,32702.703374375462,31107.773710424728,29590.629684065756,28147.47764498761,26774.70896138828,40000.00000000001
Ni Me Conozco,Rauw Alejandro,0,-0.6574699491735247,-0.6148010863056025,5,-0.0277751278538418,0.3286316219636017,-0.0824282323415587,229787,690000,3.829783333333333,61110.345200125594,58129.95849575544,55294.92696616783,52598.16155583684,50032.918946554266,47592.78469562168,45271.6571964026,43063.73242112766,40963.489407802,38965.67645492459,37065.29798949894,35257.602075498544,33538.06853155166,31902.397628133393,30346.49933600227,28866.48309899674,43125.0
IL Capo,Rauw Alejandro,0,0.974758488864704,-0.6033895494970711,8,0.3997297884606368,-0.2632247101717693,-0.312230557276096,249600,720000,4.16,63767.31673056584,60657.3479955709,57699.05422556644,54885.03814522105,52208.26324857836,49662.03620412697,47239.99011798532,44936.068613350595,42744.510686402085,40659.83630079088,38676.83268469454,36790.5412961724,34996.24542422782,33289.45839457398,31665.912350611066,30121.547581561816,45000.00000000001
Baja Pa' Acá,Rauw Alejandro,0,0.9081369199651844,0.8059352463565618,8,1.0464543187554658,0.5653741548177501,0.3005756425493365,200000,680000,3.333333333333333,60224.688023312185,57287.49532915029,54493.55121303497,51835.869359375436,49307.8041792129,46903.03419278659,44615.54622254169,42439.62035705334,40369.81564826864,38400.95650630249,36528.11975776707,34746.62233527393,33052.00956732628,31440.044039319866,29906.69499779934,28448.12827147505,42500.00000000001
Revolú,Rauw Alejandro,0,0.5084075065680668,0.2581814795470521,9,0.806699534122455,-0.7505197569632248,-0.580333269699723,215512,670000,3.5918666666666668,59339.03084649877,56445.03216254514,53692.1754599021,51073.577162914036,48582.689411871535,46213.28368995149,43959.435248680784,41815.50829297903,39776.14188873527,37836.2365576804,35990.9415260352,34235.642595049314,32565.95060310089,30977.69045050634,29466.890659596407,28029.773443953356,41875.00000000001
Committed,Rauw Alejandro,0,0.6483128012570579,-0.0214011722619677,8,0.3122552952908621,-0.4841844075023078,-0.4577720297346364,159344,650000,2.655733333333333,57567.716492871936,54760.10582933483,52089.42395363637,49548.99276999123,47132.459877188805,44833.782684281294,42647.21330095897,40567.2841648304,38588.79436966855,36706.79666043621,34916.58506257146,33213.68311460008,31593.832674650115,30052.983272879283,28587.281983190544,27193.06378890997,40625.0
Tú Con Él,Rauw Alejandro,0,0.5617047616876825,1.3993351604001965,7,0.54907648411635,-0.0343735950794258,0.4537771925056946,289132,690000,4.818866666666667,61110.345200125594,58129.95849575544,55294.92696616783,52598.16155583684,50032.918946554266,47592.78469562168,45271.6571964026,43063.73242112766,40963.489407802,38965.67645492459,37065.29798949894,35257.602075498544,33538.06853155166,31902.397628133393,30346.49933600227,28866.48309899674,43125.0
SEXXXMACHINE,Rauw Alejandro,0,1.3145284902522532,1.0455775193357215,2,0.8184339173525468,-0.7157975188112831,-1.000871524329926,236353,730000,3.939216666666667,64652.97390737925,61499.81116217605,58500.42997869931,55647.33034168246,52933.378015919734,50351.78670696207,47896.10109184623,45560.18067742491,43338.18444593545,41224.55624941297,39214.010916426414,37301.52103639701,35482.30438845321,33751.8119833875,32105.716688813995,30539.90240908351,45625.0
Mil Mujeres,Rauw Alejandro,0,0.0420565242714303,1.1939274978466303,7,0.2919868151661581,-0.7832691406747153,-0.3275507122717319,168923,640000,2.815383333333333,56682.05931605853,53917.64266272968,51288.0482005035,48786.70057352982,46407.34510984743,44144.0321814462,41991.10232709806,39943.172100756085,37995.120610135185,36142.076711814116,34379.406830839594,32702.703374375462,31107.773710424728,29590.629684065756,28147.47764498761,26774.70896138828,40000.00000000001
Pasaporte,Rauw Alejandro,0,0.981420645754656,0.6518794994413871,2,0.7930983171966668,-0.865734456285577,1.1661643998027604,263451,670000,4.39085,59339.03084649877,56445.03216254514,53692.1754599021,51073.577162914036,48582.689411871535,46213.28368995149,43959.435248680784,41815.50829297903,39776.14188873527,37836.2365576804,35990.9415260352,34235.642595049314,32565.95060310089,30977.69045050634,29466.890659596407,28029.773443953356,41875.00000000001
Déjame Entrar,Rauw Alejandro,0,0.1553131914006136,0.3095333951854436,0,0.2085126799157328,0.3601972930108216,-0.6140376106901217,254706,710000,4.2451,62881.659553752426,59814.88482896574,56897.67847243357,54122.74594875965,51483.148481236996,48972.285701291876,46583.87914412441,44311.956549276285,42150.836926868724,40095.116352168785,38139.65445296268,36279.56155594778,34510.186460002435,32827.10480576045,31226.108012408135,29703.192754040123,44375.0
Cosa Nuestra,Rauw Alejandro,0,0.2419212309699884,0.2068295639086612,6,0.5600107957625717,0.3562515841299191,3.226725246715777,260455,750000,4.340916666666667,66424.28826100608,63184.73749538635,60103.18148496504,57171.91473460526,54383.607550602464,51731.287712632264,49208.323039568044,46808.40480557354,44525.53196500217,42353.99614665716,40288.36737989015,38323.48051684625,36454.422316903976,34676.519161014556,32985.32536521986,31376.61206412689,46875.00000000001
Committed,Rauw Alejandro,0,0.6483128012570579,-0.0214011722619677,8,0.3122552952908621,-0.4841844075023078,-0.4577720297346364,159344,690000,2.655733333333333,61110.345200125594,58129.95849575544,55294.92696616783,52598.16155583684,50032.918946554266,47592.78469562168,45271.6571964026,43063.73242112766,40963.489407802,38965.67645492459,37065.29798949894,35257.602075498544,33538.06853155166,31902.397628133393,30346.49933600227,28866.48309899674,43125.0
Se Fue,Rauw Alejandro,0,0.7748937821661452,-0.1982799927942052,8,0.7997655803955827,0.4036000907007486,-0.5420328822106334,241087,670000,4.018116666666667,59339.03084649877,56445.03216254514,53692.1754599021,51073.577162914036,48582.689411871535,46213.28368995149,43959.435248680784,41815.50829297903,39776.14188873527,37836.2365576804,35990.9415260352,34235.642595049314,32565.95060310089,30977.69045050634,29466.890659596407,28029.773443953356,41875.00000000001
Revolú,Rauw Alejandro,0,0.5084075065680668,0.2581814795470521,9,0.806699534122455,-0.7505197569632248,-0.580333269699723,215512,640000,3.5918666666666668,56682.05931605853,53917.64266272968,51288.0482005035,48786.70057352982,46407.34510984743,44144.0321814462,41991.10232709806,39943.172100756085,37995.120610135185,36142.076711814116,34379.406830839594,32702.703374375462,31107.773710424728,29590.629684065756,28147.47764498761,26774.70896138828,40000.00000000001
Espresso Martini,Rauw Alejandro,0,1.414460843601533,-0.4265107289648342,8,0.266117833954365,1.1256648159059015,-0.4577720297346364,191219,680000,3.186983333333333,60224.688023312185,57287.49532915029,54493.55121303497,51835.869359375436,49307.8041792129,46903.03419278659,44615.54622254169,42439.62035705334,40369.81564826864,38400.95650630249,36528.11975776707,34746.62233527393,33052.00956732628,31440.044039319866,29906.69499779934,28448.12827147505,42500.00000000001
Se Fue,Rauw Alejandro,0,0.2485833878599403,0.571998741781667,8,1.0027170721705785,-0.7193486568040952,-0.6370178431835753,240179,650000,4.002983333333333,57567.716492871936,54760.10582933483,52089.42395363637,49548.99276999123,47132.459877188805,44833.782684281294,42647.21330095897,40567.2841648304,38588.79436966855,36706.79666043621,34916.58506257146,33213.68311460008,31593.832674650115,30052.983272879283,28587.281983190544,27193.06378890997,40625.0
Espresso Martini,Rauw Alejandro,0,1.414460843601533,-0.4265107289648342,8,0.266117833954365,1.1256648159059015,-0.4577720297346364,191219,700000,3.186983333333333,61996.00237693901,58972.42166236059,56096.3027193007,53360.45375229824,50758.03371389563,48282.53519845678,45927.7681702635,43687.84448520197,41557.16316733536,39530.396403546685,37602.476221230805,35768.58181572316,34024.127495777044,32364.751216946923,30786.303674205203,29284.83792651843,43750.00000000001
Amar De Nuevo,Rauw Alejandro,0,0.3751643687690276,-1.0940856322639232,11,-0.0664452544075531,0.2418260265837472,0.2086547125755215,268042,640000,4.467366666666667,56682.05931605853,53917.64266272968,51288.0482005035,48786.70057352982,46407.34510984743,44144.0321814462,41991.10232709806,39943.172100756085,37995.120610135185,36142.076711814116,34379.406830839594,32702.703374375462,31107.773710424728,29590.629684065756,28147.47764498761,26774.70896138828,40000.00000000001
My Baby (feat. STAR BANDZ),Sugarhill Ddot,67,1.0347179008742715,-1.1340260110937832,3,0.4087972664111624,-0.9621675813348336,-0.3658510997608214,178921,680000,2.9820166666666665,60224.688023312185,57287.49532915029,54493.55121303497,51835.869359375436,49307.8041792129,46903.03419278659,44615.54622254169,42439.62035705334,40369.81564826864,38400.95650630249,36528.11975776707,34746.62233527393,33052.00956732628,31440.044039319866,29906.69499779934,28448.12827147505,42500.00000000001
Tell Ur Girlfriend,Lay Bankz,70,1.4344473142713885,0.571998741781667,7,0.5053392375314625,-0.6211005056696237,-1.000871524329926,124444,710000,2.0740666666666665,62881.659553752426,59814.88482896574,56897.67847243357,54122.74594875965,51483.148481236996,48972.285701291876,46583.87914412441,44311.956549276285,42150.836926868724,40095.116352168785,38139.65445296268,36279.56155594778,34510.186460002435,32827.10480576045,31226.108012408135,29703.192754040123,44375.0
Modo Capone (with Drake & Fuerza Regida),Chino Pacas,70,0.3751643687690276,0.3608853108238352,5,0.1882441997910287,0.0721605447049409,-0.5267127272149975,212167,760000,3.5361166666666666,67309.9454378195,64027.2006619915,60904.55723809791,57934.20693106666,55108.72231794383,52421.03821546736,49864.43401342895,47432.51686964785,45119.20572453553,42918.71609527926,40825.545611622016,38834.46025707087,36940.48128112937,35138.872749828086,33425.12970342279,31794.966891648583,47500.0
All My Life,Falling In Reverse,67,-0.4043079873553509,1.5819197493366997,5,0.6522857184355659,-0.9894995067528448,-0.3888313322542752,190231,660000,3.170516666666667,58453.37366968535,55602.56899593998,52890.799706769234,50311.28496645263,47857.57464453017,45523.533187116394,43303.324274819875,41191.39622890471,39182.46812920191,37271.5166090583,35453.76329430333,33724.662854824695,32079.891638875502,30515.336861692813,29027.086321393475,27611.418616431663,41250.0
La Diabla,Xavi,71,0.6616371150369619,1.0056371405058615,11,0.588013301198018,0.0129749114914038,0.4307969600122409,172264,690000,2.8710666666666667,61110.345200125594,58129.95849575544,55294.92696616783,52598.16155583684,50032.918946554266,47592.78469562168,45271.6571964026,43063.73242112766,40963.489407802,38965.67645492459,37065.29798949894,35257.602075498544,33538.06853155166,31902.397628133393,30346.49933600227,28866.48309899674,43125.0
Tobey (feat. Big Sean and BabyTron),Eminem,69,0.102015936280998,0.0984199642276124,10,-0.6606317506949261,0.0445405825386236,-0.2662700922891887,284904,680000,4.7484,60224.688023312185,57287.49532915029,54493.55121303497,51835.869359375436,49307.8041792129,46903.03419278659,44615.54622254169,42439.62035705334,40369.81564826864,38400.95650630249,36528.11975776707,34746.62233527393,33052.00956732628,31440.044039319866,29906.69499779934,28448.12827147505,42500.00000000001
life force,ptasinski,73,-0.9372805385515072,0.0128334381636265,11,-0.3072668011523906,-0.9489889136726192,0.9823225398551304,109440,750000,1.824,66424.28826100608,63184.73749538635,60103.18148496504,57171.91473460526,54383.607550602464,51731.287712632264,49208.323039568044,46808.40480557354,44525.53196500217,42353.99614665716,40288.36737989015,38323.48051684625,36454.422316903976,34676.519161014556,32985.32536521986,31376.61206412689,46875.00000000001
how could u love somebody like me?,Artemas,72,-1.08384799013045,1.2395736450807562,6,0.6261500466958161,-0.6826535642117023,-0.0747681548437408,126448,670000,2.107466666666667,59339.03084649877,56445.03216254514,53692.1754599021,51073.577162914036,48582.689411871535,46213.28368995149,43959.435248680784,41815.50829297903,39776.14188873527,37836.2365576804,35990.9415260352,34235.642595049314,32565.95060310089,30977.69045050634,29466.890659596407,28029.773443953356,41875.00000000001
Soup,Remi Wolf,65,-0.0112407308481853,0.2467699427385213,6,0.5242742650163834,-0.9525400516654314,-0.9028225323578568,213117,640000,3.55195,56682.05931605853,53917.64266272968,51288.0482005035,48786.70057352982,46407.34510984743,44144.0321814462,41991.10232709806,39943.172100756085,37995.120610135185,36142.076711814116,34379.406830839594,32702.703374375462,31107.773710424728,29590.629684065756,28147.47764498761,26774.70896138828,40000.00000000001
Third Time's the Charm,Megan Moroney,64,-1.410293677738096,0.3894141528451638,0,0.2946537204457243,-0.6858101313164242,-0.5496929597084513,231819,670000,3.86365,59339.03084649877,56445.03216254514,53692.1754599021,51073.577162914036,48582.689411871535,46213.28368995149,43959.435248680784,41815.50829297903,39776.14188873527,37836.2365576804,35990.9415260352,34235.642595049314,32565.95060310089,30977.69045050634,29466.890659596407,28029.773443953356,41875.00000000001
Qué Pasaría...,Rauw Alejandro,0,0.9481098613048962,0.7831121727394988,11,0.7552282622268253,0.7587138899819713,-0.572673192201905,191019,660000,3.18365,58453.37366968535,55602.56899593998,52890.799706769234,50311.28496645263,47857.57464453017,45523.533187116394,43303.324274819875,41191.39622890471,39182.46812920191,37271.5166090583,35453.76329430333,33724.662854824695,32079.891638875502,30515.336861692813,29027.086321393475,27611.418616431663,41250.0
Khé?,Rauw Alejandro,0,0.2352590740800371,-0.0898703931131564,7,0.4271989128401699,0.2931202420354795,-0.6929364089176462,206066,650000,3.434433333333333,57567.716492871936,54760.10582933483,52089.42395363637,49548.99276999123,47132.459877188805,44833.782684281294,42647.21330095897,40567.2841648304,38588.79436966855,36706.79666043621,34916.58506257146,33213.68311460008,31593.832674650115,30052.983272879283,28587.281983190544,27193.06378890997,40625.0
Never Stop,ian,64,-0.2644026926663598,0.7545833307181702,9,0.3031878173403365,-0.7197432276921855,1.1125438573180348,127872,670000,2.1312,59339.03084649877,56445.03216254514,53692.1754599021,51073.577162914036,48582.689411871535,46213.28368995149,43959.435248680784,41815.50829297903,39776.14188873527,37836.2365576804,35990.9415260352,34235.642595049314,32565.95060310089,30977.69045050634,29466.890659596407,28029.773443953356,41875.00000000001
Now or Never (feat. Lauren Alaina),Corey Kent,64,-1.1571317159199217,0.7146429518883102,7,0.4781368036798863,-0.5907185472866747,-0.6033135021931766,174947,650000,2.915783333333333,57567.716492871936,54760.10582933483,52089.42395363637,49548.99276999123,47132.459877188805,44833.782684281294,42647.21330095897,40567.2841648304,38588.79436966855,36706.79666043621,34916.58506257146,33213.68311460008,31593.832674650115,30052.983272879283,28587.281983190544,27193.06378890997,40625.0
BROTHER STONE (FEAT. KODAK BLACK),Don Toliver,67,1.181285352453214,-0.7060933807738541,1,-0.0653784922957267,-0.7008038250638536,-0.6347198199342301,202840,700000,3.3806666666666665,61996.00237693901,58972.42166236059,56096.3027193007,53360.45375229824,50758.03371389563,48282.53519845678,45927.7681702635,43687.84448520197,41557.16316733536,39530.396403546685,37602.476221230805,35768.58181572316,34024.127495777044,32364.751216946923,30786.303674205203,29284.83792651843,43750.00000000001
it boy,bbno$,71,0.6283263305872021,1.553390907315371,9,0.1738429112813709,-0.9859996629754844,0.9899826173529483,146432,600000,2.440533333333333,53139.43060880487,50547.789996309075,48082.54518797203,45737.53178768421,43506.88604048197,41385.03017010581,39366.65843165443,37446.72384445883,35620.42557200174,33883.19691732573,32230.69390391212,30658.784413477,29163.537853523183,27741.215328811646,26388.260292175888,25101.28965130151,37500.0
Second Nature,Clairo,67,0.7349208408264335,-1.504900957371055,2,-0.6054268114079033,0.7666053077437762,0.0707733176147993,227410,650000,3.7901666666666665,57567.716492871936,54760.10582933483,52089.42395363637,49548.99276999123,47132.459877188805,44833.782684281294,42647.21330095897,40567.2841648304,38588.79436966855,36706.79666043621,34916.58506257146,33213.68311460008,31593.832674650115,30052.983272879283,28587.281983190544,27193.06378890997,40625.0
TRAQUETO,iZaak,74,0.8548396648455687,-0.2496319084325967,8,0.5624110105141815,-0.4605101542168929,-0.4654321072324543,202200,740000,3.37,65538.63108419268,62342.2743287812,59301.80573183217,56409.622538143856,53658.4927832611,51041.53720979716,48552.212065707135,46184.29274149922,43931.85820546881,41789.27619803507,39751.18914815828,37812.50077662163,35968.36335267859,34214.16557220103,32545.521027016926,30958.2572366052,46250.0
Purple Gas,Zach Bryan,65,-0.8773211265419394,-1.9100105140739208,0,-0.6259619820605639,2.3843459489137904,-0.6531040059289931,180153,730000,3.00255,64652.97390737925,61499.81116217605,58500.42997869931,55647.33034168246,52933.378015919734,50351.78670696207,47896.10109184623,45560.18067742491,43338.18444593545,41224.55624941297,39214.010916426414,37301.52103639701,35482.30438845321,33751.8119833875,32105.716688813995,30539.90240908351,45625.0
My Way,Calvin Harris,75,1.1080016266637425,1.5419793705068396,4,0.9379112738771171,-0.6262299272147969,-0.1437088523241021,219160,680000,3.6526666666666663,60224.688023312185,57287.49532915029,54493.55121303497,51835.869359375436,49307.8041792129,46903.03419278659,44615.54622254169,42439.62035705334,40369.81564826864,38400.95650630249,36528.11975776707,34746.62233527393,33052.00956732628,31440.044039319866,29906.69499779934,28448.12827147505,42500.00000000001
Misery in Waking Hours,$uicideboy$,65,1.2212582937929255,0.4578833736963525,2,0.1135708519631724,-0.8976946982208871,0.7525202149205934,219535,660000,3.658916666666667,58453.37366968535,55602.56899593998,52890.799706769234,50311.28496645263,47857.57464453017,45523.533187116394,43303.324274819875,41191.39622890471,39182.46812920191,37271.5166090583,35453.76329430333,33724.662854824695,32079.891638875502,30515.336861692813,29027.086321393475,27611.418616431663,41250.0
Forever (feat. Malou & Yuna),HUGEL,68,-0.7307536749629963,1.730269727847608,9,0.1415733573986184,-0.8700747360545698,-0.5573530372062692,140500,640000,2.341666666666667,56682.05931605853,53917.64266272968,51288.0482005035,48786.70057352982,46407.34510984743,44144.0321814462,41991.10232709806,39943.172100756085,37995.120610135185,36142.076711814116,34379.406830839594,32702.703374375462,31107.773710424728,29590.629684065756,28147.47764498761,26774.70896138828,40000.00000000001
R0T,TWXN,67,0.2619077016398443,-0.2211030664112681,1,-0.5931590471218985,-0.9858023775314392,0.3771764175275157,85584,670000,1.4264,59339.03084649877,56445.03216254514,53692.1754599021,51073.577162914036,48582.689411871535,46213.28368995149,43959.435248680784,41815.50829297903,39776.14188873527,37836.2365576804,35990.9415260352,34235.642595049314,32565.95060310089,30977.69045050634,29466.890659596407,28029.773443953356,41875.00000000001
Your face,Wisp,67,-0.9306183816615552,0.7260544886968416,4,0.1719760775856743,-0.9734917658230235,-0.0441278448524694,229728,670000,3.8288,59339.03084649877,56445.03216254514,53692.1754599021,51073.577162914036,48582.689411871535,46213.28368995149,43959.435248680784,41815.50829297903,39776.14188873527,37836.2365576804,35990.9415260352,34235.642595049314,32565.95060310089,30977.69045050634,29466.890659596407,28029.773443953356,41875.00000000001
All to Myself,Future,69,0.5483804479077786,-0.5919780126885397,4,-0.1779218950934247,-0.7473631898585028,0.9899826173529483,254320,690000,4.238666666666667,61110.345200125594,58129.95849575544,55294.92696616783,52598.16155583684,50032.918946554266,47592.78469562168,45271.6571964026,43063.73242112766,40963.489407802,38965.67645492459,37065.29798949894,35257.602075498544,33538.06853155166,31902.397628133393,30346.49933600227,28866.48309899674,43125.0
Herida Abierta,Ivan Cornejo,67,0.6549749581470099,0.0641853538020181,7,0.1191713530502616,1.4334301086162942,1.1508442448071246,216568,580000,3.6094666666666666,51368.116255178036,48862.863663098775,46479.793681706295,44212.9473947614,42056.65650579924,40005.52916443562,38054.436483932615,36198.4997163102,34433.078052935016,32753.75702008154,31156.33744044838,29636.824933027765,28191.41992507241,26816.508151184593,25508.651615770024,24264.57999625813,36250.00000000001
APAGA EL CEL,FloyyMenor,75,0.2952184860896041,-0.8373260540719658,9,-0.2547287671449343,0.0839976713476484,-0.8974604781093843,184806,730000,3.0801,64652.97390737925,61499.81116217605,58500.42997869931,55647.33034168246,52933.378015919734,50351.78670696207,47896.10109184623,45560.18067742491,43338.18444593545,41224.55624941297,39214.010916426414,37301.52103639701,35482.30438845321,33751.8119833875,32105.716688813995,30539.90240908351,45625.0
Good Times (Bonus Track),Koe Wetzel,64,-0.3443485753457833,1.5020389916769796,9,0.5656112968496609,-0.9837111518245608,1.962812459575823,211278,690000,3.5213,61110.345200125594,58129.95849575544,55294.92696616783,52598.16155583684,50032.918946554266,47592.78469562168,45271.6571964026,43063.73242112766,40963.489407802,38965.67645492459,37065.29798949894,35257.602075498544,33538.06853155166,31902.397628133393,30346.49933600227,28866.48309899674,43125.0
GATITAS SANDUNGUERAS - VOL.1,Alvaro Diaz,74,0.7815559390560972,1.1368698138039732,1,0.9101754589696276,-0.3263560522662088,0.6605992849467783,131853,690000,2.19755,61110.345200125594,58129.95849575544,55294.92696616783,52598.16155583684,50032.918946554266,47592.78469562168,45271.6571964026,43063.73242112766,40963.489407802,38965.67645492459,37065.29798949894,35257.602075498544,33538.06853155166,31902.397628133393,30346.49933600227,28866.48309899674,43125.0
Blessed - Lost Tapes 2019,Tory Lanez,58,1.960757708577593,-1.5847817150307753,5,-1.2793537755543087,-0.9493834845607094,-0.5879933471975408,139065,680000,2.31775,60224.688023312185,57287.49532915029,54493.55121303497,51835.869359375436,49307.8041792129,46903.03419278659,44615.54622254169,42439.62035705334,40369.81564826864,38400.95650630249,36528.11975776707,34746.62233527393,33052.00956732628,31440.044039319866,29906.69499779934,28448.12827147505,42500.00000000001
HOT ONE (with TiaCorine & A$AP Ferg),Denzel Curry,66,0.9081369199651844,0.4122372264622267,5,0.3642599482424049,1.7609239457311994,-0.2126495498044633,165271,650000,2.7545166666666665,57567.716492871936,54760.10582933483,52089.42395363637,49548.99276999123,47132.459877188805,44833.782684281294,42647.21330095897,40567.2841648304,38588.79436966855,36706.79666043621,34916.58506257146,33213.68311460008,31593.832674650115,30052.983272879283,28587.281983190544,27193.06378890997,40625.0
Whatever,Kygo,75,-0.4775917131448225,0.7260544886968416,0,0.2274477074006535,-0.5315329140731375,1.181484554798396,178273,560000,2.971216666666667,49596.80190155121,47177.937329888475,44877.04217544056,42688.363001838596,40606.4269711165,38626.028158765424,36742.214536210806,34950.275588161574,33245.730533868285,31624.31712283735,30081.980976984643,28614.86545257853,27219.301996621638,25891.800973557536,24629.04293936416,23427.870341214744,35000.00000000001
Yours,Post Malone,68,-0.9172940678816512,0.1668891850788011,5,0.3647933292983183,-0.6487204678359411,0.7678403699162292,199439,790000,3.323983333333333,69966.91696825974,66554.59016180695,63308.684497496506,60221.08352045088,57284.066619967925,54490.28972397265,51832.76693501167,49304.853061870795,46900.227003135624,44612.87594114555,42437.080306817625,40367.399477744715,38398.658173805525,36525.93351626867,34744.54271803158,33050.03137421366,49375.0
GPI,Clave Especial,68,0.1819618189604215,1.182515961038099,4,0.3607929713789687,-0.1645819881492075,-0.5956534246953588,123262,760000,2.0543666666666667,67309.9454378195,64027.2006619915,60904.55723809791,57934.20693106666,55108.72231794383,52421.03821546736,49864.43401342895,47432.51686964785,45119.20572453553,42918.71609527926,40825.545611622016,38834.46025707087,36940.48128112937,35138.872749828086,33425.12970342279,31794.966891648583,47500.0
2 hands,Tate McRae,0,-0.2910513202261676,0.9314621512504077,1,0.8357688016697277,-0.5157500785495276,0.0860934726104351,181821,670000,3.03035,59339.03084649877,56445.03216254514,53692.1754599021,51073.577162914036,48582.689411871535,46213.28368995149,43959.435248680784,41815.50829297903,39776.14188873527,37836.2365576804,35990.9415260352,34235.642595049314,32565.95060310089,30977.69045050634,29466.890659596407,28029.773443953356,41875.00000000001
It's ok I'm ok,Tate McRae,0,0.6749614288168658,-0.7346222227951827,1,-0.3019329905932578,-0.8909869931233528,-0.7588130753988802,156522,550000,2.6087,48711.144724737795,46335.474163283325,44075.666422307695,41926.070805377196,39881.31220377514,37936.277655930324,36086.1035623499,34326.163524087264,32652.056774334927,31059.597174215254,29544.802745252775,28103.885712353913,26733.24303239625,25429.44738474401,24189.23860116123,23009.515513693055,34375.00000000001
"Girl, so confusing featuring lorde",Charli xcx,69,0.3685022118790756,0.8972275408248134,11,0.2693181202898445,-0.4881301163832103,0.9210419198725872,205938,680000,3.4323,60224.688023312185,57287.49532915029,54493.55121303497,51835.869359375436,49307.8041792129,46903.03419278659,44615.54622254169,42439.62035705334,40369.81564826864,38400.95650630249,36528.11975776707,34746.62233527393,33052.00956732628,31440.044039319866,29906.69499779934,28448.12827147505,42500.00000000001
Know You Like That,Jordan Davis,65,-0.3110377908960235,0.0356565117806895,3,-0.4427455893543588,1.1375019425486088,-0.312230557276096,176451,670000,2.94085,59339.03084649877,56445.03216254514,53692.1754599021,51073.577162914036,48582.689411871535,46213.28368995149,43959.435248680784,41815.50829297903,39776.14188873527,37836.2365576804,35990.9415260352,34235.642595049314,32565.95060310089,30977.69045050634,29466.890659596407,28029.773443953356,41875.00000000001
WHISKEY WHISKEY (feat. Morgan Wallen),Moneybagg Yo,63,0.5617047616876825,0.4122372264622267,5,0.7354931631580347,-0.8870412842424503,-0.1666890848175558,161053,730000,2.6842166666666665,64652.97390737925,61499.81116217605,58500.42997869931,55647.33034168246,52933.378015919734,50351.78670696207,47896.10109184623,45560.18067742491,43338.18444593545,41224.55624941297,39214.010916426414,37301.52103639701,35482.30438845321,33751.8119833875,32105.716688813995,30539.90240908351,45625.0
Tough Love,Gracie Abrams,68,-0.6907807336232845,0.3894141528451638,0,0.5824128001109288,0.3325773308445042,-0.6416138896822662,169147,730000,2.8191166666666665,64652.97390737925,61499.81116217605,58500.42997869931,55647.33034168246,52933.378015919734,50351.78670696207,47896.10109184623,45560.18067742491,43338.18444593545,41224.55624941297,39214.010916426414,37301.52103639701,35482.30438845321,33751.8119833875,32105.716688813995,30539.90240908351,45625.0
Popular Monster,Falling In Reverse,69,-1.2703883830491047,1.4563928444428538,3,0.6920226071011039,-0.9604314694272365,-0.6393158664329208,220537,640000,3.6756166666666665,56682.05931605853,53917.64266272968,51288.0482005035,48786.70057352982,46407.34510984743,44144.0321814462,41991.10232709806,39943.172100756085,37995.120610135185,36142.076711814116,34379.406830839594,32702.703374375462,31107.773710424728,29590.629684065756,28147.47764498761,26774.70896138828,40000.00000000001
Tengo Un Plan - Remix,Key-Key,76,-0.3643350460156392,1.079812129761316,8,0.6642867921936142,-0.1409077348637926,-0.5956534246953588,215449,690000,3.5908166666666665,61110.345200125594,58129.95849575544,55294.92696616783,52598.16155583684,50032.918946554266,47592.78469562168,45271.6571964026,43063.73242112766,40963.489407802,38965.67645492459,37065.29798949894,35257.602075498544,33538.06853155166,31902.397628133393,30346.49933600227,28866.48309899674,43125.0
BRAZZIER,Future,67,1.1146637835536943,-0.3123953608795197,11,0.0050278070848237,-0.9063752577588724,0.346536107536244,188566,670000,3.1427666666666667,59339.03084649877,56445.03216254514,53692.1754599021,51073.577162914036,48582.689411871535,46213.28368995149,43959.435248680784,41815.50829297903,39776.14188873527,37836.2365576804,35990.9415260352,34235.642595049314,32565.95060310089,30977.69045050634,29466.890659596407,28029.773443953356,41875.00000000001
The Manuscript,Taylor Swift,68,-0.9506048523314108,-2.2067104710957386,0,-1.356960719189688,2.5619028485544018,-0.5879933471975408,224744,680000,3.745733333333333,60224.688023312185,57287.49532915029,54493.55121303497,51835.869359375436,49307.8041792129,46903.03419278659,44615.54622254169,42439.62035705334,40369.81564826864,38400.95650630249,36528.11975776707,34746.62233527393,33052.00956732628,31440.044039319866,29906.69499779934,28448.12827147505,42500.00000000001
Vegas - A COLORS SHOW,Shaboozey,68,-0.2510783788864559,-0.8886779697103573,7,-0.50915153081556,0.3523058752490166,-0.580333269699723,181690,690000,3.0281666666666665,61110.345200125594,58129.95849575544,55294.92696616783,52598.16155583684,50032.918946554266,47592.78469562168,45271.6571964026,43063.73242112766,40963.489407802,38965.67645492459,37065.29798949894,35257.602075498544,33538.06853155166,31902.397628133393,30346.49933600227,28866.48309899674,43125.0
Jump,Tyla,73,0.9214612337450884,0.4179429948664924,10,0.8349687300858578,-0.8759932993759234,0.2546151775624291,147071,680000,2.4511833333333333,60224.688023312185,57287.49532915029,54493.55121303497,51835.869359375436,49307.8041792129,46903.03419278659,44615.54622254169,42439.62035705334,40369.81564826864,38400.95650630249,36528.11975776707,34746.62233527393,33052.00956732628,31440.044039319866,29906.69499779934,28448.12827147505,42500.00000000001
PHAT,DaBaby,64,1.4411094711613404,0.024244974972158,1,-0.3966081280178617,-0.8140456699457547,0.1090737051038888,129107,700000,2.1517833333333334,61996.00237693901,58972.42166236059,56096.3027193007,53360.45375229824,50758.03371389563,48282.53519845678,45927.7681702635,43687.84448520197,41557.16316733536,39530.396403546685,37602.476221230805,35768.58181572316,34024.127495777044,32364.751216946923,30786.303674205203,29284.83792651843,43750.00000000001
Don’t HMU,Anella Herim,64,1.0014071164245115,-0.181162687581408,6,0.0508985778933641,-0.9063752577588724,-0.5420328822106334,98277,640000,1.63795,56682.05931605853,53917.64266272968,51288.0482005035,48786.70057352982,46407.34510984743,44144.0321814462,41991.10232709806,39943.172100756085,37995.120610135185,36142.076711814116,34379.406830839594,32702.703374375462,31107.773710424728,29590.629684065756,28147.47764498761,26774.70896138828,40000.00000000001
The Underworld,Jorge Rivera-Herrans,67,-1.8899689738146368,0.5548814365688699,1,0.4173313633057746,1.472887197425319,-0.4577720297346364,256800,630000,4.28,55796.40213924511,53075.17949612453,50486.672447370634,48024.40837706842,45682.23034250607,43454.2816786111,41334.99135323716,39319.060036681774,37401.446850601824,35577.356763192016,33842.22859910772,32191.723634150847,30621.71474619934,29128.27609525223,27707.67330678468,26356.35413386659,39375.000000000015
A Tear in Space (Airlock),Glass Animals,67,0.3618400549891237,-0.2952780556667225,9,-0.2149918784793964,0.2260431910601373,-0.8239237341303324,203989,640000,3.3998166666666667,56682.05931605853,53917.64266272968,51288.0482005035,48786.70057352982,46407.34510984743,44144.0321814462,41991.10232709806,39943.172100756085,37995.120610135185,36142.076711814116,34379.406830839594,32702.703374375462,31107.773710424728,29590.629684065756,28147.47764498761,26774.70896138828,40000.00000000001
Cielo Eterno - Spotify Singles,DannyLux,73,0.2086104465202293,0.2182411007171927,8,-0.3739394331415482,0.7074196745302391,1.5032078097067485,244245,670000,4.07075,59339.03084649877,56445.03216254514,53692.1754599021,51073.577162914036,48582.689411871535,46213.28368995149,43959.435248680784,41815.50829297903,39776.14188873527,37836.2365576804,35990.9415260352,34235.642595049314,32565.95060310089,30977.69045050634,29466.890659596407,28029.773443953356,41875.00000000001
PSYCHO,HARDY,64,-0.1378217117572725,1.4506870760385882,4,1.3080777266809205,-0.7994465470864155,3.686329896584852,198748,760000,3.3124666666666664,67309.9454378195,64027.2006619915,60904.55723809791,57934.20693106666,55108.72231794383,52421.03821546736,49864.43401342895,47432.51686964785,45119.20572453553,42918.71609527926,40825.545611622016,38834.46025707087,36940.48128112937,35138.872749828086,33425.12970342279,31794.966891648583,47500.0
ROCKMAN,Mk.gee,67,0.8615018217355207,-0.8087972120506371,3,-0.8507820971280033,1.6109870082569058,-0.6814462926709193,177818,700000,2.963633333333333,61996.00237693901,58972.42166236059,56096.3027193007,53360.45375229824,50758.03371389563,48282.53519845678,45927.7681702635,43687.84448520197,41557.16316733536,39530.396403546685,37602.476221230805,35768.58181572316,34024.127495777044,32364.751216946923,30786.303674205203,29284.83792651843,43750.00000000001
GOD IS GOOD,Forrest Frank,65,-1.3036991674988645,0.0584795853977524,11,-0.4264774671490044,-0.9604709265160456,1.2963857172656643,207529,680000,3.458816666666667,60224.688023312185,57287.49532915029,54493.55121303497,51835.869359375436,49307.8041792129,46903.03419278659,44615.54622254169,42439.62035705334,40369.81564826864,38400.95650630249,36528.11975776707,34746.62233527393,33052.00956732628,31440.044039319866,29906.69499779934,28448.12827147505,42500.00000000001
Occasion,A´leroi,68,-3.395616430943778,-3.656317991883487,0,-9.103520484745935,2.920962356716527,-0.4730921847302722,174565,800000,2.9094166666666665,70852.57414507316,67397.0533284121,64110.06025062937,60983.375716912284,58009.1813873093,55180.040226807745,52488.87790887258,49928.965125945106,47493.900762668985,45177.59588976764,42974.25853854949,40878.37921796933,38884.71713803091,36988.2871050822,35184.34705623452,33468.38620173535,50000.00000000001
U Kno What To Do (UKWTD),Sexyy Red,64,0.4284616238886433,0.1783007218873326,0,0.2138464904748653,-0.977200732171072,-0.3658510997608214,158067,660000,2.63445,58453.37366968535,55602.56899593998,52890.799706769234,50311.28496645263,47857.57464453017,45523.533187116394,43303.324274819875,41191.39622890471,39182.46812920191,37271.5166090583,35453.76329430333,33724.662854824695,32079.891638875502,30515.336861692813,29027.086321393475,27611.418616431663,41250.0
Idiota Ainda Te Amo,Litto Lins,71,-0.3776593597955431,1.4849216864641823,10,1.1760659153423882,0.3601972930108216,1.0895636248245812,173141,730000,2.885683333333333,64652.97390737925,61499.81116217605,58500.42997869931,55647.33034168246,52933.378015919734,50351.78670696207,47896.10109184623,45560.18067742491,43338.18444593545,41224.55624941297,39214.010916426414,37301.52103639701,35482.30438845321,33751.8119833875,32105.716688813995,30539.90240908351,45625.0
Wolf In Sheep's Clothing [REBORN],Set It Off,68,-2.875968193527526,1.5248620652940426,11,0.6928226786849737,-0.9929381920425514,-1.078238307057887,201939,650000,3.36565,57567.716492871936,54760.10582933483,52089.42395363637,49548.99276999123,47132.459877188805,44833.782684281294,42647.21330095897,40567.2841648304,38588.79436966855,36706.79666043621,34916.58506257146,33213.68311460008,31593.832674650115,30052.983272879283,28587.281983190544,27193.06378890997,40625.0
KINTSUGI,HUMBE,80,-1.8566581893648768,-1.0199106430084688,4,-0.5411543941703555,2.4001287844374,-0.404151487249911,237908,630000,3.965133333333333,55796.40213924511,53075.17949612453,50486.672447370634,48024.40837706842,45682.23034250607,43454.2816786111,41334.99135323716,39319.060036681774,37401.446850601824,35577.356763192016,33842.22859910772,32191.723634150847,30621.71474619934,29128.27609525223,27707.67330678468,26356.35413386659,39375.000000000015
Enculado,Fuerza Regida,70,0.6016777030273942,-0.2496319084325967,6,0.170109243889978,-0.6984363997353122,-0.0900883098393767,147878,680000,2.464633333333333,60224.688023312185,57287.49532915029,54493.55121303497,51835.869359375436,49307.8041792129,46903.03419278659,44615.54622254169,42439.62035705334,40369.81564826864,38400.95650630249,36528.11975776707,34746.62233527393,33052.00956732628,31440.044039319866,29906.69499779934,28448.12827147505,42500.00000000001
Pienso En Ella,Grupo Frontera,73,-1.2570640692692008,1.2909255607191477,9,0.782164005550445,-0.1330163171019877,-0.580333269699723,159552,660000,2.6592,58453.37366968535,55602.56899593998,52890.799706769234,50311.28496645263,47857.57464453017,45523.533187116394,43303.324274819875,41191.39622890471,39182.46812920191,37271.5166090583,35453.76329430333,33724.662854824695,32079.891638875502,30515.336861692813,29027.086321393475,27611.418616431663,41250.0
IA,Clarent,79,0.3618400549891237,-0.0670473194960935,0,0.20397894094047,1.5952041727332955,0.3618562625318798,171429,750000,2.85715,66424.28826100608,63184.73749538635,60103.18148496504,57171.91473460526,54383.607550602464,51731.287712632264,49208.323039568044,46808.40480557354,44525.53196500217,42353.99614665716,40288.36737989015,38323.48051684625,36454.422316903976,34676.519161014556,32985.32536521986,31376.61206412689,46875.00000000001
Sweet Dreams,Koe Wetzel,63,0.3884886825489315,-0.4150991921563028,2,0.4231985549208203,-0.002807924032206,-0.48075226222809,173269,650000,2.8878166666666667,57567.716492871936,54760.10582933483,52089.42395363637,49548.99276999123,47132.459877188805,44833.782684281294,42647.21330095897,40567.2841648304,38588.79436966855,36706.79666043621,34916.58506257146,33213.68311460008,31593.832674650115,30052.983272879283,28587.281983190544,27193.06378890997,40625.0
Steady State,Matheo Lyon,69,-3.408940744723682,-3.666074855854782,0,-9.525158209445369,2.7394597481950127,-0.4654321072324543,171792,690000,2.8632,61110.345200125594,58129.95849575544,55294.92696616783,52598.16155583684,50032.918946554266,47592.78469562168,45271.6571964026,43063.73242112766,40963.489407802,38965.67645492459,37065.29798949894,35257.602075498544,33538.06853155166,31902.397628133393,30346.49933600227,28866.48309899674,43125.0
Bad Boys,Marshmello,58,0.4617724083384031,1.8615024011457195,9,1.045654247171596,-0.9762143049508464,0.9899826173529483,133025,640000,2.217083333333333,56682.05931605853,53917.64266272968,51288.0482005035,48786.70057352982,46407.34510984743,44144.0321814462,41991.10232709806,39943.172100756085,37995.120610135185,36142.076711814116,34379.406830839594,32702.703374375462,31107.773710424728,29590.629684065756,28147.47764498761,26774.70896138828,40000.00000000001
Story of X,BigXthaPlug,64,0.9281233906350403,-0.7003876123695884,10,-1.3710953171713895,-0.1093420638165728,2.399436876951443,139268,670000,2.321133333333333,59339.03084649877,56445.03216254514,53692.1754599021,51073.577162914036,48582.689411871535,46213.28368995149,43959.435248680784,41815.50829297903,39776.14188873527,37836.2365576804,35990.9415260352,34235.642595049314,32565.95060310089,30977.69045050634,29466.890659596407,28029.773443953356,41875.00000000001
No Doubt,ENHYPEN,73,1.2345826075728297,-1.0655567902425944,8,-0.1315177432289711,-0.5591528762394549,-0.9533790438434552,167220,670000,2.787,59339.03084649877,56445.03216254514,53692.1754599021,51073.577162914036,48582.689411871535,46213.28368995149,43959.435248680784,41815.50829297903,39776.14188873527,37836.2365576804,35990.9415260352,34235.642595049314,32565.95060310089,30977.69045050634,29466.890659596407,28029.773443953356,41875.00000000001
i need you more,Josiah Queen,65,-0.5775240664941019,-1.2367298423705662,9,0.0815679886083767,1.4215929819735869,-0.4501119522368185,191921,640000,3.1986833333333333,56682.05931605853,53917.64266272968,51288.0482005035,48786.70057352982,46407.34510984743,44144.0321814462,41991.10232709806,39943.172100756085,37995.120610135185,36142.076711814116,34379.406830839594,32702.703374375462,31107.773710424728,29590.629684065756,28147.47764498761,26774.70896138828,40000.00000000001
Image,Magdalena Bay,67,-0.2710648495563117,1.2566909502935537,5,0.0554323168686269,-0.9920326518543844,-0.2279697048000991,212867,690000,3.5477833333333333,61110.345200125594,58129.95849575544,55294.92696616783,52598.16155583684,50032.918946554266,47592.78469562168,45271.6571964026,43063.73242112766,40963.489407802,38965.67645492459,37065.29798949894,35257.602075498544,33538.06853155166,31902.397628133393,30346.49933600227,28866.48309899674,43125.0
Vueltas,Hermanos Espinoza,65,0.6749614288168658,0.7831121727394988,5,0.3722606640811039,1.0980448537395842,-0.6760842384224468,159581,630000,2.659683333333333,55796.40213924511,53075.17949612453,50486.672447370634,48024.40837706842,45682.23034250607,43454.2816786111,41334.99135323716,39319.060036681774,37401.446850601824,35577.356763192016,33842.22859910772,32191.723634150847,30621.71474619934,29128.27609525223,27707.67330678468,26356.35413386659,39375.000000000015
B.B.O - Lost Tapes 2022,Tory Lanez,55,1.960757708577593,-1.5847817150307753,5,-1.2793537755543087,-0.9493834845607094,-0.5879933471975408,139065,660000,2.31775,58453.37366968535,55602.56899593998,52890.799706769234,50311.28496645263,47857.57464453017,45523.533187116394,43303.324274819875,41191.39622890471,39182.46812920191,37271.5166090583,35453.76329430333,33724.662854824695,32079.891638875502,30515.336861692813,29027.086321393475,27611.418616431663,41250.0
act ii: date @ 8,4batz,67,0.5950155461374423,-1.0940856322639232,0,-1.7441953657827158,1.0191306761215346,1.710029902147832,113685,640000,1.89475,56682.05931605853,53917.64266272968,51288.0482005035,48786.70057352982,46407.34510984743,44144.0321814462,41991.10232709806,39943.172100756085,37995.120610135185,36142.076711814116,34379.406830839594,32702.703374375462,31107.773710424728,29590.629684065756,28147.47764498761,26774.70896138828,40000.00000000001
Finer Things (Feat. Hank Williams Jr.),Post Malone,66,-0.1511460255371765,1.678917812209217,5,0.8267013237192024,-0.972702624046843,1.602788817178381,185534,730000,3.092233333333333,64652.97390737925,61499.81116217605,58500.42997869931,55647.33034168246,52933.378015919734,50351.78670696207,47896.10109184623,45560.18067742491,43338.18444593545,41224.55624941297,39214.010916426414,37301.52103639701,35482.30438845321,33751.8119833875,32105.716688813995,30539.90240908351,45625.0
KRYPTONITE,Don Toliver,67,-1.1837803434797296,0.3894141528451638,10,0.8082996772901948,-0.8716530196069308,0.7525202149205934,182320,640000,3.038666666666667,56682.05931605853,53917.64266272968,51288.0482005035,48786.70057352982,46407.34510984743,44144.0321814462,41991.10232709806,39943.172100756085,37995.120610135185,36142.076711814116,34379.406830839594,32702.703374375462,31107.773710424728,29590.629684065756,28147.47764498761,26774.70896138828,40000.00000000001
Ando Enfocado,Jaziel Avilez,70,0.0687051518312382,0.1212430378446753,7,-0.1427187454031495,-0.5118043696686252,-0.8308178038783685,184427,690000,3.073783333333333,61110.345200125594,58129.95849575544,55294.92696616783,52598.16155583684,50032.918946554266,47592.78469562168,45271.6571964026,43063.73242112766,40963.489407802,38965.67645492459,37065.29798949894,35257.602075498544,33538.06853155166,31902.397628133393,30346.49933600227,28866.48309899674,43125.0
Slow Dance,Clairo,67,0.5017453496781149,-0.6205068547098682,2,-0.4979505286413815,1.847729541111054,-0.6285917579359758,234854,680000,3.914233333333333,60224.688023312185,57287.49532915029,54493.55121303497,51835.869359375436,49307.8041792129,46903.03419278659,44615.54622254169,42439.62035705334,40369.81564826864,38400.95650630249,36528.11975776707,34746.62233527393,33052.00956732628,31440.044039319866,29906.69499779934,28448.12827147505,42500.00000000001
Stars Will Align,Kygo,75,-0.3376864184558313,0.6119391206115271,1,0.0658332474589354,0.7863338521482887,-0.9487829973447642,234366,720000,3.9061,63767.31673056584,60657.3479955709,57699.05422556644,54885.03814522105,52208.26324857836,49662.03620412697,47239.99011798532,44936.068613350595,42744.510686402085,40659.83630079088,38676.83268469454,36790.5412961724,34996.24542422782,33289.45839457398,31665.912350611066,30121.547581561816,45000.00000000001
In The Living Room,Maggie Rogers,64,-1.3303477950586722,0.8173467831650932,7,0.6464185268205201,-0.940702925022724,-0.5190526497171797,263760,650000,4.396,57567.716492871936,54760.10582933483,52089.42395363637,49548.99276999123,47132.459877188805,44833.782684281294,42647.21330095897,40567.2841648304,38588.79436966855,36706.79666043621,34916.58506257146,33213.68311460008,31593.832674650115,30052.983272879283,28587.281983190544,27193.06378890997,40625.0
Islands (kompa pasión),фрози,73,-0.8706589696519874,1.2566909502935537,11,-0.1781885856213814,-0.9803572992757938,3.1654446267332337,126495,690000,2.10825,61110.345200125594,58129.95849575544,55294.92696616783,52598.16155583684,50032.918946554266,47592.78469562168,45271.6571964026,43063.73242112766,40963.489407802,38965.67645492459,37065.29798949894,35257.602075498544,33538.06853155166,31902.397628133393,30346.49933600227,28866.48309899674,43125.0
SI SABE FERXXO,Blessd,75,0.4950831927881629,1.0741063613570505,8,1.2112690650326634,-0.9383354996941824,-0.6944684244172098,152500,720000,2.5416666666666665,63767.31673056584,60657.3479955709,57699.05422556644,54885.03814522105,52208.26324857836,49662.03620412697,47239.99011798532,44936.068613350595,42744.510686402085,40659.83630079088,38676.83268469454,36790.5412961724,34996.24542422782,33289.45839457398,31665.912350611066,30121.547581561816,45000.00000000001
I Know You,Megan Moroney,63,-0.9972399505610746,-1.0997914006681888,8,0.1023698497889939,1.8556209588728587,0.0324729301257097,160675,700000,2.6779166666666665,61996.00237693901,58972.42166236059,56096.3027193007,53360.45375229824,50758.03371389563,48282.53519845678,45927.7681702635,43687.84448520197,41557.16316733536,39530.396403546685,37602.476221230805,35768.58181572316,34024.127495777044,32364.751216946923,30786.303674205203,29284.83792651843,43750.00000000001
