track_name,artist_name,popularity,danceability,energy,key,loudness,acousticness,liveness,duration_ms,streaming_count,duration_minutes
Die With A Smile,Lady Gaga,100,-0.8706589696519874,-0.2895722872624568,6,-0.32006794649430886,0.2220974821792349,-0.4424518747390006,251668,1000000,4.194466666666667
BIRDS OF A FEATHER,Billie Eilish,97,0.6349884874771541,-0.7745626016250429,2,-0.958525070422482,-0.20403907695823217,-0.48075226222809003,210373,970000,3.5062166666666665
"Good Luck, Babe!",Chappell Roan,94,0.32186711364941195,-0.3466299713051141,11,0.1645087428028888,-0.7951062673174227,-0.7021285019150276,218424,940000,3.6404
Taste,Sabrina Carpenter,94,0.14865103451066172,1.5077447600812452,3,0.6642867921936142,-0.5946642561675771,0.8980616873791333,157280,940000,2.6213333333333333
Sailor Song,Gigi Perez,93,-1.0505372056806903,-1.3109048316260208,11,-1.0281312982191628,1.69779260363676,0.10141362760607098,211979,900000,3.532983333333333
St. Chroma (feat. Daniel Caesar),"Tyler, The Creator",90,-0.5042403407046303,1.3765120867831335,0,0.4050635990197695,0.415437217343456,1.441927189724205,197020,920000,3.2836666666666665
That’s So True,Gracie Abrams,92,-0.6508077922835728,0.9428736880589391,1,0.6421514783732141,-0.14879915262559762,-0.15902900731973793,166300,930000,2.7716666666666665
"Sticky (feat. GloRilla, Sexyy Red & Lil Wayne)","Tyler, The Creator",87,-0.9772534798912188,0.965696761676002,1,0.6909558449892773,0.1313461779184779,2.0240930795583663,255916,980000,4.265266666666666
APT.,ROSÉ,98,0.8348531941757128,0.800229477952296,0,0.5600107957625717,-0.8815172918091869,1.342346182252572,169917,870000,2.83195
Timeless (with Playboi Carti),The Weeknd,92,0.7815559390560972,0.4521776052920868,11,0.2911867435822882,-0.7627514544940225,-0.5267127272149975,256000,920000,4.266666666666667
Bed Chem,Sabrina Carpenter,90,0.5816912323575384,0.48070644731341544,11,0.16237521857923573,-0.7256617910135392,-0.580333269699723,171870,920000,2.8645
"Darling, I (feat. Teezo Touchdown)","Tyler, The Creator",87,-1.8566581893648768,0.9999313721015958,3,0.9032415052427553,0.4272743439861635,1.947492304580187,253834,870000,4.230566666666666
WILDFLOWER,Billie Eilish,92,-1.2304154417093929,-2.2580623867341303,6,-1.4468354271110728,1.4215929819735869,-0.07476815484374087,261467,900000,4.357783333333333
Rah Tah Tah,"Tyler, The Creator",87,0.06204299494128624,1.3422774763575394,1,0.6608198153301781,-0.9817777544729187,1.5415081971958378,165413,870000,2.756883333333333
Who,Jimin,92,0.05538083805133428,0.6461737310371215,0,0.7557616432827386,-0.9817777544729187,0.10141362760607098,170888,860000,2.848133333333333
Love Somebody,Morgan Wallen,86,-0.21776759443669608,1.1425755822082388,5,0.3277233459123467,-0.9557755329477715,-0.12072861983064835,204829,900000,3.4138166666666665
"I Love You, I'm Sorry",Gracie Abrams,90,-0.8106995576424197,-1.3508452104558804,10,-0.2480615039460185,1.5952041727332957,-0.35819102226300353,157147,920000,2.6191166666666668
Not Like Us,Kendrick Lamar,88,1.6409741778598992,-0.9742644957743433,1,-0.11311609679996365,-0.9509617681130705,-0.2969104022804604,274192,880000,4.569866666666667
Like Him (feat. Lola Young),"Tyler, The Creator",86,-1.7300772084557896,-0.5006857182202881,4,-0.03470908158071415,0.13923759568028288,-0.38117125475645725,278015,860000,4.633583333333333
MILLION DOLLAR BABY,Tommy Richman,88,1.3345149609221092,0.30953339518544365,1,0.2818525751038063,-0.6092633790269163,-0.8576280751207312,155152,880000,2.5858666666666665
Thought I Was Dead (feat. ScHoolboy Q & Santigold),"Tyler, The Creator",85,0.7882180959460491,1.2338678766764906,10,0.8520369238750821,0.4351657617479684,3.778250826558667,207273,850000,3.45455
Pink Skies,Zach Bryan,85,-0.8440103420921796,-0.8829722013060917,0,-0.0885805682279535,-0.23955045688635448,-0.3428708672673677,194920,850000,3.248666666666667
Juno,Sabrina Carpenter,87,-0.12449739797736864,0.469294910504884,5,0.6186827119130306,-0.8112836737291229,0.19333455757988574,223192,870000,3.719866666666667
Noid,"Tyler, The Creator",85,-1.810023091135213,0.8059352463565618,1,0.15277435957279717,1.0704248915732668,2.407096954449261,284364,930000,4.7394
Tu Boda,Oscar Maydon,93,0.28189417230970015,0.04706804858922095,6,-0.10431530937739475,0.9638907517888999,-0.774133230394516,225881,850000,3.764683333333333
Good Graces,Sabrina Carpenter,86,0.7082722132666256,0.6632910362499186,5,0.3365241333349153,0.3049573686781869,-0.2739301697870067,185265,860000,3.08775
I Had Some Help (Feat. Morgan Wallen),Post Malone,84,-0.05121367218789708,1.3194544027404764,0,0.4944049258852407,-0.9485943427845289,0.36185626253187986,178206,830000,2.9701
NEL,Fuerza Regida,89,0.25524554474989236,-0.917206811731686,7,0.06449979481915236,1.0704248915732668,-0.8193276876316417,149074,880000,2.484566666666667
No One Noticed,The Marías,83,0.3551778980991717,-1.7331316935416836,7,-1.0761355932513563,1.1848504491194385,-0.45777202973463643,236907,840000,3.94845
Slow It Down,Benson Boone,87,-1.4635909328577115,-0.34092420290084835,8,0.5053392375314625,-0.30662750786169657,-0.6622960989263745,161831,890000,2.6971833333333333
Espresso,Sabrina Carpenter,88,0.31520495675946,0.7602890991224359,0,0.3453249207574842,-0.4762929897405029,0.19333455757988574,175459,820000,2.9243166666666665
Beautiful Things,Benson Boone,89,-1.1971046572596336,-0.9799702641786089,10,0.23598180429526572,-0.39737881212245346,-0.3045704797782781,180304,870000,3.0050666666666666
28,Zach Bryan,82,-1.0638615194605943,-0.7060933807738541,7,-0.08244668608495108,-0.09750493717386542,-0.8461379588740043,233333,830000,3.8888833333333332
Lies Lies Lies,Morgan Wallen,82,-1.1038344608003061,0.3380622372067723,1,0.21838022945012814,-0.050156430603035804,-0.6783822616717922,198069,830000,3.30115
Judge Judy,"Tyler, The Creator",83,-0.1977811237668402,0.1041257326318782,1,0.1789100313125469,0.17869468448930764,-0.11306854233283044,269622,870000,4.4937
Take Your Mask Off (feat. Daniel Caesar & LaToiya Williams),"Tyler, The Creator",83,-0.9905777936711226,0.08700842741908102,6,0.20104534513294706,0.8218452320764109,1.5491682746936557,253910,890000,4.231833333333333
Espresso,Sabrina Carpenter,90,0.32852927053936387,0.6689968046541843,0,0.29305357727798476,-0.5709900028821623,0.04013300762352765,175459,900000,2.9243166666666665
Austin (Boots Stop Workin'),Dasha,87,0.6949478994867216,0.16688918507880118,0,-0.04430994058715298,0.8376280676000208,-0.5496929597084513,171783,860000,2.86305
A Bar Song (Tipsy),Shaboozey,86,0.4684345652283551,0.3780026160366324,9,0.4338661760390855,-0.7434174809776004,-0.7611110986482256,171292,820000,2.8548666666666667
Hey Jane,"Tyler, The Creator",83,-1.0438750487907384,0.8059352463565618,10,-0.12005005052683598,1.196687575762146,3.3799267966721356,240742,870000,4.012366666666667
Please Please Please,Sabrina Carpenter,87,0.15531319140061367,-0.3238068976880512,9,0.13090573628035326,0.02086632925320878,-0.580333269699723,186365,830000,3.1060833333333333
Ain't No Love In Oklahoma (From Twisters: The Album),Luke Combs,82,-1.097172303910354,0.08700842741908102,5,-0.9057203458870696,-0.9585769862532122,-0.6109735796909945,210950,820000,3.515833333333333
Balloon (feat. Doechii),"Tyler, The Creator",82,-1.4302801484079517,1.285219792314882,6,0.9459119897158161,1.891132338800981,0.4154768050166053,154261,820000,2.5710166666666665
A Bar Song (Tipsy),Shaboozey,84,0.4684345652283551,0.3608853108238352,9,0.45866839513905217,-0.7090898137137488,-0.8637561371189855,171292,880000,2.8548666666666667
I Had Some Help (Feat. Morgan Wallen),Post Malone,84,-0.09118661352760885,1.2110448030594276,7,0.45786832355518226,-0.9633118369102952,0.4997376574926021,178206,840000,2.9701
CHIHIRO,Billie Eilish,88,0.32186711364941195,-1.242435610774832,7,-1.5879147164001304,-0.4249987742887708,-0.741194897153899,303440,820000,5.057333333333333
one of wun,Gunna,84,1.7542308449890827,-1.0826740954553917,10,0.5301414566314291,-0.6491150387240312,-0.580333269699723,144000,880000,2.4
Diet Pepsi,Addison Rae,88,0.11534025006090191,-0.4664511077946937,10,0.01036161764395629,0.9599450429079974,-0.6462099361809569,169698,840000,2.8283
I Killed You,"Tyler, The Creator",82,0.6483128012570579,1.4449813076343223,2,0.4448004876853075,0.41149150846255356,0.6682593624445963,168421,880000,2.8070166666666667
Please Please Please,Sabrina Carpenter,88,0.11534025006090191,-0.3238068976880512,9,0.13437271314378943,0.08794338022855089,-0.580333269699723,186365,840000,3.1060833333333333
LUNCH,Billie Eilish,86,1.6076633934101394,-1.3850798208814747,11,-0.3744728141974614,-0.8148348117219352,-0.8928644316106935,179587,850000,2.993116666666667
Like That,Future,83,1.0813529991039346,0.18971225869586408,11,0.5085395238669421,-0.9652057771731283,-0.4654321072324543,267707,830000,4.461783333333333
NEW DROP,Don Toliver,85,0.7016100563766736,-0.08416462470889073,4,-0.0368426058043672,-0.24744187464815942,0.3158957975449724,217333,850000,3.6222166666666666
Stargazing,Myles Smith,88,-0.11117308419746472,-0.2382203716240653,1,0.11943804357821834,-0.022536468436718467,-0.5343728047128155,172533,880000,2.87555
Scared To Start,Michael Marcagi,85,-0.8306860283122757,-0.5235087918373509,7,-1.2484176743113393,0.5219713571278229,1.710029902147832,159636,860000,2.6606
DOS DÍAS,Tito Double P,88,0.6216641736972501,-0.7403279911994485,1,-0.677166563428237,2.09630920060791,0.2775954100558828,154620,760000,2.577
Tomorrow,"Tyler, The Creator",81,-1.2570640692692008,-0.5805664758800082,1,-0.004573051921615031,2.2067890492731794,-0.41947164224554684,182326,810000,3.0387666666666666
Si Antes Te Hubiera Conocido,KAROL G,93,1.8141902569986503,0.14406611146173828,11,-0.05817784804089766,0.7666053077437762,-0.8576280751207312,195824,930000,3.263733333333333
It's ok I'm ok,Tate McRae,85,0.6816235857068178,-0.7346222227951827,1,-0.30513327692873754,-0.8917761348995333,-0.7580470676490985,156522,880000,2.6087
High Road,Zach Bryan,75,-1.2104289710395373,-2.3607662180109132,4,-1.1870788528813148,2.2225718847967886,-0.05944799984810525,199893,850000,3.33155
Saturn,SZA,85,-1.6034962275467026,-0.13551654034728225,1,-0.06857877863120616,1.4531586530208065,-0.5343728047128155,186192,850000,3.1032
Coincidence,Sabrina Carpenter,83,-1.556861129317039,0.9828140668887986,9,0.09623596764599132,0.4351657617479684,-0.41947164224554684,164203,860000,2.7367166666666667
Big Dawgs,Hanumankind,86,-1.2504019123792487,0.5834102785901985,4,0.9000412189072757,-0.9004566944375189,1.4036268022351153,190667,830000,3.177783333333333
LA PATRULLA,Peso Pluma,86,0.4684345652283551,0.5548814365688699,6,-0.17152132242246557,1.6899011858749553,-0.028807689856833588,130615,780000,2.1769166666666666
Too Sweet,Hozier,78,0.5950155461374423,-0.12981077194301652,10,0.2858529330231557,-0.8767824411521039,-1.0721102450596327,251424,780000,4.1904
Type Shit,Future,84,-0.07786229974770492,-0.5178030234330852,2,0.23944878115870188,-0.9083481121993238,-0.4654321072324543,228267,840000,3.80445
I Never Lie,Zach Top,77,0.8681639786254727,-0.009989635453436303,3,0.03889750413531581,0.3167944953208943,-0.5496929597084513,224907,860000,3.74845
Guess featuring billie eilish,Charli xcx,85,0.8281910372857609,0.13836034305747255,7,-0.012040386704400573,-0.9355735034775507,-0.7940494318888426,145219,800000,2.4203166666666664
I Hope You Find Your Way Home,"Tyler, The Creator",80,-0.20444328065679215,-0.26674921364539395,4,0.593880492813064,0.1668575578466002,-0.3505309447651856,269704,850000,4.495066666666666
ALL RED,Playboi Carti,82,0.7215965270465295,0.11553726944040965,9,0.4837373047669755,-0.5630985851203574,0.9593423073616766,148053,830000,2.46755
TORE UP,Don Toliver,83,-0.784050930082612,1.0056371405058615,11,0.5994809939001532,-0.988446002481644,-0.5190526497171797,126987,780000,2.11645
Wind Up Missin’ You,Tucker Wetmore,78,-0.5375511251543902,0.4236487632707582,6,0.20531239358025313,1.0112392583597296,-0.5190526497171797,166667,890000,2.7777833333333333
EL LOKERON,Tito Double P,89,0.481758879008259,0.26388724795131785,7,-0.15925355813646072,1.26771033561839,-0.6707221841739742,146141,810000,2.4356833333333334
Sharpest Tool,Sabrina Carpenter,81,0.4284616238886433,-0.07275308790035928,4,-0.24859488500193194,0.8810308652899479,-0.6546360214285567,218284,810000,3.6380666666666666
I'll Be There,Jin,89,-0.757402302522804,0.5434698997603384,10,1.1107267359930137,-0.8546864714190501,-0.6891063701687372,181678,890000,3.0279666666666665
Disease,Lady Gaga,86,-0.5975105371639571,1.5648024441239026,11,1.0157849080404533,-0.79076598754843,2.3611364894623534,229997,720000,3.833283333333333
Apple,Charli xcx,84,1.0147314302044157,1.793033180294531,0,0.2999875310048571,-0.4999672430259177,-0.5037324947215438,151740,810000,2.529
Miles On It,Marshmello,81,-0.11783524108741668,0.67470257305845,5,0.48667090057449847,-0.9719923964482807,2.8284012168292465,168454,830000,2.8075666666666668
on one tonight,Gunna,81,1.5676904520704278,0.48070644731341544,4,0.6024145897076761,0.5101342304851155,0.2546151775624291,90760,820000,1.5126666666666666
Juna,Clairo,80,-0.30437563400607154,0.406531458057961,3,0.08876863286320578,-0.054102139483938286,-0.5650131147040871,195110,800000,3.2518333333333334
Fortnight (feat. Post Malone),Taylor Swift,84,-0.9839156367811708,-1.464960578541195,11,-1.1732109454275699,0.9875650050743148,-0.6408478819324843,228965,860000,3.8160833333333333
This World's A Giant,Zach Bryan,71,-1.543536815537135,-1.9727739665208441,1,-1.1980131645275367,2.4356401643655223,-0.5190526497171797,216160,790000,3.6026666666666665
I Can Do It With a Broken Heart,Taylor Swift,83,0.32852927053936387,0.6176448890157928,0,-0.48354924013172346,-0.5078586607877227,-0.22796970480009918,218005,830000,3.6334166666666667
Devil You Know,Tyler Braden,79,-0.8773211265419394,0.8972275408248134,1,0.6189494024409871,-0.9615757250026982,0.9440221523660408,192693,690000,3.21155
Who,Jimin,88,0.05538083805133428,0.6518794994413871,0,0.7557616432827386,-0.9817777544729187,0.10141362760607098,170888,840000,2.848133333333333
Who,Jimin,88,0.05538083805133428,0.6518794994413871,0,0.7557616432827386,-0.9817777544729187,0.10141362760607098,170888,850000,2.848133333333333
Si No Quieres No,Luis R Conriquez,85,0.8948126061852805,0.8173467831650932,4,0.05463224528475705,0.7626595988628738,-0.6515719904294294,147011,770000,2.4501833333333334
This World's A Giant,Zach Bryan,69,-1.543536815537135,-1.9727739665208441,1,-1.1980131645275367,2.4356401643655223,-0.5190526497171797,216160,770000,3.6026666666666665
360,Charli xcx,81,1.367825745371869,-0.12981077194301652,0,-0.4142097028629996,1.555747083924271,-0.6615300911765928,133805,860000,2.2300833333333334
Too Sweet,Hozier,77,0.5950155461374423,-0.12981077194301652,10,0.2858529330231557,-0.8767824411521039,-1.0721102450596327,251424,880000,4.1904
Embrace It,Ndotz,88,1.5343796676206678,0.012833438163626597,1,-0.17498829928590173,0.8810308652899479,-0.9403569120971647,104419,860000,1.7403166666666667
KEHLANI,Jordan Adetunji,84,-0.04455151529794512,-0.04993001428329638,10,0.7488276895558661,-0.3697588499561361,-0.6814462926709193,122361,840000,2.03935
we can't be friends (wait for your love),Ariana Grande,86,-0.04455151529794512,0.018539206567892322,5,-0.4686145705661519,-0.7505197569632248,-0.8101355946342602,228639,880000,3.81065
Beautiful Things,Benson Boone,86,-1.1971046572596336,-0.9799702641786089,10,0.23598180429526572,-0.39737881212245346,-0.3045704797782781,180304,880000,3.0050666666666666
WHATCHU KNO ABOUT ME (feat. Sexyy Red),GloRilla,77,1.20127182312307,0.23535840592998988,1,0.5029390227798529,-0.9754646202634748,0.3771764175275157,149461,820000,2.491016666666667
THE GREATEST,Billie Eilish,82,-1.6301448551065105,-2.5718796489687445,7,-1.1769446128189627,1.5202357039961487,0.2316349450689753,293840,810000,4.897333333333333
Close To You,Gracie Abrams,80,-0.4376187718051108,0.4407660684835554,6,-0.37527288578133133,-0.9000621235494285,-0.6684241609246289,225973,780000,3.7662166666666668
Home,Good Neighbours,81,-0.45094308558501467,0.1725949534830669,6,0.5688115831851406,-0.8763878702640137,-0.4501119522368185,157486,900000,2.6247666666666665
Whatever She Wants,Bryson Tiller,78,1.0080692733144638,-0.7460337596037142,9,-0.07844632816560171,-0.4881301163832103,-0.6661261376752835,161342,810000,2.689033333333333
Slim Pickins,Sabrina Carpenter,79,-0.21776759443669608,-0.5748607074757425,2,-0.5611561837671025,0.14318330456118533,-0.22030962730228126,152195,790000,2.536583333333333
Noid,"Tyler, The Creator",79,-1.810023091135213,0.7260544886968416,1,0.1557079553803199,0.8731394475281429,0.4844175024969663,287693,810000,4.794883333333333
The Emptiness Machine,Linkin Park,90,-1.2370775985993447,1.308042865931945,7,0.8621711639374342,-0.9316277945966484,-0.4501119522368185,190428,810000,3.1738
Who,Jimin,88,0.05538083805133428,0.6518794994413871,0,0.7557616432827386,-0.9817777544729187,0.10141362760607098,170888,880000,2.848133333333333
redrum,21 Savage,81,-0.1777946530969843,0.5149410577390098,2,-0.5814246638918066,-0.9695855140309301,1.4955477322089303,270698,790000,4.511633333333333
オトノケ - Otonoke,Creepy Nuts,85,-0.8973075972117952,1.1368698138039732,1,-0.0875138061161271,-0.7485469025227736,-0.16668908481755584,185627,790000,3.0937833333333336
Don’t Smile,Sabrina Carpenter,79,-0.15780818242712844,-1.0826740954553917,1,-0.9505243545837833,0.7744967255055812,-0.11306854233283044,206296,840000,3.438266666666667
KEEP UP,Odetari,84,-1.1704560296998257,1.0626948245485188,10,0.7389601400214708,-0.9253146603872044,-0.09774838733719461,133227,810000,2.22045
CARNIVAL,¥$,81,-0.3843215166854951,0.9599909932717363,1,0.22158051578560758,-0.24744187464815942,1.2197849422874858,264324,780000,4.4054
What He'll Never Have,Dylan Scott,78,-1.08384799013045,0.6404679626328558,6,0.5616109389303116,-0.9442540630155363,0.7678403699162292,153907,850000,2.5651166666666665
Or What,NLE Choppa,77,0.5283939772379227,-0.3238068976880512,1,-0.2632628640395465,-0.53547862295404,-0.6209316804381578,199165,890000,3.3194166666666667
Worst Way,Riley Green,76,-1.9032932875945405,-0.8601491276890287,11,-0.35287088143297446,-0.6384616247455946,-0.3658510997608214,220558,850000,3.6759666666666666
Mantra,JENNIE,89,1.6143255503000915,0.469294910504884,10,0.42479869808856013,-0.9760564765956101,-0.7526850134006259,136627,800000,2.2771166666666667
BLUE,Billie Eilish,82,-2.016549954723724,-1.744543230350215,7,-1.0918703344007974,0.1510747223229903,-0.312230557276096,343120,820000,5.718666666666667
Touch,KATSEYE,85,0.5816912323575384,1.4906274548684482,5,1.0459209376995526,1.1730133224767312,-0.6508059826796477,129883,760000,2.1647166666666666
misses,Dominic Fike,80,-0.4909160269247264,-0.7631510648165114,2,0.09276899078255516,-0.48023869862140534,1.2580853297765748,74379,820000,1.23965
L’AMOUR DE MA VIE,Billie Eilish,82,-1.2304154417093929,-1.4307259681156006,9,-0.7409055996098718,-0.20403907695823217,-0.5650131147040871,333987,760000,5.56645
Holy Smokes,Bailey Zimmerman,76,-1.2637262261591526,-0.4208049605605685,7,-0.3550044056566275,1.0151849672406321,-0.45777202973463643,195158,770000,3.2526333333333333
ESCAPATE,Tito Double P,87,1.1080016266637425,-1.1169087058809861,5,-0.9787935505471861,1.0349135116451444,0.05545316261916348,145184,870000,2.4197333333333333
LIL DEMON,Future,77,1.4077986867115806,0.63476219422859,11,0.1935780103501615,-0.988248717037599,-0.6776162539220103,139197,780000,2.31995
Dumb & Poetic,Sabrina Carpenter,78,-1.2037668141495854,-1.4478432733283977,7,0.30825493737151255,2.0529064029179827,0.515057812488238,133479,760000,2.22465
25,Rod Wave,76,-1.4969017173074712,-0.8145029804549029,0,-0.4512796862489711,0.1352918867993804,-0.404151487249911,180000,760000,3.0
Después De La 1,Cris Mj,86,1.0213935870943678,-0.3523357397093798,6,0.3962628115972006,-0.873625874047382,-0.6622960989263745,177600,860000,2.96
ss,Ken Carson,77,-1.0039021074510266,0.10983150103614392,11,-0.15578658127302433,-0.8495570498738769,-0.21264954980446335,184375,770000,3.0729166666666665
Spin You Around (1/24),Morgan Wallen,76,-0.1977811237668402,-1.1340260110937832,4,0.13783969000722585,2.1436577071787397,-0.21264954980446335,209427,780000,3.49045
Am I Okay?,Megan Moroney,75,-0.39098367357544705,0.5206468261432755,9,0.3095883900112957,-0.9142666755206775,-0.31989063477391394,235003,810000,3.916716666666667
TÚ NAME,Fuerza Regida,81,0.7215965270465295,0.5948218153987299,0,0.39839633582085365,-0.72684550367781,0.9899826173529483,152079,750000,2.53465
i like the way you kiss me,Artemas,84,-0.35101073223573526,1.730269727847608,11,0.6170825687452908,-0.9894797782084405,-0.7442589281530261,142515,780000,2.37525
euphoria,Kendrick Lamar,78,1.194609666233118,0.0014219013550951479,1,0.41999826858534084,-0.8116782446172132,-0.733534819656081,383639,780000,6.393983333333333
Yeah Glo!,GloRilla,75,1.6143255503000915,0.09841996422761247,11,0.32745665538438995,-0.8973001273327968,-0.312230557276096,142703,850000,2.3783833333333333
SI NO ES CONTIGO,Cris Mj,85,0.7415829977163854,-0.09557616151742218,5,0.25064978333288057,-0.6542444602692045,0.19333455757988574,156171,790000,2.60285
Lonely Road (with Jelly Roll),mgk,78,-0.6841185767333325,0.20682956390866125,7,0.2869196951349821,-0.9525400516654314,1.4189469572307511,189357,780000,3.15595
us. (feat. Taylor Swift),Gracie Abrams,79,-0.7907130869725639,-0.5120972550288195,7,0.024229525097701207,0.9717821695507048,-0.6791482694215739,242667,780000,4.04445
Risk,Gracie Abrams,78,0.38182652565897957,-0.8715606644975602,3,0.14370688162227152,1.038859220526047,-0.7304707886569539,191587,830000,3.1931166666666666
TEFLON DON,Future,56,1.7608930018790345,-0.369453044922177,11,0.08050122649655009,-0.9794103291443773,-0.5113925722193617,159894,820000,2.6649
LOS CUADROS,Peso Pluma,83,0.8681639786254727,-0.5919780126885397,11,-1.094270549152407,0.26550027986916214,-0.6837443159202647,160424,870000,2.6737333333333333
the boy is mine,Ariana Grande,82,0.9547720181948481,-0.07275308790035928,7,0.1927779387662916,-0.37370455883703857,-0.8162636566325145,173640,750000,2.894
Linger - SiriusXM Session,Royel Otis,78,-1.650131325776366,-1.4250201997113348,2,-0.0080400287850512,2.1870605048686667,-0.6584660601774657,186000,870000,3.1
Guy For That (Feat. Luke Combs),Post Malone,78,-0.27106484955631177,1.5305678336983082,8,0.6589529816344818,-0.9691120289652219,-0.3428708672673677,164011,780000,2.7335166666666666
Heavy Is the Crown,Linkin Park,87,-0.5375511251543902,1.6275658965708255,4,0.7605620727859579,-0.9564068463687159,0.8980616873791333,167012,840000,2.783533333333333
Gata Only,FloyyMenor,87,0.9281233906350403,-0.8202087488591686,8,-0.5054178634241668,0.7666053077437762,-0.6883403624189555,222000,790000,3.7
SKI,Future,55,1.0946773128838385,-0.46074533939042794,11,-0.26379624509545974,-0.6771295717784388,0.39249657252315157,147593,890000,2.4598833333333334
PLUTOSKI,Future,55,0.9481098613048962,-0.626212623114134,9,-0.4344781829877032,-0.44078160981238057,0.20865471257552157,179023,850000,2.9837166666666666
No Son Doritos,Clave Especial,81,0.8748261355154247,1.0912236665698474,3,0.5210739786809037,1.1335562336677063,-0.6852763314198282,160714,780000,2.6785666666666668
TOO FAST,Future,52,-0.7307536749629963,-0.18686845598567378,5,0.021295929290178237,-0.4684015719786979,-0.404151487249911,205731,860000,3.42885
Q U E V A S H A C E R H O Y ?,Omar Courtz,89,-0.610834850943861,0.21824110071719272,6,0.07276720118580782,-0.5867728384057722,-0.5650131147040871,223320,810000,3.722
SOUTH OF FRANCE,Future,51,1.2479069213527336,0.007127669759360873,2,-0.1477858654343256,-0.8748095867116528,-0.4118115647477289,108953,890000,1.8158833333333333
MJ,Future,50,0.9547720181948481,-1.1169087058809861,9,-0.4768819769328076,-0.5867728384057722,-0.3275507122717319,114916,810000,1.9152666666666667
PRESS THE BUTTON,Future,50,1.1213259404436464,-0.3808645817307084,9,-0.2429943839148427,-0.7734048684724592,-0.580333269699723,170257,780000,2.8376166666666665
SURFING A TSUNAMI,Future,50,1.0746908422139827,0.6918198782712472,0,-0.16938779819881253,-0.07777639276935304,0.45377719250569465,213699,790000,3.56165
Circadian Rhythm,Drake,79,0.28189417230970015,-0.3922761185392399,1,0.11543768565886874,-0.23165903912454952,-0.7488549746517169,126356,790000,2.105933333333333
LOST MY DOG,Future,48,-0.8573346558720835,-2.3322373759895845,7,-0.703302235167987,2.842048179098477,-0.31989063477391394,173737,820000,2.8956166666666667
Moonlit Floor (Kiss Me),LISA,89,0.5417182910178266,0.8173467831650932,5,0.7002900134677594,-0.4881301163832103,0.9976426948507662,155757,730000,2.59595
Lie To Girls,Sabrina Carpenter,78,0.06204299494128624,-1.305199063221755,5,-0.665698870726102,0.8376280676000208,1.4572473447198406,202001,810000,3.3666833333333335
Thick Of It (feat. Trippie Redd),KSI,81,-0.4242944580252068,1.0455775193357215,11,0.7584285485623049,-0.6901504110854171,1.1278640123136707,160842,760000,2.6807
Bad Dreams,Teddy Swims,85,0.36850221187907567,0.21253533231292698,8,0.09970294450942749,0.08794338022855089,-0.6630621066761563,184578,760000,3.0763
São Paulo (feat. Anitta),The Weeknd,85,-0.5175646544845343,0.09271419582334675,5,-0.21339173531165656,-0.830617647245545,-0.671488191923756,301623,740000,5.02705
No Face,Drake,78,1.341177117812061,0.2695930163555836,10,0.1917111766544652,-0.6889666984211462,-0.73736485840499,137143,820000,2.2857166666666666
DEVIL IS A LIE,Tommy Richman,79,1.680947119199611,-1.0883798638596573,9,-0.18538922987621048,-0.30662750786169657,-0.4960724172237259,130944,740000,2.1824
SKINNY,Billie Eilish,79,-2.669441329939015,-2.2295335447128015,9,-2.1071611743316896,1.741195401326687,-0.6354858276840119,219733,720000,3.6622166666666667
BABY I'M BACK,The Kid LAROI,82,-1.5635232862069908,0.571998741781667,11,0.3954627400133307,-0.9324169363728289,0.08609347261043514,171244,800000,2.8540666666666668
AY MAMÁ,Tito Double P,85,0.09535377939104604,0.6918198782712472,4,0.07463403488150439,0.4509485972715783,1.2810655622700287,163115,790000,2.718583333333333
WHISKEY WHISKEY (feat. Morgan Wallen),Moneybagg Yo,73,0.5750290754675864,0.3837083844408981,5,0.7464274748042565,-0.8882249969067211,-0.18200923981319167,161053,760000,2.6842166666666665
overseas,Ken Carson,76,-1.0905101470204022,0.8059352463565618,6,0.8451029701482098,-0.9830798384036166,-0.21264954980446335,141032,780000,2.3505333333333334
Taste,Sabrina Carpenter,81,0.12200240695085388,1.5248620652940426,0,0.6685538406409204,-0.6226787892219847,0.9516822298638588,157280,840000,2.6213333333333333
i like the way you kiss me,Artemas,82,-0.35101073223573526,1.730269727847608,11,0.6170825687452908,-0.9894797782084405,-0.7442589281530261,142515,780000,2.37525
Mamushi (feat. Yuki Chiba),Megan Thee Stallion,80,1.6010012365201876,-0.6376241599226654,1,0.4290657465358662,-0.8629724600689452,-0.7457909436525897,156988,850000,2.6164666666666667
Just Like Johnny,Redferrin,74,-0.4176323011352549,-0.1012819299216879,4,0.33999111019835176,-0.8874358551305407,-0.4271317197433648,199392,820000,3.3232
Dancing In The Flames,The Weeknd,84,-0.6641321060634766,0.4978237525262126,1,0.09970294450942749,-0.9888405733697342,-0.7358328429054265,220037,720000,3.6672833333333332
Chill Bae,Lil Uzi Vert,76,0.1353267207307578,0.11553726944040965,3,0.15810817013192965,-0.55126145847765,-0.3505309447651856,138324,730000,2.3054
Wanna Be (with Megan Thee Stallion),GloRilla,74,1.7808794725488903,-0.078458856304625,1,0.37519425988862687,-0.904007832430331,-0.25861001479137086,156444,800000,2.6074
THE DINER,Billie Eilish,79,1.367825745371869,-1.464960578541195,1,-0.8491819539602635,-0.034373595079425896,-0.5267127272149975,186347,850000,3.105783333333333
Happy Face,Treaty Oak Revival,72,-0.9106319109916992,1.62186012816656,9,0.2322481369038728,-0.9898901319320542,1.1278640123136707,202219,760000,3.3703166666666666
PerkySex,Lil Uzi Vert,68,0.6616371150369619,1.3137486343362106,0,0.15490788379644996,-0.6447747589550386,-0.6538700136787748,170674,750000,2.8445666666666667
Feel It - From The Original Series “Invincible”,d4vd,78,-0.5775240664941019,-0.2838665188581911,8,0.19011103348672534,-0.8795444373687357,0.2699353325580649,157974,760000,2.6329
I Don't Wanna Wait,David Guetta,85,0.19528613274032544,0.406531458057961,1,0.5226741218486435,-0.8452167701048842,0.40015665002096945,149668,810000,2.494466666666667
HIM ALL ALONG,Gunna,76,1.4677580987211483,-0.7745626016250429,4,0.0677000811546318,-0.22376762136274458,-0.5267127272149975,158667,740000,2.64445
Half of forever,Henrik,77,0.6549749581470099,-1.8814816720525926,9,-0.2019240426095214,1.899023756562786,0.606978742462053,153250,780000,2.5541666666666667
Help Me,Real Boston Richey,73,0.6483128012570579,0.3780026160366324,6,0.05116526842132088,-0.38159597659884353,1.1431841673093066,181166,740000,3.019433333333333
Hecha Pa' Mí,Grupo Frontera,82,0.6016777030273942,1.079812129761316,8,0.6160158066334641,-0.655033602045385,0.8904016098813154,195846,760000,3.2641
Fable,Gigi Perez,77,-2.1831038769725226,-1.955656661308047,10,-0.8993197732161102,0.6521797501976044,-0.715150633661318,261005,770000,4.350083333333333
Bad Luck,Zach Top,72,-0.1311595548673206,0.052773816993486676,9,0.31332205740268854,0.9915107139552172,-0.37351117725863936,199248,850000,3.3208
Whiplash,aespa,80,1.4077986867115806,1.4678043812513852,10,0.9608466592813873,-0.6171547967887212,-0.7748992381442977,183227,850000,3.0537833333333335
you look like you love me (feat. Riley Green),Ella Langley,76,0.07536730872119016,0.18400649029159835,11,0.1935780103501615,0.39965438181984614,0.2316349450689753,224280,800000,3.738
Magic Johnson,ian,75,1.7275822174292748,0.26388724795131785,1,0.10690358876425655,-0.9884854595704529,-0.8377118736264046,137159,810000,2.2859833333333333
365,Charli xcx,78,0.7282586839364815,1.2167505714636933,1,0.3882620957585016,-0.38554168547974604,-0.15136892982192002,203618,780000,3.3936333333333333
Presidente,Gabito Ballesteros,85,0.5350561341278747,1.0512832877399874,11,0.6466852173484766,-0.5078586607877227,-0.48075226222809003,181065,760000,3.01775
Light Year (Practice),Lil Uzi Vert,74,-0.09784877041756081,0.28100455316411505,1,-0.17445491822998854,-0.932811507260919,1.2657454072743928,164366,800000,2.7394333333333334
Belong Together,Mark Ambor,81,-0.03788935840799316,0.14406611146173828,2,0.36639347246605797,0.9441622073843875,0.24695510006461116,148318,720000,2.471966666666667
BANDIT,Don Toliver,76,0.18862397585037347,0.862992930399219,2,0.5448094356690439,-0.9700984561854474,2.2462353269950848,147707,750000,2.4617833333333334
i am not who i was,Chance Peña,78,0.33519142742931585,-2.4121181336493045,0,-1.8986091814696047,1.7609239457311994,-0.6944684244172098,145438,780000,2.423966666666667
Never Lose Me,Flo Milli,76,0.8615018217355207,-0.4208049605605685,1,-0.3416698792587958,-0.7824799988985348,-0.6262937346866303,125902,760000,2.0983666666666667
PERO NO TE ENAMORES,Fuerza Regida,80,0.481758879008259,1.387923623591665,8,0.2586504991715793,0.37992583741533376,-0.5573530372062692,183847,810000,3.0641166666666666
If We Being Rëal,Yeat,80,-1.2970370106089124,-0.8202087488591686,1,-0.024841532046318848,-0.018590759555815992,-0.06710807734592295,172500,780000,2.875
N o C h i l l,PARTYNEXTDOOR,78,-0.5109024975945823,-1.322316368434552,2,-0.6520976538003138,1.0151849672406321,-0.6998304786656823,265374,810000,4.4229
Guess featuring billie eilish,Charli xcx,80,0.8548396648455687,0.40082568965369525,0,0.5557437473152657,-0.9272875148276556,-0.2739301697870067,143331,820000,2.38885
In The Stars,Benson Boone,81,-1.9299419151543482,-0.5862722442842739,10,0.1455737153179681,0.3404687486063092,-0.312230557276096,216410,730000,3.6068333333333333
Rey Sin Reina,Julión Álvarez y su Norteño Banda,84,-0.8173617145323717,-1.6361336306691667,3,-0.009373481424834325,0.1510747223229903,-0.33521078976954977,150523,860000,2.5087166666666665
Cool,Gracie Abrams,76,0.3618400549891237,-0.35804150811364555,0,0.4277322938960831,1.4492129441399042,-0.6033135021931766,229162,730000,3.819366666666667
I Am Not Okay,Jelly Roll,74,-0.770726616302708,0.04706804858922095,7,0.36506001982627484,-0.6617413071429191,-0.243289859795735,198067,730000,3.3011166666666667
A Cigarette,Gavin Adcock,72,-0.2644026926663598,-2.8229334587564363,7,-1.4321674480734576,2.3961830755564977,-0.3888313322542752,179900,810000,2.9983333333333335
"I Love You, I'm Sorry - Live From Vevo",Gracie Abrams,76,-1.35699642261848,-1.0769683270511259,10,-0.6774332539561939,1.547855666162466,-0.6523379981792112,204165,810000,3.40275
Losers (Feat. Jelly Roll),Post Malone,75,-0.2977134771161196,0.6689968046541843,0,0.6808216049269254,-0.8779661538163747,-0.25861001479137086,209038,730000,3.483966666666667
Sympathy is a knife featuring ariana grande,Charli xcx,78,0.3951508394388835,-0.22680883481553385,3,-0.3302021865566609,-0.613603658795909,-0.5190526497171797,154127,730000,2.568783333333333
Houdini,Eminem,81,1.8941361396780738,1.3936293919959308,9,1.0179184322641064,-0.8779661538163747,-0.9311648190997831,227239,760000,3.787316666666667
It's Up (feat. Young Thug & 21 Savage),Drake,76,0.8748261355154247,0.4578833736963525,1,0.452267822468093,-0.8890141386829016,-0.15902900731973793,278001,740000,4.63335
American Nights,Zach Bryan,73,-0.5442132820443422,0.20112379550439552,6,0.2527833075565336,-0.8712584487188404,-0.580333269699723,218933,760000,3.6488833333333335
FRI(END)S,V,86,-1.2370775985993447,-0.2382203716240653,8,0.5624110105141815,-0.868891023390299,-0.6668921454250653,148082,710000,2.4680333333333335
HOLLYWOOD,Peso Pluma,81,0.36850221187907567,0.22965263752572415,3,-0.27233034199007194,1.7688153634930044,-0.3505309447651856,284864,740000,4.747733333333334
Ends of the Earth,Ty Myers,71,-0.0312272015180412,-1.9727739665208441,9,-0.3278019718050511,0.024812038134111255,-0.6201656726883761,269830,730000,4.497166666666667
TEFLON DON,Future,74,1.7608930018790345,-0.369453044922177,11,0.08050122649655009,-0.9794103291443773,-0.5113925722193617,159894,720000,2.6649
Wild Ones (feat. Jelly Roll),Jessie Murph,73,0.0687051518312382,-0.5292145602416166,0,0.20291217882864362,-0.9792130437003322,1.7330101346412856,141368,810000,2.356133333333333
Magnetic,ILLIT,83,0.9680963319747521,0.14406611146173828,6,0.2021121072447737,0.02086632925320878,-0.7059585406639366,160688,770000,2.6781333333333333
High Road (feat. Jessie Murph),Koe Wetzel,73,-0.1977811237668402,0.4750006789091497,6,0.2583838086436228,-0.7887931331079787,-0.6829783081704829,178416,730000,2.9736
Maxed Out,Bayker Blankenship,73,0.2219347603001333,-1.5334297993923836,7,-1.120406220892157,0.423328635105261,-0.5650131147040871,172608,710000,2.8768
TGIF,GloRilla,76,1.5943390796302355,-0.6661530019439941,8,0.01516204714717582,-0.6826535642117023,-0.35819102226300353,164571,830000,2.74285
Houdini,Dua Lipa,81,0.6150020168072982,0.8344640883778904,9,0.4536012751078761,-0.978976301167478,-0.6515719904294294,185918,710000,3.0986333333333334
Forever,Noah Kahan,74,-1.7167528946758857,-2.2067104710957386,0,-1.1646768485329577,2.0252864407516653,-0.488412339725908,268354,760000,4.472566666666666
High Road (feat. Jessie Murph),Koe Wetzel,73,-0.2510783788864559,0.571998741781667,6,0.408263885355249,-0.6621358780310094,-0.5573530372062692,179413,720000,2.9902166666666665
Change Me,BigXthaPlug,73,1.1546367248934062,0.029950743376423773,6,0.38799540523054515,-0.6641087324714606,0.17801440258425014,137000,730000,2.283333333333333
obsessed,Olivia Rodrigo,77,0.18862397585037347,-0.3523357397093798,8,0.3762610220004533,-0.9217635223943921,0.7372000599249575,170542,750000,2.8423666666666665
BAND4BAND (feat. Lil Baby),Central Cee,81,1.5343796676206678,0.6918198782712472,11,0.3562592324037062,0.423328635105261,-0.4654321072324543,140733,760000,2.34555
Spin You Around,Morgan Wallen,72,-0.8973075972117952,1.3365717079532735,4,0.7882978876934474,-0.9875779465278455,0.21631479007333948,212850,840000,3.5475
I Ain't Sayin',Jordan Davis,73,-0.2510783788864559,1.536273602102574,8,0.5306748376873425,0.7666053077437762,-0.12838869732846628,174060,820000,2.901
Darlin',Chase Matthew,72,0.9747584888647041,-0.20969152960273668,2,0.07916777385676696,-0.2790075456953792,1.618108972174017,165000,640000,2.75
Hell is a Dance Floor,Vincent Mason,71,0.09535377939104604,-1.6247220938606353,9,-0.22139245115035555,2.0252864407516653,-0.8040075326360058,210000,770000,3.5
57,KAROL G,81,1.3078663333623013,0.3951199212494296,1,0.8008323425074092,-0.12117919045928029,-0.5650131147040871,298131,810000,4.96885
SANTAL 33,Peso Pluma,81,0.4217994669986913,0.6918198782712472,6,0.1367729278953992,1.6346612615423206,-0.243289859795735,189834,770000,3.1639
Hate Me,Lil Yachty,73,-0.09118661352760885,-0.1012819299216879,8,-0.0885805682279535,-0.9893298412709662,-0.17434916231537376,161259,810000,2.68765
A Lot More Free,Max McNown,75,-1.2170911279294894,-2.075477797797627,1,-0.592892356593942,-0.21193049472003714,-0.8231577263805506,198920,720000,3.3153333333333332
Pour Me A Drink (Feat. Blake Shelton),Post Malone,75,-0.4642673993649186,1.5191562968897767,11,0.7314928052386852,-0.9856445491762033,0.9823225398551304,195123,760000,3.25205
Belong Together,Mark Ambor,82,-0.03788935840799316,0.14406611146173828,2,0.36639347246605797,0.9441622073843875,0.24695510006461116,148318,770000,2.471966666666667
Madonna,Natanael Cano,84,0.5350561341278747,1.3137486343362106,0,0.16317529016310567,-0.8160185243862059,1.2810655622700287,187088,740000,3.118133333333333
House Again,Hudson Westbrook,71,-0.15780818242712844,-2.1667700922658786,8,-0.7353050985227824,1.6109870082569058,0.0018326201344380743,202291,740000,3.3715166666666665
GGUM,YEONJUN,80,1.4810824125010522,-0.1241050035387508,10,-0.07737956605377506,-0.9825274391602902,-0.6814462926709193,151689,710000,2.52815
we can't be friends (wait for your love),Ariana Grande,81,-0.04455151529794512,0.018539206567892322,5,-0.4686145705661519,-0.7505197569632248,-0.8101355946342602,228639,810000,3.81065
No Pasa Nada,Clave Especial,76,1.2145961369029739,1.4335697708257908,4,1.238204808356283,-0.08566781053115799,-0.4271317197433648,136001,730000,2.2666833333333334
Jailbreak,Waylon Wyatt,71,-0.9372805385515071,-0.2838665188581911,10,0.42079834016921075,1.1098819803822915,-0.5496929597084513,193533,720000,3.22555
Close To You,Gracie Abrams,77,-0.4109701442453029,0.48070644731341544,6,-0.3675388604705891,-0.8909869931233528,-0.7434929204032444,225973,770000,3.7662166666666668
hakuna matata,Gunna,75,1.827514570778554,0.4750006789091497,5,0.5088062143948988,0.11950905127577048,-0.5343728047128155,127853,860000,2.1308833333333332
Get It Sexyy,Sexyy Red,71,1.0613665284340794,-0.015695403857702028,5,0.25251661702857686,-0.6155765132363602,-0.404151487249911,148552,720000,2.4758666666666667
PLUTOSKI,Future,74,0.9481098613048962,-0.626212623114134,9,-0.4344781829877032,-0.44078160981238057,0.20865471257552157,179023,760000,2.9837166666666666
The Prophecy,Taylor Swift,76,-1.536874658647183,-0.6718587703482598,10,-1.0086628896783287,2.2620289736058137,0.9823225398551304,249807,850000,4.16345
Burning Down,Alex Warren,77,-1.0172264212309305,0.17830072188733262,10,0.7229587083440729,-0.6992255415114926,-0.8829063308635303,179437,810000,2.9906166666666665
That’s So True - Live From Radio City Music Hall,Gracie Abrams,63,-0.9972399505610746,0.7659948675267017,10,-0.11471623996770325,-0.8183859497147473,1.35000625975039,194199,730000,3.23665
BITTERSUITE,Billie Eilish,77,-0.8706589696519874,-2.21812200790427,9,-2.0887595279026825,2.2225718847967886,-0.5037324947215438,298440,760000,4.974
NUMBER 2,Lil Tecca,74,-0.07786229974770492,-0.044224245879030656,1,0.48507075740675865,-0.7789288609057226,-0.5113925722193617,137904,720000,2.2984
SI NO ES CONTIGO - REMIX,Cris Mj,81,0.5350561341278747,0.5548814365688699,0,0.6122821392420714,-0.8148348117219352,-0.404151487249911,254501,760000,4.2416833333333335
mewtwo,Ken Carson,73,-0.03788935840799316,0.5834102785901985,8,0.862971235521304,-0.9118992501921359,-0.19732939480882752,128000,800000,2.1333333333333333
TGIF,GloRilla,72,1.6143255503000915,-0.6661530019439941,10,-0.012040386704400573,-0.675945859114168,-0.3658510997608214,164571,710000,2.74285
Neva Play (feat. RM of BTS),Megan Thee Stallion,80,1.161298881783358,0.6461737310371215,2,0.42479869808856013,-0.9130829628564068,-0.6760842384224468,157173,800000,2.61955
Move,Adam Port,86,0.5017453496781149,0.7945237095480303,8,-0.520619223517695,-0.7710374431439176,0.34653610753624403,177599,720000,2.959983333333333
New Woman (feat. ROSALÍA),LISA,86,-1.1637938728098736,1.2053390346551618,7,0.4965384501088938,-0.6546390311572947,-0.8790762921146213,179790,710000,2.9965
Wine Into Whiskey,Tucker Wetmore,71,0.4151373101087394,0.30953339518544365,11,0.35999289979509885,-0.6996201123995829,-0.6653601299255018,166347,750000,2.77245
Pretty Slowly,Benson Boone,76,-0.4242944580252068,-0.3808645817307084,9,0.20184541671681697,0.46278572391428574,-0.572673192201905,261421,560000,4.3570166666666665
Better Days (feat. John Mayer),Zach Bryan,73,-0.5975105371639571,-0.44933380258189715,9,-0.09844811776234881,1.7885439078975167,-0.6630621066761563,212467,820000,3.5411166666666665
I'm Gonna Love You,Cody Johnson,71,-0.6641321060634766,-0.8487375908804973,3,0.08396820335998649,0.4193829262243585,-0.5496929597084513,188107,730000,3.1351166666666668
Cinderella,Future,76,1.4944067262809562,-1.3166106000302864,5,-0.3102003969599135,0.7074196745302391,-0.6033135021931766,169840,730000,2.8306666666666667
Liar,Jelly Roll,72,-0.04455151529794512,0.7089371834840444,1,0.3666601629940147,-0.8333796434621767,-0.6722541996735378,204933,710000,3.41555
intro (end of the world),Ariana Grande,81,-0.9705913230012668,-1.6018990202435723,10,-0.7742419156044507,1.6504440970659304,-0.028807689856833588,92400,700000,1.54
delusional,Ken Carson,73,-0.57086190960415,1.0626948245485188,0,0.3365241333349153,-0.9927113137818996,0.39249657252315157,131274,760000,2.1879
A Cold Sunday,Lil Yachty,72,-0.5109024975945823,1.2395736450807562,9,0.909908768441671,0.18264039337021012,-0.6316557889351029,107314,750000,1.7885666666666666
M a k e I t T o T h e M o r n i n g,PARTYNEXTDOOR,77,0.1686375051805176,-0.11839923513448508,4,0.18024348395233003,-0.6652924451357314,-0.19732939480882752,168453,720000,2.80755
Leave Me Alone,BigXthaPlug,71,1.2212582937929257,0.9086390776333448,7,0.6109486866022883,-0.87046930694266,-0.7013624941652459,143778,870000,2.3963
Down Bad,Taylor Swift,75,-0.7374158318529482,-1.5790759466265094,11,-1.0227974876600303,1.2164161201666583,-0.6523379981792112,261228,710000,4.3538
BAD TIME,Lil Tecca,73,0.5950155461374423,0.9143448460376106,2,0.7165581356731139,-0.8428493447763427,-0.5267127272149975,210803,630000,3.5133833333333335
The Way Back,Zach Bryan,71,-0.7240915180730443,-0.8601491276890287,0,-0.46301406947906293,1.662281223708638,-0.5190526497171797,185520,380000,3.092
Alibi (with Pabllo Vittar & Yseult),Sevdaliza,68,0.5950155461374423,0.63476219422859,11,0.31065515212312234,-0.9724264244251799,-0.41947164224554684,161656,700000,2.6942666666666666
So High School,Taylor Swift,76,-1.9032932875945405,1.2738082555063506,7,0.5501432462281765,-0.8850684298019991,-0.5650131147040871,228800,760000,3.8133333333333335
imgonnagetyouback,Taylor Swift,75,0.8814882924053765,-1.4364317365198662,9,-0.7718417008528409,1.4058101464499768,0.5533581999773276,222072,710000,3.7012
FIELD TRIP,¥$,76,0.5283939772379227,0.24676994273852132,11,0.49867197433254684,-0.7801125735699934,-0.7143846259115364,167229,740000,2.78715
Soltera,Shakira,87,1.2612312351326376,0.6233506574200586,2,0.49120463954976107,-0.3342474700280138,5.8924322159564095,214643,750000,3.577383333333333
05-Jul,Tito Double P,82,1.1679610386733101,-0.26674921364539395,10,-0.47554852429302424,0.5022428127233105,-0.31989063477391394,174213,730000,2.90355
UNA BOKA,Lalo Ebratt,70,0.5550426047977305,0.44647183688782105,7,0.46853594467344745,0.3483601663681141,-0.6592320679272473,150588,730000,2.5098
Or What,NLE Choppa,72,0.5283939772379227,-0.3238068976880512,1,-0.2632628640395465,-0.53547862295404,-0.6209316804381578,199165,820000,3.3194166666666667
Run Your Mouth,Gavin Adcock,70,0.4617724083384031,-0.4379222657733657,11,-0.026174984686101972,-0.5946642561675771,-0.5267127272149975,160291,770000,2.6715166666666668
Sounds Like the Radio,Zach Top,70,-0.08452445663765688,1.4392755392300567,7,0.6493521226280429,0.07216054470494097,1.3883066472394794,218868,780000,3.6478
Mirada,Ivan Cornejo,74,0.25524554474989236,-1.4250201997113348,4,-0.9809270747708394,1.9739922252999331,-0.5420328822106334,167523,770000,2.79205
Somebody Save Me,Eminem,75,-0.4975781838146784,0.0813026590148153,0,0.024229525097701207,1.7569782368502969,-0.488412339725908,230199,850000,3.83665
Break It Right Back,Megan Moroney,70,-1.0105642643409787,-0.5805664758800082,1,0.7224253272881598,0.5219713571278229,-0.8783102843648395,214670,700000,3.5778333333333334
This Town's Been Too Good To Us,Dylan Scott,72,0.2952184860896041,-0.5006857182202881,11,-0.12218357475048904,-0.7552546076203078,-0.0364677673546515,191627,680000,3.193783333333333
Chk Chk Boom,Stray Kids,82,1.8208524138886022,0.5548814365688699,2,1.0344532449974175,-0.3381931789089163,-0.9778912918364723,148051,770000,2.4675166666666666
Both Ways,Juice WRLD,73,0.4950831927881629,-1.4079028944985377,5,-0.6785000160680204,0.0682148358240385,2.6598795118772522,197428,710000,3.2904666666666667
Tough,Quavo,79,-0.4642673993649186,-0.4892741814117566,8,-0.3744728141974614,0.7902795610291912,-0.4501119522368185,188867,720000,3.1477833333333334
That’s So True,Gracie Abrams,56,-0.6574699491735247,0.9771082984845328,1,0.6669536974731807,-0.20009336807732972,-0.21264954980446335,166300,740000,2.7716666666666665
AGATS2 (Insecure) [with Nicki Minaj],Juice WRLD,0,-0.11117308419746472,0.509235289334744,8,0.6448183836527803,-0.034373595079425896,-0.20498947230664544,199074,710000,3.3179
AGATS2 (Insecure) [with Nicki Minaj],Juice WRLD,0,-0.07120014285775296,0.4407660684835554,8,0.6352175246463415,0.0011377848486963935,-0.2356297822979171,199074,720000,3.3179
23,Chayce Beckham,73,-0.15780818242712844,-0.3352184344965826,0,-0.20912468686435048,0.10372621575216079,-0.2892503247826425,228145,760000,3.802416666666667
if u think i'm pretty,Artemas,77,-0.77738877319266,-0.11839923513448508,8,0.21491325258669197,1.1414476514295113,1.702369824650014,128206,700000,2.1367666666666665
"Double Life - From ""Despicable Me 4""",Pharrell Williams,77,1.327852804032157,0.052773816993486676,8,0.5984142317883265,-0.8681018816141185,-0.6599980756770292,190782,810000,3.1797
The Largest,BigXthaPlug,71,1.6476363347498513,1.2395736450807562,5,1.0341865544694608,-0.7647243089344736,-0.722810711159136,132267,780000,2.20445
Wind Up Missin’ You,Tucker Wetmore,71,-0.5308889682644382,0.4521776052920868,6,0.2023787977727304,1.0270220938833394,-0.4271317197433648,166040,870000,2.767333333333333
Sale Para Ser Feliz,Ivan Cornejo,73,-0.39098367357544705,-0.8259145172634343,9,-0.6574314643594463,0.30890307755908936,-0.5956534246953588,192499,780000,3.2083166666666667
Relapse,Warren Zeiders,72,-0.57086190960415,0.6233506574200586,1,0.6600197437463081,-0.9923443628559756,-0.8001774938870968,158634,700000,2.6439
Cavalier,Juice WRLD,72,-0.4909160269247264,0.10983150103614392,11,-0.2235259753740086,-0.12907060822108524,-0.25861001479137086,152184,730000,2.5364
Take Care,BigXthaPlug,70,0.7882180959460491,0.07559689061054957,2,-0.12245026527844552,1.232198955690268,3.035223309270329,150000,720000,2.5
Mírame,Blessd,85,0.43512378077859526,0.07559689061054957,7,0.5674781305453575,-0.4368359009314782,-0.8706502068670217,157453,750000,2.624216666666667
Sorry Not Sorry,Lil Yachty,70,0.0687051518312382,-0.7631510648165114,1,-0.6886342561303723,-0.018590759555815992,0.6605992849467783,136709,610000,2.2784833333333334
Sienna,The Marías,71,0.2219347603001333,-0.9970875693914057,7,-0.7542401260077031,1.307167424427415,-0.15902900731973793,224840,820000,3.747333333333333
Guilty as Sin?,Taylor Swift,77,-0.17113249620703236,-1.2253183055620347,2,-0.4792821916844174,1.4018644375690743,-0.671488191923756,254366,790000,4.239433333333333
Dangerous,Jorge Rivera-Herrans,73,0.3418535843192678,0.06989112220628385,10,0.22318065895334743,1.816163870063834,-0.4654321072324543,204000,750000,3.4
I Told You Things,Gracie Abrams,74,-0.064537985967801,-0.728916454390917,5,-0.24539459866645225,2.565848557435304,-0.580333269699723,221207,710000,3.6867833333333335
Training Season,Dua Lipa,79,1.0680286853240315,-0.3181011292837855,5,0.5584106525948321,-0.8554756131952307,-0.43479179724118266,209488,730000,3.4914666666666667
Wanna Be Loved,The Red Clay Strays,70,-0.20444328065679215,-0.9913818009871403,8,0.1498407637652742,1.3860816020454645,-0.39649140975209307,217308,700000,3.6218
Drink Don't Need No Mix (feat. BigXthaPlug),Shaboozey,71,1.5543661382905238,-0.07275308790035928,9,0.3549257797639228,-0.688572127533056,-0.5113925722193617,133125,710000,2.21875
Guilty as Sin?,Taylor Swift,76,-0.17113249620703236,-1.2253183055620347,2,-0.4792821916844174,1.4018644375690743,-0.671488191923756,254366,700000,4.239433333333333
How Did It End?,Taylor Swift,75,-1.0638615194605943,-1.504900957371055,0,-0.608627097743383,2.104200618369715,-0.5496929597084513,238707,830000,3.97845
Addicted,Zerb,81,0.7948802528360011,0.5605872049731355,5,-0.14805255596228206,-0.8965109855566163,-0.5267127272149975,152250,830000,2.5375
so american,Olivia Rodrigo,76,-1.4436044621878557,1.7359754962518736,8,1.2483390484186352,-0.8602104638523135,3.916132221519389,169717,750000,2.8286166666666666
UWAIE,Kapo,87,0.3551778980991717,0.800229477952296,9,0.4784034942078428,-0.44867302757418553,-0.6232297036875032,172427,720000,2.8737833333333334
Houdini,Eminem,78,1.8941361396780738,1.3422774763575394,9,1.0077841922017543,-0.8815172918091869,-0.8492019898731314,227032,690000,3.7838666666666665
Down Bad,Taylor Swift,74,-0.7374158318529482,-1.5790759466265094,11,-1.0227974876600303,1.2164161201666583,-0.6523379981792112,261228,830000,4.3538
Volver Al Futuro,Oscar Maydon,81,0.6749614288168658,0.10983150103614392,1,-0.03337562894093103,-0.4881301163832103,-0.572673192201905,204103,740000,3.4017166666666667
I Can Do It With a Broken Heart,Taylor Swift,75,0.32852927053936387,0.6176448890157928,0,-0.48354924013172346,-0.5078586607877227,-0.22796970480009918,218005,700000,3.6334166666666667
The Smallest Man Who Ever Lived,Taylor Swift,75,-1.5035638741974233,-1.3280221368388179,10,-0.6683657760056683,1.0585877649305593,1.2121248647896679,245542,780000,4.092366666666667
Get It Sexyy,Sexyy Red,71,1.0613665284340794,-0.015695403857702028,5,0.25251661702857686,-0.6155765132363602,-0.404151487249911,148552,760000,2.4758666666666667
PRIMO,Tito Double P,81,0.06204299494128624,0.9428736880589391,3,0.07916777385676696,0.4075457995816511,-0.37351117725863936,164991,760000,2.74985
weren't for the wind,Ella Langley,71,-1.2370775985993447,0.9200506144418763,6,0.5170736207615543,-0.3539760144325262,-0.18966931731100958,193667,710000,3.2277833333333334
Harpy Hare,Yaelokre,76,-0.04455151529794512,-0.626212623114134,2,-1.3529603612703387,1.547855666162466,0.15503417009079637,180923,740000,3.0153833333333333
SKI,Future,71,1.0946773128838385,-0.4664511077946937,11,-0.26379624509545974,-0.6771295717784388,0.39249657252315157,147593,700000,2.4598833333333334
Super Tuna,Jin,83,-0.07120014285775296,1.832973559124391,8,0.6762878659516626,-0.9683228871890414,-1.034575865320325,114693,790000,1.91155
Giza,Natanael Cano,82,0.308542799869508,1.4164524656129938,5,0.41973157805738415,-0.6214950765577139,-0.35819102226300353,177581,730000,2.9596833333333334
Black Friday (pretty like the sun),Lost Frequencies,83,1.341177117812061,-0.14122230875154798,6,-1.1350741999297715,1.504452868472539,-0.6324217966848847,145599,790000,2.42665
Santa,Rvssian,83,0.48842103589821095,0.3780026160366324,3,0.41599791066599123,0.2733916976309671,-0.5037324947215438,193039,810000,3.2173166666666666
Breathe,Yeat,73,0.7215965270465295,-0.5520376338586795,11,-1.7375281025838,-0.8811227209210967,-0.5879933471975408,170847,810000,2.84745
Carry You Home,Alex Warren,78,-0.8440103420921796,0.09841996422761247,10,-0.13791831589993028,0.8534109031236308,-0.39649140975209307,166881,740000,2.78135
That's Who I Praise,Brandon Lake,71,0.0020835829317185986,0.06989112220628385,3,0.02876326407296378,-0.9867888047516649,0.23929502256679325,228286,730000,3.8047666666666666
PELIGROSA,FloyyMenor,83,0.7415829977163854,-0.7060933807738541,6,-0.22645957118153157,-0.12512489934018275,-0.751919005650844,134930,710000,2.2488333333333332
you look like you love me (feat. Riley Green),Ella Langley,72,0.07536730872119016,0.18400649029159835,11,0.1935780103501615,0.39965438181984614,0.2316349450689753,224280,700000,3.738
Sweet Dreams,Koe Wetzel,69,0.38848868254893154,-0.4150991921563028,2,0.4231985549208203,-0.002807924032206083,-0.48075226222809003,173269,710000,2.8878166666666667
JOYRIDE,Kesha,74,0.9147990768551364,1.4620986128471196,10,0.5133399533701615,-0.9225526641705727,-0.5037324947215438,150000,690000,2.5
I Ain't Worried,OneRepublic,78,0.4084751532187874,0.8515813935906875,0,0.1653088143867587,-0.5867728384057722,-0.8423079201250954,148486,750000,2.4747666666666666
The Thin Grey Line,$uicideboy$,71,0.7282586839364815,0.9314621512504077,1,0.4402667487100447,-0.9016404071017895,0.7448601374227755,105724,830000,1.7620666666666667
"I Love You, I'm Sorry - Live From Vevo",Gracie Abrams,74,-1.3636585795084322,-1.054145253434063,10,-0.6806335402916731,1.571529919447881,-0.6500399749298659,204165,570000,3.40275
Aquamarine,Addison Rae,76,-0.557537595824246,1.0512832877399874,7,-0.4504796146651011,-0.6913341237496876,-0.6416138896822662,162815,760000,2.7135833333333332
RELOJ,Peso Pluma,74,-0.6574699491735247,-0.9286183485402174,3,-0.8825182699548423,1.3624073487600497,-0.6546360214285567,232205,760000,3.8700833333333335
I CAN’T LET GO,Lil Tecca,73,-0.01790288773813728,0.67470257305845,8,0.632817309894732,-0.9657976335052637,0.20865471257552157,150204,730000,2.5034
Out of Oklahoma (From Twisters: The Album),Lainey Wilson,70,-0.20444328065679215,-0.9970875693914057,9,-0.587825236562766,0.7863338521482887,-0.572673192201905,208267,710000,3.4711166666666666
prove it,21 Savage,73,-0.5775240664941019,0.571998741781667,6,0.3071881752596861,0.4943513949615056,0.3848364950253336,207586,750000,3.459766666666667
BELANOVA,Peso Pluma,79,0.4950831927881629,0.9428736880589391,1,0.19517815351790135,1.2006332846430485,0.21631479007333948,164822,700000,2.7470333333333334
Von dutch,Charli xcx,75,0.3618400549891237,0.3152391635897094,10,0.23944878115870188,-0.9814226406736375,-0.488412339725908,164284,710000,2.7380666666666666
Make You Mine,Madison Beer,78,-0.7907130869725639,-0.0042838670491705776,6,0.06983360537828485,-0.12117919045928029,0.4461171150078767,221709,730000,3.69515
We Good,Lil Uzi Vert,71,-0.4309566149151588,0.8972275408248134,11,0.9021747431309287,-0.8112836737291229,1.2580853297765748,125000,830000,2.0833333333333335
Rockstar,LISA,83,0.10867809317094995,-0.08416462470889073,8,0.5026723322518962,-0.48418440750230785,-1.1525410587867206,138213,800000,2.30355
Bass Boat,Zach Bryan,71,-0.8306860283122757,-2.5718796489687445,0,-2.2407731288379615,2.072634947322495,-0.5956534246953588,216728,690000,3.6121333333333334
The Black Dog,Taylor Swift,74,-0.8306860283122757,-2.1268297134360186,0,-1.1409413915448177,1.7964353256593217,-0.5956534246953588,238857,720000,3.98095
The Reason,Hoobastank,79,-1.1837803434797296,0.16118341667453545,4,0.5141400249540313,-0.942281208575085,-0.15902900731973793,232800,840000,3.88
Fuel,Eminem,76,1.5543661382905238,0.10983150103614392,1,0.38346166625528233,-0.5157500785495276,-0.5420328822106334,213646,730000,3.560766666666667
Who’s Afraid of Little Old Me?,Taylor Swift,74,-0.30437563400607154,-1.7388374619459495,0,-1.0609342331578282,0.2497174443455522,-0.5650131147040871,334085,690000,5.568083333333333
2 Slippery (feat. BossMan Dlow),Luh Tyler,69,-0.29105132022616764,-1.3850798208814747,1,-0.7846428461947592,-0.8787552955925552,-0.4654321072324543,159228,710000,2.6538
Brokey,Latto,70,0.8281910372857609,-0.6718587703482598,1,-0.038976130028020244,-0.8487679080976964,-0.5496929597084513,217613,740000,3.6268833333333332
Get in the Water,Jorge Rivera-Herrans,72,-2.829333095297862,-0.40368765534777135,2,-0.11364947785587685,0.9520536251461924,-0.45777202973463643,220737,710000,3.67895
Packing It Up,Gracie Abrams,73,0.0687051518312382,-1.1511433163065803,2,-0.1680543455590294,2.0450149851561776,0.7448601374227755,164109,790000,2.73515
Cry,Benson Boone,75,0.3951508394388835,-0.9286183485402174,10,0.3535923271241397,-0.5828271295248697,-0.6921704011678644,186360,780000,3.106
Last Lap,Rod Wave,69,0.5750290754675864,-1.3622567472644118,6,-1.0481330878159099,0.2852288242736745,0.6835795174402322,248320,720000,4.1386666666666665
One Take Freestyle,1900Rugrat,70,-0.9572670092213629,0.46358914210061825,10,0.044764695750361745,-0.07777639276935304,0.6988996724358679,179907,740000,2.99845
HEAT STICK,Shoreline Mafia,70,1.9341090810177848,-1.0370279482212659,11,-0.4416788272425325,-0.7067223883852074,-0.5267127272149975,137143,760000,2.2857166666666666
Guy For That (Feat. Luke Combs),Post Malone,72,-0.29105132022616764,1.5476851389111055,8,0.6562860763549155,-0.9716767397378084,-0.3275507122717319,164011,740000,2.7335166666666666
2AM,BigXthaPlug,69,1.5477039814005717,0.21824110071719272,8,0.19677829668564095,-0.8199642332671083,0.7448601374227755,184294,720000,3.0715666666666666
NISSAN ALTIMA,Doechii,71,2.1472981014962476,0.38941415284516384,11,0.36559340088218806,-0.6033448157055625,-0.696766447666555,126832,760000,2.1138666666666666
Talk My Shit,BossMan Dlow,69,-0.2510783788864559,-1.0256164114127344,1,-0.1267173137257516,-0.9567619601679971,0.6376190524533246,104471,740000,1.7411833333333333
SE ME OLVIDA,Maisak,84,0.8948126061852805,0.3665910792281009,7,0.5842796338066252,-0.8357470687907183,-0.4501119522368185,225373,720000,3.7562166666666665
Heart Of A Woman,Summer Walker,73,0.4284616238886433,-1.2139067687535035,9,-0.4542132820564938,0.9086508274562652,-0.25861001479137086,171000,820000,2.85
Vuelve,Ivan Cornejo,73,-1.2637262261591526,-1.6247220938606353,5,-0.6688991570615818,1.4413215263780992,-0.5650131147040871,162249,740000,2.70415
Six Hundred Strike,Jorge Rivera-Herrans,72,-1.9099554444844924,1.245279413485022,8,0.4210650306971673,-0.46051015421689295,1.8785516070998256,211765,690000,3.5294166666666666
Tal Vez Fui Yo,El Padrinito Toys,80,-0.45760524247496664,0.7488775623139045,5,0.3335905375273926,-0.22376762136274458,0.599318664964235,150365,690000,2.506083333333333
It's Going Down Now,高橋あず美,76,-1.123820931470162,1.7645043382732024,1,0.22131382525765111,-0.9872228327285641,0.8521012223922259,186093,790000,3.10155
Sexy to Someone,Clairo,72,0.4284616238886433,-0.5577434022629453,0,-0.09924818934621873,0.39570867293894363,-0.6033135021931766,207796,720000,3.4632666666666667
Who’s Afraid of Little Old Me?,Taylor Swift,74,-0.30437563400607154,-1.7388374619459495,0,-1.0609342331578282,0.2497174443455522,-0.5650131147040871,334085,830000,5.568083333333333
Fortnight (feat. Post Malone),Taylor Swift,74,-0.9839156367811708,-1.464960578541195,11,-1.1732109454275699,0.9875650050743148,-0.6408478819324843,228965,690000,3.8160833333333333
Igloo,KISS OF LIFE,79,1.7608930018790345,-0.1925742243899395,11,0.5653446063217045,-0.33030176114711135,-0.6829783081704829,131787,720000,2.19645
QUEMA,Ryan Castro,78,1.1146637835536943,1.245279413485022,0,0.86803835555248,-0.8803335791449162,-0.8591600906202949,150928,710000,2.5154666666666667
Ghost Town,Benson Boone,76,-1.7367393653457415,-1.7559547671587465,0,-0.9299891839311227,0.5416999015323353,-0.5956534246953588,193733,700000,3.2288833333333335
SORRY 4 THAT MUCH,Feid,82,1.1146637835536943,0.18400649029159835,7,0.6122821392420714,-0.8677073107260282,0.83678106739659,207747,770000,3.46245
New To Country,Bailey Zimmerman,70,-0.5109024975945823,1.6446832017836228,8,0.4218651022810372,-0.21193049472003714,1.610448894676199,177123,710000,2.95205
GIRLS,The Kid LAROI,73,0.5283939772379227,0.5206468261432755,7,0.9152425790008036,-0.8424547738882524,1.327026027256936,152980,730000,2.5496666666666665
GEEK TIMË,Yeat,72,-0.09118661352760885,0.6233506574200586,1,0.09330237183846836,-0.9671391745247706,-0.07476815484374087,170188,740000,2.8364666666666665
The Viper,BabyChiefDoit,68,0.0020835829317185986,1.0741063613570503,10,0.1613084564674091,-0.9493834845607094,0.6835795174402322,150997,380000,2.5166166666666667
I Only Smoke When I Drink,nimino,79,1.521055353840764,0.49211798412194685,11,0.053032102117017206,0.3246859130826993,0.04013300762352765,198425,740000,3.3070833333333334
FUNK DO BOUNCE (Slowed),Ariis,83,1.1080016266637425,1.5819197493366997,6,2.339103307761254,-0.5552071673585525,-0.7036605174145912,107539,700000,1.7923166666666666
Mr Chow,Lil Uzi Vert,70,0.5617047616876825,0.22965263752572415,1,0.2871863856629388,-0.9608260403153266,-0.1437088523241021,177273,690000,2.95455
4×4×U,Lainey Wilson,69,-0.4842538700347745,0.48070644731341544,7,0.2402488527425718,-0.6029502448174724,0.0018326201344380743,239453,770000,3.990883333333333
Not Sorry for Loving You,Jorge Rivera-Herrans,72,-0.5975105371639571,-0.7973856752421057,8,-0.16538744027946314,2.4277487466037173,-0.8185616798818598,184828,690000,3.0804666666666667
BANDIT,Don Toliver,72,0.22859691719008524,0.5149410577390098,2,0.34905858814887714,-0.9708086837840099,0.5073977349904201,147747,740000,2.46245
El Plumas,Neton Vega,77,0.5883533892474904,0.8858160040162819,4,0.34425815864565784,0.012974911491403824,0.15503417009079637,150528,700000,2.5088
HAY LUPITA,Lomiiel,79,1.2878798626924455,-0.34092420290084835,0,0.8325685153342481,-0.9851316070216859,-0.5343728047128155,105836,720000,1.7639333333333334
U My Everything (feat. Drake),Sexyy Red,70,-0.18445680998693628,0.8744044672077504,6,0.3103884615951656,-0.779718002681903,0.599318664964235,225133,690000,3.7522166666666665
Sandpaper (feat. Bruce Springsteen),Zach Bryan,70,-0.8906454403218433,-0.6661530019439941,4,-0.504084410784384,-0.1527448615065001,-0.7235767189089178,216253,710000,3.604216666666667
My Boy Only Breaks His Favorite Toys,Taylor Swift,74,-0.3709972029055912,-0.4550395709861629,0,-0.2093913773923072,-0.452618736455088,0.9363620748682229,203801,380000,3.3966833333333333
Ohnana,Kapo,84,0.821528880395809,-0.3523357397093798,1,0.7882978876934474,1.4413215263780992,-0.6439119129316117,156577,600000,2.6096166666666667
Boogieman,EBK Jaaybo,69,0.7149343701565776,-0.5520376338586795,5,-0.42194372817374187,1.6701726414704428,3.1501244717375982,131292,690000,2.1882
Tailor Swif,A$AP Rocky,74,1.1479745680034543,-0.6604472335397283,8,0.285586242495199,-0.4052702298842584,1.441927189724205,155391,730000,2.58985
Wrong Ones (Feat. Tim McGraw),Post Malone,71,-1.1704560296998257,0.8801102356120162,0,0.7226920178161164,-0.9714005401161453,-0.2892503247826425,195823,690000,3.263716666666667
CHINO,Tito Double P,77,0.6016777030273942,-0.46074533939042794,5,-1.4121656584767106,-0.5828271295248697,-0.7886873776403701,177034,700000,2.9505666666666666
loml,Taylor Swift,74,-1.5235503448672791,-2.115418176627487,0,-1.5956487417108727,2.3922373666755954,-0.5496929597084513,277157,800000,4.619283333333334
"So Long, London",Taylor Swift,74,-1.5235503448672791,-0.626212623114134,9,-1.2830874429457015,1.8871866299200786,-0.751919005650844,262975,750000,4.382916666666667
Boogieman,EBK Jaaybo,68,0.475096722118307,-0.563449170667211,5,-0.4232771808135247,1.6267698437805156,3.0122430767768757,131292,720000,2.1882
ROSONES,Fuerza Regida,0,0.6682992719269139,1.3023370975276791,6,0.5840129432786687,-0.3460845966707212,0.8904016098813154,178080,690000,2.968
Pura Adrenalina,LOS DOS DE TAMAULIPAS,72,0.12866456384080585,0.8572871619949533,9,0.8885735262051405,-0.7536763240679467,-0.31989063477391394,157570,690000,2.6261666666666668
Blink Gone (VIVINOS - ALNST Original Soundtrack Part.8),BL8M,75,0.0020835829317185986,0.5891160469944642,8,0.9312440106782014,-0.9075589704231433,-0.6822123004207011,188992,700000,3.1498666666666666
Thorns,$uicideboy$,70,1.187947509343166,0.29812185837691224,11,0.5584106525948321,-0.235604748005452,-0.5879933471975408,130500,790000,2.175
But Daddy I Love Him,Taylor Swift,73,-0.8706589696519874,0.4407660684835554,4,-0.2952657273943422,0.5219713571278229,-0.3428708672673677,340428,730000,5.6738
I Hate It Here,Taylor Swift,72,-1.110496617690258,-0.46074533939042794,2,-0.16538744027946314,1.8358924144683464,1.3576663372482078,243876,680000,4.0646
Calling After Me,Wallows,71,-0.10451092730751275,0.8801102356120162,8,0.5154734775938145,-0.9695855140309301,-0.5037324947215438,187693,690000,3.128216666666667
5AM,Lil Baby,29,-0.39098367357544705,-1.0084991061999373,11,-0.5051511728962104,-0.8933544184518943,0.30057564254933655,102038,680000,1.7006333333333334
Insecurities,Lil Baby,0,0.0020835829317185986,0.052773816993486676,2,0.31545558162634163,-0.9781477023024885,-0.6661261376752835,127154,690000,2.1192333333333333
5AM,Lil Baby,57,0.08869162250109408,-0.8259145172634343,11,-0.467814498982282,-0.87046930694266,0.34653610753624403,102038,700000,1.7006333333333334
Insecurities,Lil Baby,0,-0.011240730848185321,-0.0042838670491705776,2,0.3319903943596528,-0.9733733945565965,-0.7220447034093542,127154,690000,2.1192333333333333
Fall Back,Lithe,79,1.4610959418311964,-2.765875774713779,3,-1.1500088694953428,1.5636385016860759,-0.5113925722193617,129524,730000,2.158733333333333
CRAZY,LE SSERAFIM,78,1.0014071164245117,1.4620986128471196,11,1.161131245776817,-0.9555782475037263,-0.6033135021931766,164554,710000,2.742566666666667
Push Ups,Drake,73,-0.35767288912568723,0.3038276267811779,2,0.4768033510401032,-0.932811507260919,0.30057564254933655,232774,700000,3.879566666666667
Beckham,Dee Billz,72,0.4617724083384031,1.1254582769954418,1,0.4221317928089939,-0.6364887703051434,-0.051787922350287334,124931,790000,2.0821833333333335
Thoughts of You,Ole 60,67,-0.6974428905132365,-1.9898912717336412,9,-0.5131518887349091,1.4255386908544891,-0.5496929597084513,172125,700000,2.86875
Two Faced,Linkin Park,69,-0.9439426954414589,1.7245639594433422,1,0.3125219858188186,-0.9905845766950931,-1.0606201288129058,183584,720000,3.0597333333333334
CRAZY,LE SSERAFIM,80,1.0014071164245117,1.4620986128471196,11,1.161131245776817,-0.9555782475037263,-0.6033135021931766,164554,830000,2.742566666666667
Arriadin por Tu - Ao Vivo,Zé Vaqueiro,73,-0.3709972029055912,1.7759158750817337,2,1.622239168613831,1.7056840213985651,2.108353932034363,161798,680000,2.696633333333333
Supernatural,NewJeans,78,0.31520495675946,0.37229684763236665,10,0.6386845015097777,-0.26322471017176935,-0.671488191923756,191000,780000,3.183333333333333
I'm Still Fine,The Red Clay Strays,68,-0.6441456353936208,-1.3907855892857406,4,-0.3363360686996633,1.6109870082569058,-0.7235767189089178,232553,800000,3.8758833333333333
Awaken,Breaking Benjamin,71,-1.5102260310873752,1.8158562539115939,5,0.9939162847480095,-0.9923640914003801,1.1431841673093066,218003,680000,3.633383333333333
Like a Prayer - Choir Version From “Deadpool & Wolverine”,I'll Take You There Choir,77,-2.716076428168679,-2.109712408223221,2,-1.9463467859738415,2.3527802778665703,-0.4271317197433648,152893,770000,2.548216666666667
Tough Love,Gracie Abrams,72,-0.6508077922835728,0.41794299486649245,0,0.5981475412603701,0.46673143279518825,-0.6730202074233197,169147,770000,2.8191166666666665
ÁNGEL,Grupo Frontera,77,1.161298881783358,-0.26674921364539395,11,0.35065873131661696,0.15896614008479526,-0.10540846483501252,184096,760000,3.0682666666666667
Holding On,Bailey Zimmerman,69,-1.3103613243888164,0.4521776052920868,0,0.16397536174697558,-0.5236414963113326,-0.5267127272149975,230913,680000,3.84855
MAMI,Peso Pluma,76,0.9947449595345599,0.6005275838029956,6,0.20771260833186292,1.2913845889038051,-0.7840913311416793,189252,740000,3.1542
Voy Enfierrado,Clave Especial,71,1.341177117812061,0.4864122157176812,6,0.3850618094230222,-0.050156430603035804,-0.8966944703596025,147501,670000,2.45835
Bigger In Texas,Megan Thee Stallion,70,1.1080016266637425,-0.306689592475254,1,0.39359590631763436,-0.9138721046325872,1.012962849846402,152571,710000,2.54285
Burning Down,Alex Warren,74,-1.0172264212309305,0.17830072188733262,10,0.7229587083440729,-0.6992255415114926,-0.8829063308635303,179437,840000,2.9906166666666665
3.5,ian,70,-1.6634556395562698,1.285219792314882,2,0.6682871501129638,-0.8527136169785989,3.257365556707049,156444,790000,2.6074
HOLLON,GloRilla,68,0.8814882924053765,0.6404679626328558,8,0.8600376397137811,-0.650298751388302,1.012962849846402,128859,830000,2.14765
Cozy,Braxton Keith,67,0.22859691719008524,0.4407660684835554,5,0.11757120988252179,1.382135893164562,-0.5879933471975408,217124,710000,3.618733333333333
5 to 9,Hudson Westbrook,67,-1.6368070119964622,-0.18116268758140805,8,0.0023609018052575454,-0.21193049472003714,0.8521012223922259,203829,690000,3.39715
Charybdis,Jorge Rivera-Herrans,71,-1.9032932875945405,1.2053390346551618,1,0.20771260833186292,-0.38554168547974604,5.961372913436771,133823,750000,2.230383333333333
LINDA,Tito Double P,79,1.7275822174292748,0.67470257305845,6,-0.03604253422049728,-0.46051015421689295,-0.12838869732846628,224210,750000,3.7368333333333332
You For A Reason,Warren Zeiders,69,-1.0372128919007864,-1.1283202426895176,0,0.03249693146435667,-0.33030176114711135,-0.8898004006115664,183133,670000,3.052216666666667
Moonlit Floor (Kiss Me),LISA,83,0.5483804479077786,0.823052551569359,5,0.7002900134677594,-0.49602153414501526,1.012962849846402,155757,700000,2.59595
Brillarosa,Fuerza Regida,75,0.7948802528360011,0.7945237095480303,1,0.19624491562972776,0.21026035553652744,-0.5037324947215438,169588,730000,2.8264666666666667
Igual Que Un Ángel (with Peso Pluma),Kali Uchis,75,0.28855632919965213,-0.2895722872624568,5,0.32985687013599974,-0.9754646202634748,0.04013300762352765,260371,750000,4.3395166666666665
Cowboys Cry Too (with Noah Kahan),Kelsea Ballerini,69,-1.396969363958192,-0.22680883481553385,11,0.22878116004043664,1.382135893164562,-0.1437088523241021,230600,720000,3.8433333333333333
Con Toda La Fe,LOS DOS DE TAMAULIPAS,72,-0.29105132022616764,1.325160171144742,9,0.8173671552407202,-0.6822589933236121,-0.7166826491608816,148950,690000,2.4825
GTA,Luis R Conriquez,76,0.475096722118307,0.6404679626328558,9,0.044498005222405025,-0.20798478583913466,2.1926147845103605,153270,570000,2.5545
Hard Fought Hallelujah,Brandon Lake,67,-0.9772534798912188,-0.7631510648165114,9,-0.01524067303988026,-0.10539635493567037,-0.6125055951905581,316000,760000,5.266666666666667
How Sweet,NewJeans,78,1.0080692733144638,1.4392755392300567,1,0.9837820446856577,-0.671211008457085,-0.19732939480882752,219027,680000,3.65045
did i tell u that i miss u,adore,75,-0.5109024975945823,0.6005275838029956,9,-0.5739573291090209,-0.34213888778981877,1.2504252522787573,115921,780000,1.9320166666666667
I'd Rather Pretend,Bryant Barnes,75,-0.610834850943861,-1.693191314711824,8,-0.859049503494659,2.660545570576964,-0.488412339725908,184560,560000,3.076
Twisting Fingers (with Moneybagg Yo),That Mexican OT,68,1.6076633934101394,-0.7517395280079799,7,-0.11978335999887926,-0.5039129519068202,-0.5420328822106334,126466,730000,2.1077666666666666
Space High,Lil Uzi Vert,69,1.0080692733144638,-0.11269346673021935,1,0.339724419670395,-0.3105732167425991,-0.8277537728792413,131608,690000,2.1934666666666667
Lost The Love,BigXthaPlug,69,1.7875416294388424,0.1041257326318782,1,0.15304105010075364,-0.769853730479647,-0.6523379981792112,135915,770000,2.26525
For Me,Loe Shimmy,69,0.5084075065680668,-1.3793740524772091,1,-0.45474666311240725,2.0489606940370804,-0.6661261376752835,104886,690000,1.7481
120,Lil Tecca,70,0.44178593766854724,0.5377641313560727,11,0.15704140802010302,-0.9646139208409931,0.7372000599249575,130979,750000,2.1829833333333335
Donde Estás,Ivan Cornejo,71,-1.2037668141495854,-2.3265316075853186,8,-1.1718774927877866,1.9858293519426404,-0.5956534246953588,249040,690000,4.150666666666667
Gang Baby,NLE Choppa,69,1.7875416294388424,0.3209449319939751,11,-0.015507363567836743,-0.9628778089333959,-0.8063055558853512,138180,560000,2.303
Federal Nightmares,Rod Wave,67,-0.4242944580252068,0.6804083414627158,3,0.09330237183846836,-0.905586115982692,-0.7664731528966982,188590,720000,3.1431666666666667
Burgundy,$uicideboy$,69,0.9747584888647041,-0.4379222657733657,8,-0.14005184012358332,-0.53547862295404,-0.38117125475645725,268475,720000,4.474583333333333
DIOS POR DELANTE,Hermanos Espinoza,72,0.0020835829317185986,0.9885198352930643,5,-0.15471981916119792,0.024812038134111255,-0.751919005650844,214473,800000,3.57455
Mr Pot Scraper,BossMan Dlow,68,0.8681639786254727,-0.8658548960932945,1,-0.16058701077624385,-0.23165903912454952,-0.7603450908984437,145028,720000,2.417133333333333
Bling-Bang-Bang-Born,Creepy Nuts,80,1.341177117812061,1.0227544457186586,6,-0.0691121596871196,-0.6613467362548289,-0.10540846483501252,168136,550000,2.8022666666666667
MUTT,Leon Thomas,70,-0.5308889682644382,-1.0712625586468603,1,-0.4003417954092544,-0.14090773486379266,-0.825455749629896,192934,690000,3.2155666666666667
Run Your Mouth,The Marías,71,0.8615018217355207,0.0356565117806895,7,-0.07711287552581834,-0.010699341794011037,0.3771764175275157,160000,830000,2.6666666666666665
Huntin’ Wabbitz,J. Cole,70,1.0347179008742717,-0.8715606644975602,1,-0.4998173623370779,-0.29479038121898915,-0.6592320679272473,162027,680000,2.70045
FIELD TRIP,¥$,72,0.5283939772379227,0.24106417433425562,11,0.49867197433254684,-0.7801125735699934,-0.7143846259115364,167229,700000,2.78715
Versace Shades,YoungBoy Never Broke Again,56,0.5283939772379227,0.4864122157176812,4,0.014628666091262382,-0.9571170739672783,-0.48075226222809003,169114,550000,2.818566666666667
PELIGROSA,FloyyMenor,81,0.8281910372857609,-1.1454375479023147,6,-0.6435635569057017,0.26550027986916214,-0.8231577263805506,136944,550000,2.2824
Move (feat. Camila Cabello & Malachiii),Adam Port,79,0.5883533892474904,0.7545833307181702,8,-0.2797976767728577,0.09978050687125832,-0.6845103236700465,180237,710000,3.00395
KEHLANI (REMIX) [feat. Kehlani],Jordan Adetunji,74,-1.6234826982165584,0.3209449319939751,6,0.7920315550848402,-0.6937015490782292,0.9057217648769512,179975,720000,2.9995833333333333
Lady Killers II,G-Eazy,77,0.14198887762070975,-0.43221649736909995,7,-1.001995626479413,-0.8574484676356818,-0.22030962730228126,297794,770000,4.963233333333333
UP - KARINA Solo,aespa,82,0.8348531941757128,0.7888179411437646,6,0.5594774147066585,-0.9391246414703631,-1.0200217180744708,166640,710000,2.7773333333333334
Sneaking,YoungBoy Never Broke Again,55,0.38848868254893154,-0.021401172261967753,10,0.3725273546090606,-0.9083481121993238,0.19333455757988574,156000,790000,2.6
Arriba la Compañía,LOS DOS DE TAMAULIPAS,70,-0.6241591647237649,0.7203487202925759,9,0.9040415768266251,-0.8471896245453354,-0.2969104022804604,174935,790000,2.915583333333333
The Prodigal,Josiah Queen,69,0.015407896711622519,-0.021401172261967753,11,0.24478259171783462,-0.13301631710198772,0.13205393759734263,193049,670000,3.2174833333333335
Wanna Be Loved,The Red Clay Strays,68,-0.20444328065679215,-0.9913818009871403,8,0.1498407637652742,1.3860816020454645,-0.39649140975209307,217308,740000,3.6218
Four Leaf Clover,Gavin Adcock,67,-0.9705913230012668,-1.5790759466265094,5,-0.009906862480747528,1.188796158000341,1.434267112226387,191667,690000,3.19445
DEGENERE 👑 (feat. benny blanco),Myke Towers,83,0.6150020168072982,0.3780026160366324,6,0.21304641889099565,-0.795500838205513,-0.7281727654076086,130880,690000,2.1813333333333333
She Calls Me Back (with Kacey Musgraves),Noah Kahan,69,0.6549749581470099,0.19541802710012982,11,0.05356548317293041,-0.7434174809776004,0.8980616873791333,243962,670000,4.066033333333333
Risk,Gracie Abrams,72,0.4284616238886433,-0.8373260540719658,3,0.15677471749214653,1.0349135116451444,-0.5420328822106334,191587,700000,3.1931166666666666
Killa Season,YoungBoy Never Broke Again,55,0.7682316252761933,0.9200506144418763,1,0.34185794389404806,-0.8187805206028376,-0.5343728047128155,183605,820000,3.0600833333333335
Angel With An Attitude,Rod Wave,68,-0.3176999477859755,-0.3979818869435056,11,-0.16965448872676925,-0.054102139483938286,-0.6515719904294294,195669,520000,3.26115
Baby Please,Ivan Cornejo,70,-1.4236179915179996,-1.4706663469454606,2,-0.7809091788033665,1.464995779663514,-0.4960724172237259,178320,540000,2.972
APEROL SPRITZ,The Kid LAROI,73,0.5750290754675864,0.3608853108238352,9,0.4298658181197362,1.26771033561839,1.5874686621827452,130266,680000,2.1711
Over The Moon,TOMORROW X TOGETHER,79,0.2019482896302774,1.3137486343362106,5,0.7746966707676592,-0.6305702069837896,-0.5650131147040871,157149,700000,2.61915
Tu Coquette,Clave Especial,72,0.8748261355154247,0.41794299486649245,1,0.5581439620668753,-0.5157500785495276,-0.3888313322542752,142469,710000,2.3744833333333335
Never Stopping,YoungBoy Never Broke Again,54,-0.3709972029055912,1.268102487102085,10,0.9861822594372673,-0.25138758352906193,0.18567448008206783,162482,700000,2.7080333333333333
Therapy Session,BigXthaPlug,68,1.7342443743192266,1.0113429089101271,11,0.4327994139272591,-0.20798478583913466,-0.6546360214285567,108734,720000,1.8122333333333334
Missing Everything,YoungBoy Never Broke Again,54,0.6150020168072982,-0.5235087918373509,0,-0.12591724214188194,-0.604133957481743,-0.5573530372062692,224000,730000,3.7333333333333334
née-nah,21 Savage,73,0.19528613274032544,0.6575852678456529,1,0.01409528503534918,-0.9748333068425304,2.874361681816154,220584,530000,3.6764
The Tortured Poets Department,Taylor Swift,72,-0.3176999477859755,-1.2253183055620347,0,-0.49715045705751165,-0.8026031141911374,-0.4118115647477289,293048,690000,4.884133333333334
Disease,Lady Gaga,51,-0.6508077922835728,1.6503889701878884,11,1.0003168574189687,-0.8089162484005814,2.391776799453625,229997,680000,3.833283333333333
What Don't Belong To Me,Post Malone,71,-1.1571317159199217,1.5020389916769796,10,0.3463916828693109,-0.6349104867527824,-0.26627009228918874,207176,530000,3.452933333333333
Use Me,Zach Top,67,-1.556861129317039,-1.567664409817978,7,-0.028575199437711737,1.2164161201666583,-0.6760842384224468,236745,680000,3.94575
Not An Option,Lil Uzi Vert,69,0.38848868254893154,0.532058362951807,2,0.7053571334989355,-0.8744150158235625,-0.3275507122717319,150896,440000,2.5149333333333335
Eu Vou Sentar - Ao Vivo em São Paulo,NATTAN,74,0.5883533892474904,0.8915217724205476,9,0.7989655088117127,0.30101165979728445,5.639649658528419,154734,670000,2.5789
The Bolter,Taylor Swift,72,-1.3103613243888164,-0.3238068976880512,0,-0.37367274261359146,1.5241814128770512,-0.37351117725863936,238242,730000,3.9707
meet the grahams,Kendrick Lamar,72,-1.1504695590299698,0.9086390776333448,5,0.08663510863955273,1.1769590313576337,-0.5343728047128155,392139,720000,6.53565
Yeah Glo!,GloRilla,69,1.6143255503000915,0.09841996422761247,11,0.32745665538438995,-0.8973001273327968,-0.312230557276096,142703,690000,2.3783833333333333
Parking Lot,Mustard,71,0.3618400549891237,-0.22680883481553385,0,0.041564409414882056,-0.5157500785495276,2.782440751842339,172794,720000,2.8799
F*cked A Fan,Veeze,67,1.341177117812061,0.018539206567892322,11,0.4610686098906619,-0.8211479459313791,-0.25861001479137086,117437,460000,1.9572833333333333
Vai Lá - Ao Vivo em Goiânia,Maiara & Maraisa,83,-0.1444838686472245,1.096929434974113,6,0.6661536258893108,-0.05804784836484076,0.8521012223922259,140439,670000,2.34065
LA PATRULLA,Peso Pluma,76,0.4950831927881629,0.9200506144418763,6,-0.04244310689145642,1.2203618290475609,0.05545316261916348,130615,720000,2.1769166666666666
Disease - The Antidote Live,Lady Gaga,50,-1.3436721088385761,-1.6018990202435723,9,-0.1915231120192129,0.4588400150333833,-0.5879933471975408,274042,710000,4.567366666666667
Fried (She a Vibe),Future,69,1.2079339800130218,0.2581814795470521,6,0.5322749808550821,-0.9848554074000226,4.13061439145829,210173,720000,3.502883333333333
Her,The American Dawn,72,0.05538083805133428,-0.22680883481553385,3,-0.29953277584164834,-0.9708481408728189,-0.8017095093866605,214087,670000,3.5681166666666666
Hope You Make It,YoungBoy Never Broke Again,53,-1.0438750487907384,-0.009989635453436303,8,0.6610865058581348,-0.4920758252641128,1.970472537073641,148571,820000,2.476183333333333
Soft Spot,keshi,77,0.2952184860896041,-0.2724549820496597,11,-0.28593155891586014,0.43122005286706594,-0.6584660601774657,204223,390000,3.4037166666666665
LET HER COOK,GloRilla,67,1.5077310400608601,0.30953339518544365,9,0.8576374249621713,-0.9146612464087677,-0.7488549746517169,155200,690000,2.5866666666666664
Meet The 6ixers,BigXthaPlug,68,1.6409741778598992,-0.35804150811364555,9,-0.8067781600151596,-0.5946642561675771,0.5916585874664171,137896,700000,2.2982666666666667
Carry You Home,Alex Warren,76,-0.8440103420921796,0.09841996422761247,10,-0.13791831589993028,0.8534109031236308,-0.39649140975209307,166881,380000,2.78135
BURN,¥$,73,-0.34434857534578334,1.3822178551873994,11,0.09783611081373117,-0.9312332237085581,5.180045008659344,111458,690000,1.8576333333333332
Catch Me,YoungBoy Never Broke Again,52,-0.5308889682644382,1.3365717079532735,1,0.6418847878452574,-0.8203588041551986,3.5561085791219478,144740,680000,2.412333333333333
No Ponga Excusas,Cris Mj,79,-0.29105132022616764,-0.7346222227951827,6,-0.3414031887308393,0.5259170660087253,-0.4424518747390006,164956,360000,2.7492666666666667
Soltera - W Sound 01,W Sound,82,0.5483804479077786,-0.369453044922177,1,0.6480186699882597,-0.38159597659884353,-0.5113925722193617,142022,790000,2.3670333333333335
Beautiful As You,Thomas Rhett,68,0.4684345652283551,0.469294910504884,9,0.577879061135666,-0.3894873943606485,1.6334291271696528,163894,770000,2.7315666666666667
Take Care (ChopNotSlop Remix),BigXthaPlug,43,0.9414477044149442,-0.688976075561057,1,-1.1257400314512895,0.47462285055699316,0.24695510006461116,230126,350000,3.8354333333333335
STILL IN THE PAINT (with LAZER DIM 700 & Bktherula),Denzel Curry,69,0.8748261355154247,0.4521776052920868,11,-0.18218894354073079,0.30101165979728445,-0.3888313322542752,233085,350000,3.88475
Get It,YoungBoy Never Broke Again,52,0.06204299494128624,1.0512832877399874,2,0.3973295737090273,-0.235604748005452,0.829120989898772,173487,340000,2.89145
Disease - The Antidote Live Instrumental,Lady Gaga,44,-0.9506048523314109,-1.2367298423705662,2,-1.2254822889070696,-0.7769560064652713,-0.572673192201905,274042,340000,4.567366666666667
BOP (feat. GloRilla),Big Boogie,67,1.2545690782426855,0.38941415284516384,11,0.8267013237192024,-0.932811507260919,-0.41947164224554684,202286,340000,3.3714333333333335
Over Each Other,Linkin Park,80,-0.6774564198433806,0.8344640883778904,10,0.5181403828733807,-0.983671694735752,1.9015318395932794,170445,330000,2.84075
Conceited,Lil Uzi Vert,69,-0.1511460255371765,-0.5292145602416166,0,-0.05204396589789524,-0.39343310324155095,-0.6492739671800841,189487,690000,3.1581166666666665
Lost The Love (ChopNotSlop Remix),BigXthaPlug,38,1.5410418245106199,-0.5691549390714767,1,-0.8595828845505725,-0.47234728085960037,-0.2356297822979171,162676,330000,2.7112666666666665
Change Me (ChopNotSlop Remix),BigXthaPlug,37,0.8948126061852805,-1.1739663899236432,1,-1.0243976308277698,-0.17247340591101248,0.3158957975449724,161571,820000,2.69285
Peter,Taylor Swift,72,-2.0631850529533873,-1.522018262583852,0,-0.436078326155443,2.1831147959877644,-0.9227387338521835,283958,330000,4.732633333333333
Lone Wolf Hysteria,$uicideboy$,68,0.6682992719269139,0.6861141098669815,1,0.4085305758832057,-0.8408764903358915,0.9057217648769512,107610,320000,1.7935
Therapy Session (ChopNotSlop Remix),BigXthaPlug,34,1.367825745371869,-0.6718587703482598,7,-1.1654769201168274,-0.05804784836484076,2.7288202093576137,148463,730000,2.4743833333333334
2AM (ChopNotSlop Remix),BigXthaPlug,33,1.4810824125010522,-0.9685587273700775,0,-0.9755932642117064,-0.61518194234827,1.2274450197853037,221409,310000,3.69015
Law & Order (ChopNotSlop Remix),BigXthaPlug,33,1.2345826075728297,-0.4093934237520371,1,-0.9014532974397634,-0.34213888778981877,2.8513814493227003,209204,670000,3.4867333333333335
Back On My BS (ChopNotSlop Remix),BigXthaPlug,33,1.1146637835536943,-0.29527805566672255,7,-1.0998710502394966,-0.36186743219433115,-0.09774838733719461,114909,300000,1.91515
Planting Seeds (ChopNotSlop Remix),BigXthaPlug,33,0.808204566615905,-1.1910836951364405,9,-1.4868390063045671,0.11950905127577048,1.1355240898114887,129222,760000,2.1537
The Largest (ChopNotSlop Remix),BigXthaPlug,32,1.2878798626924455,-0.09557616151742218,2,-0.9337228513225154,-0.018590759555815992,-0.5420328822106334,199129,740000,3.3188166666666667
Words from WALLO267 (ChopNotSlop Remix),BigXthaPlug,32,-0.5908483802740059,0.3209449319939751,2,-1.491906126335743,1.8437838322301514,0.017152775130073905,71306,680000,1.1884333333333332
Add Up My Love,Clairo,70,0.4217994669986913,-0.1241050035387508,8,-0.04911037009037227,-0.3224103433853064,-0.5267127272149975,205264,700000,3.4210666666666665
Mmhmm (ChopNotSlop Remix),BigXthaPlug,31,1.521055353840764,-0.2838665188581911,1,-0.8347806654506058,-0.6278082107671578,1.9091919170910974,135321,740000,2.25535
Story of X (ChopNotSlop Remix),BigXthaPlug,31,0.7415829977163854,-0.6775645387525255,7,-0.9278556597074695,-0.53547862295404,1.3653264147460258,174720,810000,2.912
Leave Me Alone (ChopNotSlop Remix),BigXthaPlug,35,0.8548396648455687,-0.3808645817307084,1,-0.8262465685559937,-0.22771333024364704,2.108353932034363,186810,800000,3.1135
Rich Off Rap (ChopNotSlop Remix),BigXthaPlug,30,1.381150059151773,-0.6547414651354626,1,-0.807844922126986,-0.8026031141911374,0.423136882514423,198613,760000,3.310216666666667
bye,Ariana Grande,74,-0.30437563400607154,0.012833438163626597,2,0.46453558675409806,-0.18825624143462238,-0.3045704797782781,164927,720000,2.7487833333333334
They Don't Know (ChopNotSlop Remix),BigXthaPlug,29,1.2812177058024934,0.38941415284516384,6,-0.6651654896701886,-0.23165903912454952,3.265025634204867,111855,740000,1.86425
X-SLIDE,2KE,80,-0.8040374007524678,1.9870293060395656,1,2.0332092721949984,-0.5275872051922351,-0.18200923981319167,79453,360000,1.3242166666666666
SLUT ME OUT 2,NLE Choppa,70,0.44178593766854724,-0.10698769832595363,1,-0.023774769934492443,-0.8420602030001622,-0.9579750903421458,135059,690000,2.250983333333333
Beautiful As You,Thomas Rhett,70,0.4684345652283551,0.469294910504884,9,0.577879061135666,-0.3894873943606485,1.6334291271696528,163894,700000,2.7315666666666667
S P E Y S I D E,Bon Iver,72,-1.2304154417093929,-2.2580623867341303,7,-2.022620276969438,2.581631392958914,-0.17434916231537376,209078,680000,3.4846333333333335
Thought of You,Sam Barber,68,-0.4176323011352549,-0.23251460321979958,7,-0.014173910928053618,-0.21587620360093962,-0.3428708672673677,163243,700000,2.7207166666666667
I Like It (with Nate Smith),Alesso,76,0.042056524271430355,0.99422560369733,11,0.7800304813267919,-0.9921312945764069,0.606978742462053,152350,720000,2.5391666666666666
TASTE,Lil Tecca,70,-0.4975781838146784,0.19541802710012982,11,0.11917135305026162,-0.8211479459313791,3.816551214047757,170447,700000,2.8407833333333334
Sip,Jessie Murph,67,-0.757402302522804,0.5891160469944642,7,0.6194827834969006,-0.6475367551716702,-0.488412339725908,172164,700000,2.8694
LET THE WORLD BURN,Chris Grey,77,-1.830009561805069,-0.4892741814117566,5,-0.09524783142686936,-0.4881301163832103,-0.12838869732846628,163291,750000,2.7215166666666666
LA PEOPLE II,Peso Pluma,75,0.43512378077859526,0.3494737740153038,1,0.4098640285229888,1.2558732089756828,-0.6446779206813933,141064,680000,2.3510666666666666
act ii: date @ 8 (feat. Drake) - remix,4batz,71,-0.6774564198433806,-0.5577434022629453,0,-0.7273043826840836,0.2615545709882596,-0.9112486176054566,231339,750000,3.85565
Brickell,Feid,79,1.0213935870943678,1.410746697208728,11,1.3534151164335475,-0.7154029479231927,-0.4501119522368185,180360,710000,3.006
Fresh Out The Slammer,Taylor Swift,71,-2.1431309356328105,-0.9115010433274202,9,-0.7513065302001803,1.4689414885444165,-0.5267127272149975,210789,670000,3.51315
Sympathy is a knife,Charli xcx,72,0.44178593766854724,0.3608853108238352,7,0.26158409497910223,-0.7805071444580836,1.763650444632557,151125,700000,2.51875
Sin Tanto Royo,Luis R Conriquez,75,0.6816235857068178,1.3137486343362106,5,0.3229229164091274,0.9599450429079974,0.69123959493805,148573,770000,2.4762166666666667
The Largest,BigXthaPlug,68,1.667622805419707,1.2795140239106162,10,0.9251101285351989,-0.7256617910135392,-0.2892503247826425,132338,720000,2.205633333333333
Meteor Man,Lil Uzi Vert,68,-0.6441456353936208,0.5548814365688699,8,0.1847772229275926,-0.8870412842424503,0.20099463507770365,227570,720000,3.7928333333333333
Florida!!! (feat. Florence + The Machine),Taylor Swift,72,-0.7907130869725639,-0.3979818869435056,0,-0.14565234121067253,-0.2908446723380867,0.9899826173529483,215463,680000,3.59105
Parking Lot,Mustard,71,0.481758879008259,-0.5006857182202881,3,-0.16618751186333308,-0.3224103433853064,1.0895636248245812,175321,720000,2.9220166666666665
Club classics,Charli xcx,71,0.3485157412092198,1.285219792314882,7,0.14797393006957762,-0.4999672430259177,-0.09774838733719461,153527,740000,2.5587833333333334
Nasty,Tinashe,74,1.860825355228314,-1.322316368434552,8,-0.4950169328338584,-0.34213888778981877,-0.3505309447651856,176027,720000,2.9337833333333334
Talk talk featuring troye sivan,Charli xcx,72,0.5283939772379227,0.99422560369733,8,0.261850785507059,-0.9158449590730384,1.2963857172656645,173077,770000,2.8846166666666666
Restless Mind (feat. Avery Anna),Sam Barber,68,-0.8173617145323717,-2.5547623437559475,7,-0.46381414106293284,2.589522810720719,-0.5267127272149975,220000,710000,3.6666666666666665
Cholo 7,Fuerza Regida,74,0.2619077016398443,1.2167505714636933,6,0.41119748116277194,-0.20403907695823217,-0.7059585406639366,157500,740000,2.625
1-800-hot-n-fun,LE SSERAFIM,76,0.6682992719269139,1.4221582340172594,2,0.9272436527588519,-0.6830481350997925,-0.16668908481755584,173431,680000,2.8905166666666666
Relapse,Warren Zeiders,68,-0.57086190960415,0.6233506574200586,1,0.6600197437463081,-0.9923443628559756,-0.8001774938870968,158634,730000,2.6439
We Still Don't Trust You,Future,74,0.43512378077859526,-0.3238068976880512,0,0.11383754249112889,-0.8692855942783894,1.8862116845976435,252920,700000,4.215333333333334
Pega Cabuloso - Ao Vivo em São Paulo,NATTAN,74,0.05538083805133428,1.262396718697819,2,0.8989744567954492,0.08005196246674594,-1.055258074564433,137067,720000,2.28445
Lyft Em Up,Lil Uzi Vert,68,0.8814882924053765,0.11553726944040965,2,-0.15685334338485096,-0.8440330574406134,0.3082357200471545,164595,760000,2.74325
Kalashnikov,Clave Especial,73,0.808204566615905,1.1026352033783788,7,0.24318244855009477,-0.1527448615065001,-0.572673192201905,129501,710000,2.15835
Mejores Jordans,Victor Mendivil,83,0.11534025006090191,-0.34092420290084835,1,-0.6326292452594797,1.3860816020454645,-0.6109735796909945,234716,710000,3.9119333333333333
God Games,Jorge Rivera-Herrans,70,-1.2304154417093929,-0.19827999279420522,11,0.030096716712746906,0.4272743439861635,0.20099463507770365,319636,750000,5.327266666666667
The Alchemy,Taylor Swift,72,-0.07786229974770492,-1.265258684391895,0,-0.593425737649855,0.6719082946021168,-0.5879933471975408,196900,830000,3.2816666666666667
Talk talk featuring troye sivan,Charli xcx,73,0.5283939772379227,0.99422560369733,8,0.261850785507059,-0.9158449590730384,1.2963857172656645,173077,680000,2.8846166666666666
Family Matters,Drake,71,-0.8306860283122757,-0.8601491276890287,1,-0.8526489308236996,-0.9746360213984853,0.9670023848594945,456934,680000,7.615566666666667
Down With Me,Lil Tecca,70,0.40181299632883544,-0.31239536087951975,9,0.3319903943596528,-0.55126145847765,0.2316349450689753,120035,750000,2.000583333333333
La Guerita,Grupo Marca Registrada,75,0.7615694683862413,1.4678043812513852,4,-0.028308508909755017,1.5912584638523932,0.20865471257552157,184165,800000,3.0694166666666667
"yes, and?",Ariana Grande,75,0.9014747630752324,0.7545833307181702,1,-0.009906862480747528,-0.24349616576725697,-0.5113925722193617,214994,720000,3.5832333333333333
Chloe or Sam or Sophia or Marcus,Taylor Swift,71,-0.9039697541017472,-1.0940856322639232,0,-0.5267531056606973,2.0844720739652023,-0.572673192201905,213281,770000,3.554683333333333
SOUTH OF FRANCE - REMIX,Future,71,1.0946773128838385,0.3780026160366324,2,0.09116884761481531,-0.7221106530207271,-0.4271317197433648,183919,770000,3.0653166666666665
Florida!!! (feat. Florence + The Machine),Taylor Swift,72,-0.7907130869725639,-0.3979818869435056,0,-0.14565234121067253,-0.2908446723380867,0.9899826173529483,215463,680000,3.59105
Cherish (My Love),ILLIT,77,0.4151373101087394,1.017048677314393,4,0.7312261147107286,-0.061993557245743236,-0.12072861983064835,176854,740000,2.9475666666666664
Chips and Dip,Lil Uzi Vert,68,0.5617047616876825,1.1311640453997074,11,-0.12138350316661911,-0.9142666755206775,2.223255094501631,166887,740000,2.78145
Blow for Blow (feat. J. Cole),Tee Grizzley,69,0.15531319140061367,-0.9400298853487489,1,-0.9665257862611812,-0.7047495339447561,-0.404151487249911,210286,690000,3.504766666666667
"Are You Going to See the Rose in the Vase, or the Dust on the Table",$uicideboy$,68,0.6483128012570579,-0.7859741384335743,11,-0.057644466984984453,-0.696463545294861,2.407096954449261,150943,800000,2.5157166666666666
stranger,Olivia Rodrigo,71,-1.396969363958192,-0.24963190843259675,0,0.40079655057246344,2.09630920060791,-0.18966931731100958,192772,700000,3.2128666666666668
A Work of Art,Ice Nine Kills,70,-2.3896307405610333,1.9242658535926427,8,1.121394357111279,-0.9690725718764128,1.2351050972831217,238144,670000,3.9690666666666665
Roc Steady (feat. Flo Milli),Megan Thee Stallion,67,2.040703591257016,1.2909255607191477,0,0.37519425988862687,-0.9517509098892509,-0.928100788100656,139193,760000,2.3198833333333333
TELESCOPE,TWXN,74,-0.7507401456328522,-1.1967894635407061,10,-0.670765990757278,-0.5433700407158449,-0.41947164224554684,143047,730000,2.384116666666667
HIGHJACK,A$AP Rocky,70,-0.2777270064462637,0.22394686912145842,7,0.45333458457991965,0.2615545709882596,1.0819035473267633,190075,710000,3.1679166666666667
Free Now,Gracie Abrams,70,-0.6308213216137168,-1.4592548101369291,0,-0.5304867730520905,0.6285054969121896,0.13205393759734263,214080,790000,3.568
favorite,Isabel LaRosa,78,0.4950831927881629,0.052773816993486676,10,0.33305715647147915,-0.9804362134534119,-0.6837443159202647,133608,700000,2.2268
PUSH 2 START,Tyla,76,0.20861044652022936,0.9771082984845328,2,0.8192339889364166,0.09978050687125832,-0.7197466801600089,156826,750000,2.613766666666667
ORCHESTRATË,Yeat,70,-0.4775917131448225,1.268102487102085,9,0.8773725240309621,-0.9783055306577246,0.04013300762352765,173096,700000,2.884933333333333
Let's Go Back,Jungle,75,-0.8440103420921796,0.6062333522072614,9,0.48187047107127917,-0.41710735652696584,0.4307969600122409,169652,710000,2.8275333333333332
Two Faced,Linkin Park,44,-0.9439426954414589,1.7245639594433422,1,0.3125219858188186,-0.9905845766950931,-1.0606201288129058,183584,710000,3.0597333333333334
Good Things Go,Linkin Park,44,-0.7374158318529482,0.6518794994413871,2,0.32185615429730074,-0.9589715571413024,-0.33521078976954977,209845,730000,3.4974166666666666
The Emptiness Machine,Linkin Park,44,-1.2370775985993447,1.308042865931945,7,0.8621711639374342,-0.9316277945966484,-0.4501119522368185,190428,760000,3.1738
IGYEIH,Linkin Park,44,-1.396969363958192,1.855796632741454,2,0.8427027553966001,-0.9842240939790783,0.8904016098813154,209084,700000,3.4847333333333332
Cut the Bridge,Linkin Park,47,-0.1977811237668402,1.6732120438049514,7,1.0285860533823714,-0.9095318248635945,0.4767574249991484,228607,670000,3.8101166666666666
From Zero (Intro),Linkin Park,16,-2.096495837403147,-2.8742853743948276,7,-3.282199640508604,1.457104361901709,0.5456981224795097,22174,710000,0.36956666666666665
Stained,Linkin Park,45,-0.9039697541017472,1.285219792314882,6,0.3810614515036728,-0.9403083541346338,2.5219981169165298,185415,700000,3.09025
Heavy Is the Crown,Linkin Park,43,-0.5375511251543902,1.6275658965708255,4,0.7605620727859579,-0.9564068463687159,0.8980616873791333,167012,770000,2.783533333333333
Casualty,Linkin Park,46,-0.5042403407046303,1.7416812646561395,2,0.6653535543054409,-0.9747543926649124,1.0895636248245812,140916,700000,2.3486
Overflow,Linkin Park,45,-0.9106319109916992,0.06418535380201812,8,0.06076612742775947,-0.53547862295404,-0.6370178431835753,211027,770000,3.5171166666666664
Over Each Other,Linkin Park,43,-0.6774564198433806,0.8344640883778904,10,0.5181403828733807,-0.983671694735752,1.9015318395932794,170445,660000,2.84075
NO PIERDO LA VIDA,Calle 24,77,0.6349884874771541,1.03416598252719,7,0.593080421229194,-0.2671704190526718,0.7831605249118646,168547,710000,2.8091166666666667
Young Metro,Future,71,0.4284616238886433,0.12124303784467537,6,-0.1920564930751261,-0.5591528762394549,-0.5343728047128155,205347,800000,3.42245
Una Velita,Bad Bunny,74,-0.5109024975945823,1.056989056144253,4,-0.005906504561398155,1.8635123766346637,0.07077331761479931,239986,700000,3.9997666666666665
BLANCA ROSITA Y MARIA,Tito Double P,79,0.7682316252761933,0.07559689061054957,11,-0.06057806279250742,0.19053181113201506,-0.312230557276096,200658,750000,3.3443
LINDA,Tito Double P,78,1.7275822174292748,0.67470257305845,6,-0.03604253422049728,-0.46051015421689295,-0.12838869732846628,224210,700000,3.7368333333333332
A Noite (La Notte) - Ao Vivo,Gusttavo Lima,81,0.6682992719269139,-0.7117991491781198,11,0.21864691997808486,1.374244475402757,-0.6033135021931766,201557,750000,3.3592833333333334
Law & Order,BigXthaPlug,67,1.5610282951804757,-1.0484394850297973,9,-0.4760819053489377,-0.942281208575085,-0.6760842384224468,158042,770000,2.6340333333333334
Pula Fora - Ao Vivo,Murilo Huff,76,0.5017453496781149,1.1083409717826445,8,0.6501521942119128,0.7863338521482887,2.1696345520169067,149323,700000,2.4887166666666665
eternal sunshine,Ariana Grande,73,0.015407896711622519,-0.7973856752421057,9,-0.130184290589188,1.1098819803822915,-0.6033135021931766,210200,780000,3.5033333333333334
Passoa,JHAYCO,77,1.4144608436015327,-0.6832703071567913,6,0.3205227016575176,0.05637770918133107,-0.35819102226300353,309280,680000,5.1546666666666665
No Me Cansare,Sevdaliza,77,0.102015936280998,0.5777045101859327,1,0.5181403828733807,-0.730002070782532,0.23929502256679325,162857,790000,2.7142833333333334
On D Gas,LEGADO 7,77,0.8948126061852805,1.3993351604001965,5,0.18717743767920236,-0.014645050674913514,-0.15136892982192002,201323,680000,3.355383333333333
GOOD DAY,Forrest Frank,68,0.40181299632883544,0.22394686912145842,8,-0.10431530937739475,-0.7524926114036761,-0.26627009228918874,170522,780000,2.842033333333333
HOW I LOOK (feat. Megan Thee Stallion),GloRilla,66,0.6682992719269139,0.7602890991224359,10,0.8995078378513623,-0.9754646202634748,0.13971401509516054,118519,700000,1.9753166666666666
Did It First (with Central Cee),Ice Spice,75,-0.11117308419746472,-0.3922761185392399,1,-0.23366021543636062,-0.08961351941206047,-0.4118115647477289,118002,700000,1.9667
Blowing Smoke,Gracie Abrams,70,-0.1977811237668402,-0.0042838670491705776,11,0.3898622389262415,0.02086632925320878,-0.7028945096648095,232280,690000,3.8713333333333333
Quitter,Cameron Whitcomb,70,0.05538083805133428,0.024244974972158048,9,-0.09604790301073927,-0.9434649212393558,-0.2356297822979171,161286,710000,2.6881
Last Of My Kind (feat. Paul Cauthen),Shaboozey,70,-0.6707942629534286,-0.79167990683784,7,0.1274387594169171,0.26550027986916214,1.196804709794032,202025,660000,3.3670833333333334
her,JVKE,72,-1.4502666190778075,-0.306689592475254,11,0.27945236035219656,2.6842198238623785,2.422417109444897,142512,770000,2.3752
Blowing Smoke,Gracie Abrams,71,-0.21110543754674413,-0.04993001428329638,11,0.3943959779015043,0.02086632925320878,-0.7067245484137185,232280,770000,3.8713333333333333
all of me,21 Savage,70,0.0020835829317185986,0.9314621512504077,5,0.23198144637591633,-0.5118043696686252,5.072803923689893,198293,780000,3.304883333333333
Roi - Instrumental Slowed,Mckyyy,77,-1.5901719137667987,-2.0583604925848302,7,-2.864562273728521,1.8792952121582736,-0.572673192201905,92589,660000,1.54315
Floating In Space,Calmly,71,-3.3289948620442584,-3.6522668963164584,10,-9.401680495001447,2.917016647835624,-0.48075226222809003,126000,740000,2.1
El Beneficio De La Duda,Grupo Firme,79,-0.22442975132664805,0.10983150103614392,4,0.1322391889201364,-0.3224103433853064,1.0436031598376736,245501,770000,4.091683333333333
2 Slippery (feat. BossMan Dlow),Luh Tyler,66,0.09535377939104604,-1.3793740524772091,1,-0.593425737649855,-0.8254882257003717,-0.26627009228918874,159228,710000,2.6538
Hammer to the Heart,Teddy Swims,75,-0.21776759443669608,-0.18686845598567378,6,0.27331847820919414,-0.7927388419888812,-0.872948230116367,192317,700000,3.2052833333333335
Neta,Gabito Ballesteros,78,0.28189417230970015,-0.9742644957743433,8,-0.4624806884231495,0.17869468448930764,-0.572673192201905,179968,660000,2.9994666666666667
Me Caiu Tão Bem - Ao Vivo,Murilo Huff,79,-0.550875438934294,0.46358914210061825,1,0.6741543417280096,1.0506963471687545,2.054733389549638,156146,810000,2.6024333333333334
Bendecido,LOS DOS DE TAMAULIPAS,69,-1.223753284819441,1.222456339867959,9,1.1373957887886768,-0.30662750786169657,-0.8177956721320782,164708,680000,2.7451333333333334
But Daddy I Love Him,Taylor Swift,71,-0.8706589696519874,0.4407660684835554,4,-0.2952657273943422,0.5219713571278229,-0.3428708672673677,340428,670000,5.6738
Can't Hold Me Down,Doodles,68,1.2878798626924455,-0.917206811731686,11,0.5826794906388852,-0.7252672201254489,-1.0621521443124693,197627,690000,3.2937833333333333
BROTHER STONE (FEAT. KODAK BLACK),Don Toliver,70,1.187947509343166,-0.6490356967311969,1,0.05409886422884385,-0.7039603921685756,-0.5573530372062692,202840,690000,3.3806666666666665
Touch (ft. YEONJUN of TOMORROW X TOGETHER),KATSEYE,74,0.6483128012570579,1.330865939549008,0,0.9395114170448571,0.7705510166246787,-0.2739301697870067,129883,680000,2.1647166666666666
Pour Me A Drink (Feat. Blake Shelton),Post Malone,70,-0.4975781838146784,1.4906274548684482,11,0.7360265442139479,-0.9860785771531024,0.9823225398551304,195123,690000,3.25205
Fall Fast in Love,Rod Wave,66,0.5283939772379227,0.04706804858922095,1,-0.44274558935435887,-0.8219370877075596,-0.28159024728482457,172603,700000,2.876716666666667
Roses,Jenna Raine,71,-1.0039021074510266,-0.12981077194301652,0,-0.25152848080945467,1.808272452302029,-0.8338818348774957,190535,750000,3.1755833333333334
Fix What You Didn't Break,Nate Smith,67,-1.4569287759677596,1.3422774763575394,8,0.6834885102064916,-0.9902768114023827,-0.6806802849211375,201555,740000,3.35925
Despídase bien,Carin Leon,77,0.24858338785994039,-0.3751588133264427,11,0.4127976243305118,1.464995779663514,0.13205393759734263,231375,670000,3.85625
Fuck Fame (feat. Lil Yachty & Lil Baby),Rod Wave,67,-0.23775406510655195,-1.5847817150307753,5,-1.9018094678050843,-0.38554168547974604,-0.013487534861197756,183529,570000,3.0588166666666665
No Caller ID,Megan Moroney,66,-2.0498607391734835,-0.6490356967311969,4,0.12957228364057014,-0.5275872051922351,0.13205393759734263,208759,770000,3.4793166666666666
Indifferent,Megan Moroney,66,-0.11117308419746472,-0.6033895494970711,6,0.07490072540946087,-0.8089162484005814,-0.7235767189089178,176023,710000,2.9337166666666668
Bored,Laufey,70,-0.9572670092213629,-1.2766702212004264,7,-0.8558492171591794,2.605305646244329,-0.5037324947215438,213213,690000,3.55355
NEVER GET USED TO THIS,Forrest Frank,68,-0.01790288773813728,0.3038276267811779,11,-0.3952746753780784,0.32074020420179683,2.1849547070125426,145035,760000,2.41725
Don’t Mind If I Do (ft. Ella Langley),Riley Green,67,-1.6034962275467026,-1.5619586414137123,5,-0.8006442778721571,1.7135754391603701,-0.17434916231537376,218946,690000,3.6491
Aquí Te Espero,Ivan Cornejo,69,-0.7374158318529482,-1.9157162824781868,10,-1.0897368101771445,1.26771033561839,-0.6171016416892489,255373,720000,4.256216666666667
Love in Paradise,Jorge Rivera-Herrans,69,-1.5835097568768468,-0.3009838240709883,1,-0.17152132242246557,1.121719107024999,-0.2892503247826425,250588,720000,4.176466666666666
Sticky,KISS OF LIFE,77,0.33519142742931585,0.3323564688025066,10,0.7245588515118129,0.5495913192941403,-0.3658510997608214,157120,670000,2.6186666666666665
Morena Canela,Chino Pacas,76,0.042056524271430355,-0.16404538236861088,10,-0.10778228624083092,-0.5788814206439673,-0.6722541996735378,178337,740000,2.9722833333333334
Lo Que Hay X Aquí,La Receta,76,0.25524554474989236,-0.8030914436463714,0,-0.1773885140375115,1.7569782368502969,0.2546151775624291,158546,700000,2.6424333333333334
Take A Bite,beabadoobee,69,-0.764064459412756,-0.06704731949609355,0,0.005027807084823793,-0.8144402408338448,1.1125438573180348,158867,680000,2.6477833333333334
Wouldn't You Like,Jorge Rivera-Herrans,69,0.5883533892474904,-0.0042838670491705776,7,0.2743852403210205,1.1690676135958287,-0.5037324947215438,174041,760000,2.9006833333333333
Daylight,David Kushner,75,-0.9439426954414589,-1.202495231944972,5,-0.7774422019399303,2.2620289736058137,-0.6622960989263745,212954,720000,3.5492333333333335
Nosedive (Feat. Lainey Wilson),Post Malone,68,-2.429603681900745,0.7945237095480303,10,0.9608466592813873,-0.5670442940012599,-0.7450249359028079,192459,720000,3.20765
The Rush (feat. Big Time Rush),Lil Uzi Vert,67,-0.4309566149151588,-0.11269346673021935,1,0.4560014898594859,-0.3579217233134287,0.7065597499336859,186781,740000,3.1130166666666668
Unsweetened Lemonade,Amélie Farren,69,0.821528880395809,-0.854443359284763,7,-1.9018094678050843,0.02086632925320878,-0.4118115647477289,144000,750000,2.4
FUK SUMN,¥$,72,0.814866723505857,0.9999313721015958,4,1.0005835479469254,-0.4920758252641128,-0.9717632298382181,209577,660000,3.49295
Drive The Boat,Kodak Black,54,1.7875416294388424,-1.522018262583852,7,-0.2747305567416817,-0.5236414963113326,-0.4501119522368185,135111,590000,2.25185
Laced max,LAZER DIM 700,67,0.7882180959460491,-0.728916454390917,11,-1.3897636541283538,-0.864156172733216,-0.1360487748262842,90005,660000,1.5000833333333334
Peça Íntima,Murilo Huff,81,0.11534025006090191,1.3365717079532735,5,1.0157849080404533,-0.13301631710198772,-0.10540846483501252,169591,650000,2.8265166666666666
Shiver,John Summit,70,-0.7507401456328522,1.5819197493366997,4,0.4928047827175009,-0.9869466331069009,-0.15136892982192002,234331,710000,3.9055166666666667
FLY,Quavo,72,-0.18445680998693628,0.9885198352930643,7,1.0589887735694274,-0.9529346225535217,0.10907370510388889,157173,680000,2.61955
Martes 13,Luis R Conriquez,74,-0.0312272015180412,1.0912236665698474,9,0.07596748752128751,1.1611761958340237,0.2239748675711574,163341,690000,2.72235
Debut,KATSEYE,75,1.4277851573814366,-0.22110306641126812,11,0.6109486866022883,-0.9537632214185112,0.29291556505151867,123282,670000,2.0547
Not My Fault (with Megan Thee Stallion),Reneé Rapp,69,1.0613665284340794,0.8515813935906875,1,0.1322391889201364,-0.5986099650484795,1.6487492821652885,170528,680000,2.8421333333333334
Paars In The Mars,Lil Uzi Vert,67,0.02873221049152644,0.46358914210061825,6,0.22531418317700047,0.17869468448930764,0.5380380449816917,180022,700000,3.000366666666667
Winning Streak,Jelly Roll,67,-0.33768641845583136,0.965696761676002,7,0.49120463954976107,-0.75880574561312,-0.18966931731100958,194413,730000,3.2402166666666665
Wait For You,Myles Smith,76,-0.064537985967801,0.40082568965369525,6,0.34559161128544097,-0.3579217233134287,-0.3275507122717319,201533,830000,3.3588833333333334
Please Be Rude,Gigi Perez,69,-1.0039021074510266,-0.7060933807738541,3,-0.3779397910608976,0.6837454212448243,-0.7771972613936432,180000,780000,3.0
Touches,Somnum Magnam,72,-3.422265058503586,-3.658200895456895,5,-9.885190422186819,2.8617767235029894,-0.6485079594303023,144750,680000,2.4125
Intercambio Injusto,Ivan Cornejo,69,-0.39098367357544705,-2.1040066398189556,0,-1.043332658312691,2.281757518010326,0.30057564254933655,205283,670000,3.4213833333333334
365 featuring shygirl,Charli xcx,71,0.5550426047977305,0.06418535380201812,0,-0.5483550384251843,-0.03042788619852342,4.054013616480111,120053,650000,2.0008833333333333
Me Acostumbre A Lo Bueno II,Chuyin,71,-0.8306860283122757,0.5891160469944642,6,0.3479918260370505,1.2400903734520727,-0.488412339725908,126922,700000,2.1153666666666666
Passport Junkie,Rod Wave,66,-1.6368070119964622,-0.13551654034728225,1,-0.04937706061832876,0.012974911491403824,1.6793895921565603,147750,670000,2.4625
Kisses (feat. bbyclose),BL3SS,83,0.9414477044149442,0.7774064043352331,9,0.5248076460722966,0.10767192463306327,1.028283004842038,138247,680000,2.304116666666667
Why Why Why,Shawn Mendes,78,-0.5042403407046303,0.5263525945475412,7,-0.0461767742828493,-0.9670602603471526,2.2615554819907207,169041,670000,2.81735
Capo,NLE Choppa,68,-0.2510783788864559,1.770210106677468,2,0.6440183120689105,-0.5236414963113326,1.1585043223049425,192200,770000,3.203333333333333
FRESITA,Fuerza Regida,73,1.7409065312091787,0.469294910504884,10,0.6752211038398361,-0.8803335791449162,-1.0069995863281804,142667,270000,2.3777833333333334
Evergreen (feat. Caamp),Richy Mitch & The Coal Miners,68,-0.6374834785036688,-1.7559547671587465,2,-1.3756290561466522,1.0270220938833394,-0.3888313322542752,177513,750000,2.95855
I Adore You (feat. Daecolm),HUGEL,83,0.3485157412092198,0.823052551569359,11,-0.04644346481080602,-0.9566435889015701,-0.15902900731973793,214000,670000,3.566666666666667
Mama I Lied,Megan Moroney,65,-1.7234150515658375,-0.8658548960932945,1,0.2682513581780181,-0.6384616247455946,-0.5650131147040871,207736,690000,3.462266666666667
Someone In This Room (feat. Bailey Zimmerman),Jessie Murph,67,-1.1438074021400177,-1.7388374619459495,3,-0.619294718861648,0.9323250807416801,-0.5879933471975408,200967,760000,3.34945
"Girl, so confusing featuring lorde",Charli xcx,72,0.26856985852979626,1.0284602141229244,11,-0.1685877266149426,-0.3224103433853064,-0.3505309447651856,207412,700000,3.4568666666666665
BË QUIET (FEAT. KODAK BLACK),Yeat,69,0.26856985852979626,-0.48356841300749087,5,-0.32913542444483423,-0.945437775679807,4.666819816305544,174838,500000,2.9139666666666666
Dirt Turns to Gold,Zach Top,65,-0.3310242615658794,0.7431717939096387,4,0.22131382525765111,1.5675842105669784,-0.488412339725908,190518,700000,3.1753
Free Now - Live From Vevo,Gracie Abrams,69,-1.4902395604175194,-0.5805664758800082,0,-0.9931948390568442,0.8178995231955084,-0.404151487249911,240324,710000,4.0054
TGIF,GloRilla,67,1.5477039814005717,-0.6661530019439941,10,0.005561188140736996,-0.7027766795043049,-0.38117125475645725,164571,770000,2.74285
Get In With Me,BossMan Dlow,65,-0.2644026926663598,0.0356565117806895,1,0.2730517876812374,-0.4684015719786979,-0.5343728047128155,120793,800000,2.0132166666666667
Piece of My Heart (feat. Brent Faiyaz),Wizkid,77,0.5683669185776344,0.029950743376423773,1,0.28905321935863515,0.0011377848486963935,-0.572673192201905,259354,690000,4.322566666666667
World Tour (Aquafina),Juice WRLD,68,0.2619077016398443,-0.8601491276890287,1,0.42159841175308044,-0.7595948873893005,-0.028807689856833588,155712,660000,2.5952
hysteric,jaydes,67,0.43512378077859526,-3.2856712763423865,1,-3.4864845849233825,2.8893966856693067,0.0018326201344380743,106639,470000,1.7773166666666667
Shadow,Livingston,70,0.5683669185776344,0.3323564688025066,2,0.569878345296967,-0.5946642561675771,-0.8844383463630939,157714,770000,2.6285666666666665
SLAY!,Eternxlkz,80,0.19528613274032544,0.7431717939096387,1,0.4989386648605033,-0.6526661767168435,-0.627825750186194,107077,660000,1.7846166666666667
MR INTERNACIONAL,Tito Double P,76,1.0813529991039346,-0.078458856304625,4,-0.7459727196410478,0.9559993340270949,-0.5420328822106334,184091,700000,3.0681833333333333
NEVER LAST,Lil Tecca,69,0.11534025006090191,0.1725949534830669,6,0.0850349654718129,-0.9280766566038361,-0.31989063477391394,141732,690000,2.3622
We Don't Trust You,Future,70,0.8481775079556167,-0.7688568332207771,6,-0.15792010549667737,0.8928679919326553,0.4844175024969663,226213,510000,3.7702166666666668
Clouds,BUNT.,75,0.32186711364941195,0.6005275838029956,9,-0.42221041870169834,-0.10145064605476789,-0.580333269699723,158761,830000,2.6460166666666667
Death Wish Love (From Twisters: The Album),Benson Boone,70,0.26856985852979626,0.18971225869586408,0,0.1837104608157662,1.397918728688172,-0.45777202973463643,223955,680000,3.7325833333333334
TOMMY & PAMELA,Peso Pluma,77,0.9747584888647041,0.8801102356120162,11,0.7413603547730805,0.5140799393660179,-0.12072861983064835,209424,670000,3.4904
The Ballad of the Witches' Road (Sacred Chant Version),Kathryn Hahn,71,-0.9639291661113149,-2.429235438862102,10,0.055965697924540175,1.7964353256593217,-0.7059585406639366,197693,650000,3.2948833333333334
Wanna Be (with Megan Thee Stallion),GloRilla,66,1.7808794725488903,-0.078458856304625,1,0.37519425988862687,-0.904007832430331,-0.25861001479137086,156444,720000,2.6074
Otaku Hot Girl,Megan Thee Stallion,68,0.7016100563766736,0.6461737310371215,0,0.9011079810191022,-0.7347369214396149,-0.2356297822979171,158663,690000,2.6443833333333333
Deja Vu,TOMORROW X TOGETHER,77,-1.9632526996041082,-0.40368765534777135,5,0.3301235606639562,-0.6731838628975363,-0.26627009228918874,171428,710000,2.8571333333333335
GIRLS,The Kid LAROI,72,0.5283939772379227,0.5206468261432755,7,0.9152425790008036,-0.8424547738882524,1.327026027256936,152980,680000,2.5496666666666665
KEEP IT COOL,Internet Money,69,-0.17113249620703236,-0.6718587703482598,10,-0.22245921326218196,-0.9229472350586628,-0.41947164224554684,106667,700000,1.7777833333333333
No Longer You,Jorge Rivera-Herrans,69,-2.376306426781129,-1.1739663899236432,0,0.3890621673423716,1.196687575762146,-0.4654321072324543,167700,690000,2.795
LA DURANGO,Peso Pluma,72,0.5683669185776344,0.4750006789091497,3,-0.19018965937942978,1.725412565803077,-0.08242823234155879,262883,350000,4.381383333333333
giving girls cocaine,Lil Peep,0,-0.11117308419746472,0.49211798412194685,11,-0.41500977444686904,0.33257733084450425,-0.5267127272149975,155573,700000,2.5928833333333334
Wine Into Whiskey,Tucker Wetmore,65,0.40181299632883544,0.3209449319939751,8,0.3535923271241397,-0.7260563619016296,-0.6630621066761563,166343,350000,2.7723833333333334
WHATCHU KNO ABOUT ME (with Sexyy Red),GloRilla,67,1.2279204506828778,0.2752987847598493,1,0.6280168803915125,-0.9700589990966384,0.7831605249118646,149461,720000,2.491016666666667
Corazón de Piedra,Xavi,74,1.2145961369029739,0.6861141098669815,2,0.29385364886185467,-0.8535027587547794,0.7142198274315038,193568,770000,3.2261333333333333
I'd Rather Pretend (with d4vd),Bryant Barnes,71,-0.5975105371639571,-1.767366303967278,8,-0.677166563428237,2.6210884817679387,-0.6676581531748471,184560,750000,3.076
Little Wolf,Jorge Rivera-Herrans,69,-0.57086190960415,0.07559689061054957,4,0.19251124823833488,0.47462285055699316,0.10907370510388889,193600,340000,3.2266666666666666
TOO FAST,Future,69,-0.7307536749629963,-0.18686845598567378,5,0.021295929290178237,-0.4684015719786979,-0.404151487249911,205731,680000,3.42885
"Everywhere, Everything (with Gracie Abrams)",Noah Kahan,68,-2.3496577992213212,-1.6304278622649009,11,-0.8411812381215648,1.129610524786804,-0.35819102226300353,257668,680000,4.294466666666667
Cero Empatía,Julión Álvarez y su Norteño Banda,76,0.18862397585037347,-1.219612537157769,2,0.4720029215368836,0.3562515841299191,0.4690973475013305,189525,740000,3.15875
Legendary,Jorge Rivera-Herrans,68,-0.3310242615658794,-0.06134155109182783,2,0.3621264240187519,0.46673143279518825,-0.4118115647477289,194442,770000,3.2407
The Albatross,Taylor Swift,70,-1.996563484053868,-0.9343241169444831,2,-0.6307624115637834,1.5912584638523932,-0.6607640834268109,183879,690000,3.06465
Cold Beer & Country Music,Zach Top,65,-0.4442809286950627,0.17830072188733262,2,0.3509254218445735,-0.06593926612664572,0.04013300762352765,186168,740000,3.1028
Risk,Gracie Abrams,70,0.3751643687690276,-0.917206811731686,3,0.14530702479001137,1.0585877649305593,-0.2892503247826425,191587,770000,3.1931166666666666
POR QUÉ SERÁ,Grupo Frontera,75,0.022070053601574477,0.3209449319939751,10,0.20477901252433994,0.13923759568028288,0.2546151775624291,209492,750000,3.4915333333333334
FUNKED UP - SLOWED,xxanteria,77,0.6882857425967698,1.62186012816656,11,1.8217236835253907,-0.9818172115617279,-0.94265493534651,115348,710000,1.9224666666666668
Mi Morenita,Grupo Marca Registrada,74,1.354501431591965,0.16118341667453545,4,0.21064620413938587,1.3190045510701223,-0.6531040059289931,149451,690000,2.49085
Fresas Con Crema,Luis R Conriquez,72,-0.10451092730751275,1.03416598252719,0,0.2125130378350822,1.457104361901709,-0.312230557276096,140987,750000,2.3497833333333333
Blowing Smoke,Gracie Abrams,69,-0.21110543754674413,0.007127669759360873,11,0.36986044932949413,0.005083493729598871,-0.7090225716630638,232280,740000,3.8713333333333333
EASY,LE SSERAFIM,75,0.6150020168072982,0.32665070039824085,0,0.379461308335933,-0.24744187464815942,-0.5037324947215438,164545,650000,2.7424166666666667
Gata Only,FloyyMenor,77,0.9481098613048962,-0.8145029804549029,8,-0.5006174339209478,0.7350396366965565,-0.6837443159202647,222000,690000,3.7
icantbelieveiletyougetaway,aldn,69,-0.5375511251543902,-0.626212623114134,8,-0.2253928090697049,-0.9387300705822728,-0.9143126486045836,135881,760000,2.264683333333333
Witchy (feat. Childish Gambino),KAYTRANADA,68,-0.397645830465399,-0.13551654034728225,5,-0.42834430084470076,-0.988248717037599,-0.4654321072324543,227000,720000,3.783333333333333
"I Knew It, I Know You - Live From Vevo",Gracie Abrams,69,-2.689427800608871,-2.115418176627487,3,-1.3788293424821318,2.088417782846105,-0.6531040059289931,256869,780000,4.28115
STFU,Yeat,69,0.2419212309699884,-0.078458856304625,8,0.09116884761481531,-0.9872622898173732,-0.41947164224554684,104751,690000,1.74585
offline,Young Miko,78,0.9481098613048962,0.49211798412194685,4,0.30745486578764264,-0.2790075456953792,-0.572673192201905,201936,650000,3.3656
Theremant,Zephyrical,71,-3.428927215393538,-3.6636841388933945,2,-8.29651494714917,2.7789168370040374,-0.5343728047128155,170484,740000,2.8414
Strangers,Kenya Grace,76,-0.15780818242712844,-0.6832703071567913,11,-0.46141392631132305,1.7727610723739067,0.30057564254933655,172965,720000,2.88275
Nice To Meet You,Myles Smith,73,0.7349208408264335,0.800229477952296,5,0.36559340088218806,0.3049573686781869,-0.9664011755897455,176000,690000,2.933333333333333
HABLAME CLARO,Yandel,77,1.0547043715441276,-0.8886779697103573,5,0.7573617864504784,-0.6325430614242409,-0.28159024728482457,154969,680000,2.5828166666666665
Lo Que Hay X Aquí,La Receta,75,0.25524554474989236,-0.8030914436463714,0,-0.1773885140375115,1.7569782368502969,0.2546151775624291,158546,510000,2.6424333333333334
ATTITUDE (FEAT. CHARLIE WILSON & CASH COBAIN),Don Toliver,68,-0.05787582907784904,0.20112379550439552,2,0.2858529330231557,-0.9241309477229336,-0.26627009228918874,161053,660000,2.6842166666666665
I Look in People's Windows,Taylor Swift,69,0.7415829977163854,-2.1040066398189556,1,-1.2940217545919235,1.7293582746839795,-0.12072861983064835,131907,690000,2.19845
Orion,Boza,81,1.367825745371869,0.35517954241956945,1,0.4805370184314958,0.27733740651186956,0.13205393759734263,240964,680000,4.016066666666666
skin,otuka,69,-1.1371452452500659,0.3152391635897094,2,-0.12778407583757825,-0.9919853033478134,0.14737409259297846,110320,680000,1.8386666666666667
I LUV HER (feat. T-Pain),GloRilla,65,0.9680963319747521,-0.20398576119847095,1,0.6181493308571171,-0.6968581161829511,-0.9005245091085115,176000,780000,2.933333333333333
Oak Island,Zach Bryan,66,-2.00322564094382,-0.08416462470889073,10,0.021029238762221517,-0.6009773903770211,-0.26627009228918874,239410,750000,3.9901666666666666
Never Be Yours,Kali Uchis,68,-1.7700501497955012,-0.6205068547098682,2,-0.7531733638958766,1.3663530576409522,-0.6883403624189555,196025,660000,3.2670833333333333
ADIVINO,Myke Towers,78,0.8948126061852805,1.2053390346551618,10,1.1139270223284934,-0.32635605226620884,-0.5650131147040871,278644,660000,4.644066666666666
girl you're taking home,Ella Langley,66,-0.5308889682644382,-0.38657035013497415,6,0.19144448612650847,1.1848504491194385,-0.5496929597084513,184707,770000,3.07845
CONTIGO (with Tiësto),KAROL G,77,1.3211906471422052,-0.46074533939042794,5,-0.3430033318985792,-0.32635605226620884,-0.580333269699723,192787,720000,3.2131166666666666
Armageddon,aespa,72,0.28855632919965213,0.8344640883778904,9,1.2072687071133141,-0.7363152049919759,-0.0900883098393767,196467,720000,3.27445
overseas,Ken Carson,68,-1.1171587745802098,0.7602890991224359,6,0.8245677994955493,-0.9795681574996133,-0.18966931731100958,141032,770000,2.3505333333333334
Baggage,Kelsea Ballerini,65,-0.40430798735535095,0.8515813935906875,0,0.3637265671864917,-0.7690645887034664,-0.7059585406639366,152813,810000,2.546883333333333
End Up Gone,ian,65,0.4084751532187874,0.13265457465320682,2,-0.3563378582964106,-0.6708164375689949,-0.5496929597084513,139149,680000,2.31915
Come Play (from the series Arcane League of Legends),Stray Kids,75,-0.5775240664941019,1.2795140239106162,7,0.2965205541414209,-0.9811858981407835,0.5916585874664171,161667,650000,2.69445
Heart of Gold,Shawn Mendes,73,-0.18445680998693628,1.1711044242295676,7,-0.05844453856885438,-0.39737881212245346,-0.3275507122717319,171608,640000,2.860133333333333
In My Mind,Lavern,73,-1.6767799533361738,-0.16404538236861088,5,-1.0211973444922906,-0.6546390311572947,-0.572673192201905,120462,710000,2.0077
Lobster,RJ Pasin,74,-0.5975105371639571,-1.0826740954553917,10,-0.4096759638877365,-0.7232943656849977,0.423136882514423,116870,740000,1.9478333333333333
Casi oficial,Carin Leon,76,1.2878798626924455,0.5035295209304783,0,0.5744120842722298,-0.12117919045928029,-0.404151487249911,227000,650000,3.783333333333333
Supernova,aespa,72,0.6150020168072982,0.5948218153987299,11,0.6122821392420714,-0.9659160047716908,-0.810901602384042,178880,690000,2.981333333333333
Rock,Stepz,72,1.6542984916398031,0.571998741781667,1,0.18104355553619994,-0.8014194015268666,0.9516822298638588,144113,680000,2.401883333333333
02.02.99,That Mexican OT,64,1.3211906471422052,0.35517954241956945,9,0.03649728938370604,-0.39737881212245346,-0.39649140975209307,162162,720000,2.7027
My Promised Land,Josiah Queen,66,0.27523201541974823,-0.08987039311315645,9,0.1410399763427053,0.9678364606698023,-0.312230557276096,194669,760000,3.244483333333333
SportsCenter,BossMan Dlow,65,0.5350561341278747,0.9143448460376106,10,0.5058726185873759,-0.9550258482603999,0.04013300762352765,143092,750000,2.3848666666666665
57,KAROL G,51,1.1679610386733101,0.532058362951807,1,0.9496456571072089,-0.29873609009989166,-0.5879933471975408,298130,700000,4.968833333333333
Goddard Song,Lil Uzi Vert,66,-0.3310242615658794,0.49211798412194685,2,0.3389243480865251,-0.6617413071429191,-0.18200923981319167,139501,650000,2.3250166666666665
LABOUR - the cacophony,Paris Paloma,72,-0.784050930082612,0.823052551569359,11,-0.33606937817170657,-0.8010248306387765,0.8674213773878616,247445,700000,4.124083333333333
Frente al Mar,Beéle,78,0.6549749581470099,0.22394686912145842,10,0.7338930199902949,-0.33030176114711135,-0.5190526497171797,165178,680000,2.7529666666666666
Never Mind,Rod Wave,65,0.23525907408003718,-0.3238068976880512,4,-0.38967417429098944,-0.5473157495967474,-0.8200936953814234,170353,680000,2.8392166666666667
Lithonia,Childish Gambino,66,-1.5968340706567508,-1.5163124941795865,1,-0.27019681776641885,-0.6956744035186805,-0.3045704797782781,178960,700000,2.982666666666667
VINO TINTO,Peso Pluma,75,0.08202946561114212,0.7203487202925759,4,0.40559698007568273,0.6087769525076774,-0.07476815484374087,269539,750000,4.4923166666666665
Suffering,Jorge Rivera-Herrans,68,0.08869162250109408,0.5548814365688699,8,1.0661894178242564,1.7372496924457845,-0.41947164224554684,150923,660000,2.5153833333333333
XO (Only If You Say Yes),ENHYPEN,76,0.0687051518312382,0.67470257305845,8,-0.08217999555699436,-0.55126145847765,0.2316349450689753,188332,720000,3.1388666666666665
Beaches,beabadoobee,68,-1.5635232862069908,0.965696761676002,10,0.6928226786849737,-0.9324169363728289,0.07077331761479931,230053,650000,3.834216666666667
The Light at the End of the Tunnel for $9.99 a Month,$uicideboy$,66,-0.0312272015180412,0.35517954241956945,1,0.2879864572468087,-0.9827247246043354,0.35419618503406197,139996,760000,2.333266666666667
Routines In The Night,Twenty One Pilots,70,0.6882857425967698,0.406531458057961,9,0.3943959779015043,-0.6321484905361506,-0.028807689856833588,202600,680000,3.3766666666666665
"So Long, London",Taylor Swift,70,-1.5235503448672791,-0.626212623114134,9,-1.2830874429457015,1.8871866299200786,-0.751919005650844,262975,700000,4.382916666666667
Just a Man,Jorge Rivera-Herrans,68,-1.7500636791256454,-1.5904874834350409,2,0.12530523519326403,1.6662269325895402,-0.7128526104119728,148687,650000,2.4781166666666667
OATH,Future,67,1.1213259404436464,-0.9799702641786089,10,-0.028575199437711737,0.2181517732983324,-0.47309218473027226,94777,720000,1.5796166666666667
My Boy Only Breaks His Favorite Toys,Taylor Swift,70,-0.3709972029055912,-0.4550395709861629,0,-0.2093913773923072,-0.452618736455088,0.9363620748682229,203801,660000,3.3966833333333333
Look At That Woman,ROLE MODEL,68,0.08202946561114212,0.5605872049731355,2,-0.3208680180781788,0.6758540034830193,-0.5956534246953588,163458,690000,2.7243
I Like It,Stray Kids,75,0.9614341750848001,1.1653986558253018,5,0.9011079810191022,-0.7540708949560371,-0.3505309447651856,148633,660000,2.4772166666666666
supernatural,Ariana Grande,72,-0.4775917131448225,0.406531458057961,8,-0.09258092614730311,-0.6108416625792773,-0.15136892982192002,163382,630000,2.7230333333333334
Club classics featuring bb trickz,Charli xcx,70,1.7342443743192266,-0.2781607504539254,1,0.5685448926571839,-0.9229472350586628,-0.5113925722193617,174325,680000,2.9054166666666665
sun to me,mgk,68,-1.2170911279294894,-1.2082010003492376,6,-0.4590137115597133,1.654389805946833,1.0742434698289454,158447,740000,2.6407833333333333
UP!,Forrest Frank,67,0.9214612337450884,0.7945237095480303,0,0.0757007969933308,-0.8570538967475916,-0.8744802456159305,136960,750000,2.2826666666666666
DICE AND ROLL,Odetari,72,0.8748261355154247,0.7888179411437646,10,0.01862902401061199,-0.9229472350586628,-0.45777202973463643,120166,750000,2.0027666666666666
Single Again,Josh Ross,66,-0.764064459412756,1.3137486343362106,1,0.5496098651722632,-0.8752041575997429,-0.7886873776403701,179051,670000,2.984183333333333
Planting Seeds,BigXthaPlug,66,-0.2310919082166,-0.6319183915183997,1,-0.9305225649870362,0.6285054969121896,-0.9150786563543656,101471,690000,1.6911833333333333
B.A.S. (feat. Kyle Richh),Megan Thee Stallion,66,0.38848868254893154,0.67470257305845,7,0.8408359217009037,-0.8065488230720399,-0.5343728047128155,206461,700000,3.4410166666666666
These Words,Badger,75,-0.3776593597955431,1.9756177692310342,5,1.0352533165812874,-0.9261038021633848,1.0819035473267633,136580,650000,2.2763333333333335
The Sound of Silence - CYRIL Remix,Disturbed,63,0.18862397585037347,0.44647183688782105,6,0.5861464675023217,-0.5078586607877227,-0.1360487748262842,185238,720000,3.0873
I Can Fix Him (No Really I Can),Taylor Swift,69,0.06204299494128624,-2.2010047026914727,6,-1.969282171378112,2.0371235673943726,-0.028807689856833588,156298,700000,2.604966666666667
Be Mine,Jimin,77,0.23525907408003718,0.5948218153987299,1,0.2882531477747652,-0.7722211558081884,-0.5343728047128155,207348,810000,3.4558
SC-9,Yahir Saldivar,70,1.20127182312307,-1.402197126094272,5,-0.9041202027193297,-0.6262299272147969,-0.7863893543910246,165261,650000,2.75435
Hangin’ On (feat. Morgan Wallen),ERNEST,65,-0.8040374007524678,0.7831121727394988,3,0.5365420293023883,0.656125459078507,-0.4501119522368185,206147,620000,3.435783333333333
Tell Ur Girlfriend,Lay Bankz,72,1.4277851573814366,0.5605872049731355,7,0.5112064291465084,-0.6250462145505261,-1.1494770277875934,124444,670000,2.0740666666666665
DRIP,BABYMONSTER,80,1.4011365298216287,0.25247571114278705,6,0.36319318613057855,-0.7367097758800661,-0.7166826491608816,180846,700000,3.0141
Déjame Entrar,Rauw Alejandro,74,0.14865103451066172,0.32665070039824085,0,0.20477901252433994,0.3562515841299191,-0.6155696261896852,254706,720000,4.2451
TEXAS HOLD 'EM,Beyoncé,73,0.5017453496781149,0.38941415284516384,2,0.007428021836433322,1.3032217155465124,-0.16668908481755584,233457,700000,3.89095
Warrior of the Mind,Jorge Rivera-Herrans,68,0.2152726034101813,1.268102487102085,1,0.6928226786849737,0.9875650050743148,-0.28159024728482457,208000,690000,3.466666666666667
Scylla,Jorge Rivera-Herrans,68,-2.069847209843339,-0.22110306641126812,1,-0.0037729803377451092,-0.10145064605476789,-0.4424518747390006,174267,770000,2.90445
SR. SMITH,Peso Pluma,74,0.44178593766854724,0.6290564258243243,5,0.03169685988048675,1.2834931711420001,0.26227525506024696,161905,730000,2.6984166666666667
Residuals,Chris Brown,70,-0.4775917131448225,0.012833438163626597,6,-0.32433499494161494,0.3562515841299191,-0.5496929597084513,215178,680000,3.5863
Clara Bow,Taylor Swift,69,0.22859691719008524,-1.8529528300312639,7,-1.1918792823845337,1.5162899951152462,-0.5650131147040871,216662,690000,3.6110333333333333
"I Love You, I'm Sorry",Gracie Abrams,69,-1.0039021074510266,-1.3793740524772091,10,-0.2480615039460185,1.5202357039961487,-0.35819102226300353,157147,690000,2.6191166666666668
Cassandra,Taylor Swift,69,-0.4309566149151588,-0.3181011292837855,10,-0.880651436259146,2.1870605048686667,-0.3275507122717319,240206,740000,4.003433333333334
PJ (feat. Lil Baby),BossMan Dlow,66,0.6016777030273942,-0.44933380258189715,1,-0.026174984686101972,-0.7536763240679467,-0.4424518747390006,178360,690000,2.9726666666666666
"LOVE, MONEY, FAME (feat. DJ Khaled)",SEVENTEEN,78,1.4544337849412443,0.34376800561103804,7,0.5882799917259746,-0.830617647245545,-0.9043545478574204,186387,690000,3.10645
prada dem (feat. Offset),Gunna,69,1.7608930018790345,-0.2724549820496597,1,0.5757455369120129,-0.7931334128769715,-0.5573530372062692,165347,710000,2.7557833333333335
NIGHTS LIKE THIS PT 2,The Kid LAROI,69,-1.7234150515658375,-0.06134155109182783,1,-0.22939316698905451,-0.9843424652455054,0.8138008349031363,166369,690000,2.7728166666666665
SOUTH OF FRANCE,Future,67,1.2479069213527336,0.007127669759360873,2,-0.1477858654343256,-0.8748095867116528,-0.4118115647477289,108953,670000,1.8158833333333333
Atención,Ivan Cornejo,69,0.3751643687690276,0.3152391635897094,1,-0.2141918068955265,0.5929941169840675,-0.5496929597084513,253910,660000,4.231833333333333
Apple featuring the japanese house,Charli xcx,68,0.4617724083384031,1.1026352033783788,0,-0.25872912506428375,-0.12907060822108524,-0.1437088523241021,157367,690000,2.6227833333333335
Don't Mind If I Do,Riley Green,64,-1.6034962275467026,-1.5619586414137123,5,-0.8006442778721571,1.7135754391603701,-0.17434916231537376,218946,790000,3.6491
Santa,Rvssian,79,0.48842103589821095,0.3780026160366324,3,0.41599791066599123,0.2733916976309671,-0.5037324947215438,193039,680000,3.2173166666666666
GLORY,Ogryzek,79,-2.136468778742859,0.697525646675513,1,-0.056577704873157816,-0.9915197096998669,-0.5420328822106334,149522,690000,2.4920333333333335
Awuke,Davido,75,0.6483128012570579,0.8515813935906875,5,0.5216073597368169,0.2220974821792349,-0.8315838116281503,172632,680000,2.8772
"Loser, Baby",Keith David,69,-1.123820931470162,-0.6547414651354626,4,0.10663689823630007,0.9678364606698023,-0.3888313322542752,175114,700000,2.9185666666666665
FRESITA,Fuerza Regida,75,1.7875416294388424,0.32665070039824085,5,0.6744210322559663,-0.8254882257003717,-1.0207877258242526,142667,680000,2.3777833333333334
ghost boy,Lil Peep,69,0.02873221049152644,-0.10698769832595363,5,0.21944699156195477,-0.9004566944375189,0.21631479007333948,130973,780000,2.1828833333333333
Nasty,Tinashe,70,1.854163198338362,-1.1340260110937832,8,-0.17872196667729462,-0.4052702298842584,-0.39649140975209307,176027,660000,2.9337833333333334
Red Leather,Future,67,0.16197534829056565,-0.20398576119847095,6,0.4760032794562332,1.0191306761215346,-0.45777202973463643,414893,730000,6.914883333333333
READY TO COOK UP,Future,66,0.9414477044149442,-0.2382203716240653,2,0.4263988412563,-0.8744150158235625,0.0631132401169814,167111,680000,2.7851833333333333
The Horse and the Infant,Jorge Rivera-Herrans,68,-1.08384799013045,0.5834102785901985,0,0.5205405976249905,0.19447752001291754,-0.6033135021931766,234000,690000,3.9
labour,Paris Paloma,70,-0.01790288773813728,-0.3979818869435056,11,-0.9931948390568442,0.5180256482469204,1.334686104754754,237745,660000,3.9624166666666665
thanK you aIMee,Taylor Swift,69,-0.28438916333621567,-0.5805664758800082,7,-0.3830069110920736,1.4097558553308793,-0.4424518747390006,263817,640000,4.39695
PROCEDURE (feat. Latto),GloRilla,64,1.367825745371869,0.9029333092290791,6,0.7576284769784349,-0.8838847171377284,-0.48075226222809003,174684,750000,2.9114
Nothing Matters,The Last Dinner Party,71,-0.5042403407046303,0.8744044672077504,2,0.3938625968455911,-0.9067698286469628,-0.5343728047128155,182624,690000,3.0437333333333334
Thunder Bringer,Jorge Rivera-Herrans,67,-2.502887407690216,1.4278640024215252,8,0.7621622159536977,-0.53547862295404,-0.3888313322542752,249750,690000,4.1625
These Walls (feat. Pierre de Maere),Dua Lipa,67,0.6016777030273942,0.7146429518883102,1,0.4189315064735142,-0.6258353563267066,-0.8223917186307688,217597,740000,3.6266166666666666
For Cryin' Out Loud!,FINNEAS,70,0.7082722132666256,-0.6775645387525255,8,-0.0451100121710229,-0.5394243318349425,-0.5267127272149975,217240,690000,3.6206666666666667
Everyday Hustle,Future,68,-0.6308213216137168,0.3494737740153038,6,0.2495830212210539,-0.7584111747250297,3.801231059052121,226947,670000,3.78245
Dirty (feat. Teddy Swims),Jessie Murph,68,-1.6967664240060296,-0.46074533939042794,1,0.25118316438879373,-0.11328777269747532,-0.404151487249911,173362,680000,2.8893666666666666
Bad Dreams - Acoustic,Teddy Swims,62,0.7349208408264335,-0.626212623114134,0,0.225047492649044,1.0625334738114618,-0.7680051683962617,176020,770000,2.933666666666667
Real Man,beabadoobee,69,-0.6441456353936208,0.5834102785901985,10,0.16984255336202128,1.5162899951152462,-0.25861001479137086,160600,760000,2.6766666666666667
truck on fire,Carly Pearce,65,-1.0771858332404982,0.38941415284516384,0,0.44053343923800137,0.8376280676000208,0.8980616873791333,188040,680000,3.134
ESTE,El Alfa,74,1.7942037863287943,0.22394686912145842,2,0.5162735491776844,-0.8254882257003717,-0.0364677673546515,162059,670000,2.7009833333333333
Let It Happen,Gracie Abrams,69,-0.8306860283122757,-0.3922761185392399,7,0.3167890342661247,1.4334301086162942,-0.5496929597084513,260947,660000,4.349116666666666
She Stank,Lil Uzi Vert,66,0.23525907408003718,-0.3808645817307084,1,0.08370151283202977,-0.6546390311572947,-0.312230557276096,125811,640000,2.09685
Santa Baby,Laufey,68,1.0014071164245117,-1.504900957371055,7,-0.5846249502272863,2.4040744933183027,-0.572673192201905,182040,770000,3.034
teen romance,Lil Peep,69,0.43512378077859526,-1.242435610774832,8,0.3973295737090273,-0.9509617681130705,-0.6171016416892489,170133,750000,2.83555
Illusion,Dua Lipa,74,0.18196181896042152,0.7374660255053731,8,0.4949383069411539,-0.8838847171377284,-0.5650131147040871,188143,670000,3.1357166666666667
Tree Birds,Dylan Gossett,66,-1.2837126968290085,0.13836034305747255,7,0.40079655057246344,-0.9689147435211768,-0.2739301697870067,212683,680000,3.5447166666666665
Soft Slumber,Calmly,69,-3.3556434896040663,-3.6428523784494207,7,-9.11338803428033,2.917016647835624,-0.5573530372062692,146000,670000,2.433333333333333
us. (feat. Taylor Swift),Gracie Abrams,69,-2.236401132092138,-0.5063914866245538,7,0.034630455688009716,0.9717821695507048,-0.6760842384224468,242667,690000,4.04445
DIE FOR ME,Chase Atlantic,72,-0.24441622199650392,0.4578833736963525,6,0.5496098651722632,-0.6155765132363602,1.5798085846849272,206815,760000,3.4469166666666666
Missin’ You Like This (Feat. Luke Combs),Post Malone,67,-0.9972399505610746,0.3665910792281009,7,0.44880084560465683,-0.8937489893399846,1.4878876547111124,222782,680000,3.713033333333333
Vision De Tunel,Hermanos Espinoza,67,-0.6841185767333325,0.8116410147608275,8,-0.24032747863527623,-0.79076598754843,0.2239748675711574,172890,660000,2.8815
Beer For Breakfast,Zach Top,64,0.7682316252761933,-0.563449170667211,7,-1.0190638202686373,1.1375019425486088,0.4461171150078767,206360,720000,3.4393333333333334
Chihiro,Gravagerz,77,0.3751643687690276,-0.7460337596037142,10,-1.775664848081598,1.8714037943964688,-0.404151487249911,128576,630000,2.142933333333333
PASSENGER PRINCESS,Nessa Barrett,68,-0.3110377908960235,1.017048677314393,10,0.8611044018256077,-0.5630985851203574,0.09375355010825306,155578,670000,2.592966666666667
El Gordo Trae El Mando,Chino Pacas,70,0.481758879008259,0.7317602571011074,7,0.2861196235511124,-0.5788814206439673,-0.8139656333831692,112409,660000,1.8734833333333334
Monster,Jorge Rivera-Herrans,67,-1.790036620465357,-0.2382203716240653,0,0.23518173271139578,0.8455194853618258,-0.6178676494390307,218667,670000,3.64445
We'll Be Fine,Jorge Rivera-Herrans,67,-1.08384799013045,-0.5178030234330852,10,0.1410399763427053,1.930589427610006,0.9593423073616766,125739,720000,2.09565
Bless Your Heart,Megan Moroney,64,-2.1897660338624743,0.8744044672077504,7,0.6952228934365834,-0.10934206381657285,1.518527964702384,163634,650000,2.7272333333333334
CUTE DEPRESSED,Dyan Dxddy,76,1.187947509343166,1.576213980932434,10,1.18860037015635,0.9915107139552172,-0.7971134628879697,96947,640000,1.6157833333333333
LA TROKA,Tito Double P,76,1.1279880973335983,-0.8145029804549029,6,-0.9934615295848007,0.7034739656493366,-0.6339538121844482,142373,690000,2.3728833333333332
Love For You,LOVELI LORI,71,0.4617724083384031,0.024244974972158048,1,-0.7779755829958434,-0.7540708949560371,-0.005827457363379841,170233,690000,2.8372166666666665
Turtle Race,Rod Wave,65,0.06204299494128624,-0.7745626016250429,0,-1.1382744862652514,-0.7990519761983252,-0.6852763314198282,186566,680000,3.1094333333333335
Felt Good About You,Gracie Abrams,68,-0.610834850943861,-0.4150991921563028,0,-0.6224950051971276,2.2067890492731794,-0.580333269699723,164693,810000,2.744883333333333
OCEAN,Future,66,0.20861044652022936,-0.9571471905615461,6,-0.8774511499236668,0.5574827370559452,-0.1360487748262842,203097,650000,3.38495
Rule #34,Fish in a Birdcage,67,0.4217994669986913,-1.2709644527961605,7,-1.5961821227667856,1.1769590313576337,-0.4271317197433648,164469,790000,2.74115
Coming Home,Old Dominion,65,-0.39098367357544705,1.4849216864641823,5,0.47306968364871027,-0.9383354996941825,-0.580333269699723,170240,670000,2.8373333333333335
Talk talk,Charli xcx,69,-0.4842538700347745,1.4221582340172594,0,0.25091647386083704,-0.8136510990576644,-0.3275507122717319,161757,710000,2.69595
Cowboys Like Me Do,Zach Top,64,-0.4376187718051108,-0.08416462470889073,3,0.20797929885981964,1.4689414885444165,-0.4654321072324543,178915,640000,2.9819166666666668
The Smallest Man Who Ever Lived,Taylor Swift,69,-1.5035638741974233,-1.3280221368388179,10,-0.6683657760056683,1.0585877649305593,1.2121248647896679,245542,670000,4.092366666666667
YOU,Chase Atlantic,66,-0.29105132022616764,-1.0427337166255315,2,0.037564051495532685,0.08005196246674594,-0.3045704797782781,213103,690000,3.5517166666666666
Hasta Aquí Llegué,Nanpa Básico,79,-0.07120014285775296,0.0813026590148153,11,-0.4696813326779783,1.129610524786804,-0.5650131147040871,188887,670000,3.1481166666666667
Let It Happen,Gracie Abrams,68,-0.9106319109916992,-0.44933380258189715,7,0.3191892490177345,1.5123442862343437,-0.5343728047128155,260947,650000,4.349116666666666
WYA REMIX RED,J Abdiel,81,0.5417182910178266,-0.6604472335397283,0,0.15784147960397293,0.44305717950977336,-0.6117395874407763,321742,640000,5.3623666666666665
Change My Mind,Riley Green,64,-1.0305507350108345,0.1725949534830669,11,0.022362691402004642,-0.9811858981407835,-0.39649140975209307,199533,720000,3.32555
Heaven,TOMORROW X TOGETHER,72,0.6749614288168658,0.09841996422761247,4,0.15944162277171278,-0.20798478583913466,0.10907370510388889,154989,670000,2.58315
Everything is romantic featuring caroline polachek,Charli xcx,69,-0.3176999477859755,-1.1054971690724547,0,-1.304422685182232,-0.33030176114711135,1.181484554798396,203945,660000,3.3990833333333335
Aeterna,Luna Novina,69,-3.289021920704547,-3.6530086462090137,2,-7.904213180524968,2.8617767235029894,-0.5496929597084513,188531,610000,3.1421833333333336
Cinderella,Remi Wolf,67,0.481758879008259,0.9999313721015958,1,0.5421425303894777,-0.6968581161829511,-0.6255277269368485,243953,650000,4.065883333333334
Open Arms,Jorge Rivera-Herrans,67,-0.9772534798912188,0.029950743376423773,9,0.11410423301908561,1.7609239457311994,0.3158957975449724,198695,660000,3.3115833333333335
Snooze You Lose,BabyChiefDoit,63,0.6483128012570579,0.5777045101859327,11,0.18744412820715908,-0.6029502448174724,0.2699353325580649,154622,660000,2.5770333333333335
Where You Are,John Summit,68,-0.5775240664941019,1.079812129761316,9,0.04129771888692557,-0.9513563390011607,2.514338039418712,236000,620000,3.933333333333333
Seventh Heaven,INOHA,68,-1.4702530897476633,1.4792159180599167,7,-0.038442748972107046,-0.9886432879256891,1.2504252522787573,234500,670000,3.908333333333333
Marble Floors,Summrs,65,0.04871868116138232,-1.0712625586468603,1,-1.2425504826962939,-0.675945859114168,-0.19732939480882752,208212,650000,3.4702
The Tortured Poets Department,Taylor Swift,69,-0.3176999477859755,-1.2253183055620347,0,-0.49715045705751165,-0.8026031141911374,-0.4118115647477289,293048,690000,4.884133333333334
Passport Junkie,Rod Wave,65,-1.6368070119964622,-0.13551654034728225,1,-0.04937706061832876,0.012974911491403824,1.6793895921565603,147750,660000,2.4625
Pain Is Cold Water - Live From Fenway Park,Noah Kahan,66,-2.289698387211754,-2.2580623867341303,6,-2.278376493279846,2.4119659110801077,2.322836101973264,140328,640000,2.3388
Free Now,Gracie Abrams,67,-0.4109701442453029,-1.504900957371055,0,-0.5544889205681872,0.6679625857212144,0.39249657252315157,214080,670000,3.568
Us Vs. Them,$uicideboy$,65,-0.004578573958233361,1.5020389916769796,6,0.5661446779055743,-0.8116782446172132,5.4787880310742425,184633,670000,3.0772166666666667
THINGS BEHIND THINGS BEHIND THINGS,Bon Iver,69,-1.5901719137667987,-1.0027933377956715,9,-0.7214371910690377,1.8950780476818836,-0.8323498193779322,200589,690000,3.34315
Straight and Narrow,Sam Barber,66,-1.4969017173074712,-2.0811835662018927,10,-0.6008930724326408,0.8613023208854355,-0.3428708672673677,199875,640000,3.33125
Different Beast,Jorge Rivera-Herrans,67,-0.5442132820443422,0.7260544886968416,6,0.7613621443698279,-0.08961351941206047,-0.5420328822106334,210698,700000,3.511633333333333
Girls,The Dare,67,1.8008659432187464,1.1254582769954418,2,1.2472722863068086,-0.6514824640525727,-0.9610391213412731,119559,650000,1.99265
Hide My Gun (Feat. HARDY),Post Malone,66,-0.9705913230012668,0.04706804858922095,7,0.4223984833369504,-0.8546864714190501,0.5227178899860558,220479,670000,3.67465
Done For,Jorge Rivera-Herrans,67,-0.12449739797736864,-0.48356841300749087,11,0.05383217370088713,1.0230763850024371,-0.488412339725908,147000,630000,2.45
Nobody's Soldier,Hozier,64,-0.04455151529794512,0.9885198352930643,7,1.0587220830414708,-0.9403083541346338,1.2121248647896679,237200,740000,3.953333333333333
Scared Love,Rod Wave,64,-1.1171587745802098,-0.9514414221572803,2,-0.9054536553591126,-0.39343310324155095,1.441927189724205,185884,690000,3.0980666666666665
Somebody (2024),Gotye,77,1.3078663333623013,-0.078458856304625,0,0.10103639714921062,-0.9300495110442872,-1.0016375320797077,153519,660000,2.55865
There's the Sun,Zach Top,63,-0.05121367218789708,-1.1054971690724547,5,-0.1779218950934247,1.5833670460905884,-0.5573530372062692,205119,790000,3.41865
Apply Pressure,Rod Wave,64,-0.564199752714198,-0.15263384556007942,8,-1.0758689027233999,-0.9233418059467532,-0.6515719904294294,175610,650000,2.926833333333333
The Great American Bar Scene,Zach Bryan,64,-1.7300772084557896,-1.3565509788601462,11,-0.7206371194851678,1.0191306761215346,1.4495872672220227,216720,670000,3.612
Take Me As I Come,Evan Honer,64,-0.9439426954414589,-1.3964913576900062,2,-0.3005995379534747,1.2874388800229026,-0.572673192201905,190759,690000,3.179316666666667
B2b,Charli xcx,69,0.7815559390560972,0.7317602571011074,1,0.9219098421997194,-0.9900913630849804,-0.9656351678399637,178579,640000,2.9763166666666665
Baja Pa' Acá,Rauw Alejandro,0,0.9081369199651844,0.8059352463565618,8,1.0464543187554658,0.5653741548177501,0.30057564254933655,200000,770000,3.3333333333333335
Khé?,Rauw Alejandro,0,0.23525907408003718,-0.08987039311315645,7,0.4271989128401699,0.2931202420354795,-0.6929364089176462,206066,660000,3.4344333333333332
Khé?,Rauw Alejandro,0,0.23525907408003718,-0.08987039311315645,7,0.4271989128401699,0.2931202420354795,-0.6929364089176462,206066,640000,3.4344333333333332
Khé?,Rauw Alejandro,0,0.23525907408003718,-0.08987039311315645,7,0.4271989128401699,0.2931202420354795,-0.6929364089176462,206066,670000,3.4344333333333332
Khé?,Rauw Alejandro,0,0.23525907408003718,-0.08987039311315645,7,0.4271989128401699,0.2931202420354795,-0.6929364089176462,206066,570000,3.4344333333333332
Touching The Sky,Rauw Alejandro,0,0.8281910372857609,0.8287583199736247,5,0.7789637192149654,-0.8428493447763427,0.83678106739659,185613,680000,3.09355
Touching The Sky,Rauw Alejandro,0,0.8281910372857609,0.8287583199736247,5,0.7789637192149654,-0.8428493447763427,0.83678106739659,185613,580000,3.09355
Touching The Sky,Rauw Alejandro,0,0.8281910372857609,0.8287583199736247,5,0.7789637192149654,-0.8428493447763427,0.83678106739659,185613,700000,3.09355
Touching The Sky,Rauw Alejandro,0,0.8281910372857609,0.8287583199736247,5,0.7789637192149654,-0.8428493447763427,0.83678106739659,185613,640000,3.09355
Ni Me Conozco,Rauw Alejandro,0,-0.6574699491735247,-0.6148010863056025,5,-0.027775127853841817,0.32863162196360174,-0.08242823234155879,229787,690000,3.8297833333333333
IL Capo,Rauw Alejandro,0,0.9747584888647041,-0.6033895494970711,8,0.3997297884606368,-0.26322471017176935,-0.312230557276096,249600,720000,4.16
Baja Pa' Acá,Rauw Alejandro,0,0.9081369199651844,0.8059352463565618,8,1.0464543187554658,0.5653741548177501,0.30057564254933655,200000,680000,3.3333333333333335
Revolú,Rauw Alejandro,0,0.5084075065680668,0.2581814795470521,9,0.806699534122455,-0.7505197569632248,-0.580333269699723,215512,670000,3.5918666666666668
Committed,Rauw Alejandro,0,0.6483128012570579,-0.021401172261967753,8,0.31225529529086216,-0.48418440750230785,-0.45777202973463643,159344,650000,2.6557333333333335
Tú Con Él,Rauw Alejandro,0,0.5617047616876825,1.3993351604001965,7,0.54907648411635,-0.034373595079425896,0.45377719250569465,289132,690000,4.818866666666667
SEXXXMACHINE,Rauw Alejandro,0,1.3145284902522532,1.0455775193357215,2,0.8184339173525468,-0.7157975188112831,-1.000871524329926,236353,730000,3.939216666666667
Mil Mujeres,Rauw Alejandro,0,0.042056524271430355,1.1939274978466303,7,0.2919868151661581,-0.7832691406747153,-0.3275507122717319,168923,640000,2.815383333333333
Pasaporte,Rauw Alejandro,0,0.9814206457546559,0.6518794994413871,2,0.7930983171966668,-0.865734456285577,1.1661643998027604,263451,670000,4.39085
Déjame Entrar,Rauw Alejandro,0,0.15531319140061367,0.30953339518544365,0,0.20851267991573283,0.3601972930108216,-0.6140376106901217,254706,710000,4.2451
Cosa Nuestra,Rauw Alejandro,0,0.2419212309699884,0.20682956390866125,6,0.5600107957625717,0.3562515841299191,3.226725246715777,260455,750000,4.340916666666667
Committed,Rauw Alejandro,0,0.6483128012570579,-0.021401172261967753,8,0.31225529529086216,-0.48418440750230785,-0.45777202973463643,159344,690000,2.6557333333333335
Se Fue,Rauw Alejandro,0,0.7748937821661452,-0.19827999279420522,8,0.7997655803955827,0.4036000907007486,-0.5420328822106334,241087,670000,4.018116666666667
Revolú,Rauw Alejandro,0,0.5084075065680668,0.2581814795470521,9,0.806699534122455,-0.7505197569632248,-0.580333269699723,215512,640000,3.5918666666666668
Espresso Martini,Rauw Alejandro,0,1.4144608436015327,-0.4265107289648342,8,0.26611783395436506,1.1256648159059015,-0.45777202973463643,191219,680000,3.1869833333333335
Se Fue,Rauw Alejandro,0,0.24858338785994039,0.571998741781667,8,1.0027170721705783,-0.7193486568040952,-0.6370178431835753,240179,650000,4.002983333333333
Espresso Martini,Rauw Alejandro,0,1.4144608436015327,-0.4265107289648342,8,0.26611783395436506,1.1256648159059015,-0.45777202973463643,191219,700000,3.1869833333333335
Amar De Nuevo,Rauw Alejandro,0,0.3751643687690276,-1.0940856322639232,11,-0.06644525440755313,0.24182602658374727,0.20865471257552157,268042,640000,4.467366666666667
My Baby (feat. STAR BANDZ),Sugarhill Ddot,67,1.0347179008742717,-1.1340260110937832,3,0.40879726641116243,-0.9621675813348335,-0.3658510997608214,178921,680000,2.9820166666666665
Tell Ur Girlfriend,Lay Bankz,70,1.4344473142713885,0.571998741781667,7,0.5053392375314625,-0.6211005056696237,-1.000871524329926,124444,710000,2.0740666666666665
Modo Capone (with Drake & Fuerza Regida),Chino Pacas,70,0.3751643687690276,0.3608853108238352,5,0.18824419979102877,0.07216054470494097,-0.5267127272149975,212167,760000,3.5361166666666666
All My Life,Falling In Reverse,67,-0.40430798735535095,1.5819197493366997,5,0.6522857184355659,-0.9894995067528448,-0.3888313322542752,190231,660000,3.170516666666667
La Diabla,Xavi,71,0.6616371150369619,1.0056371405058615,11,0.588013301198018,0.012974911491403824,0.4307969600122409,172264,690000,2.8710666666666667
Tobey (feat. Big Sean and BabyTron),Eminem,69,0.102015936280998,0.09841996422761247,10,-0.6606317506949261,0.04454058253862364,-0.26627009228918874,284904,680000,4.7484
life force,ptasinski,73,-0.9372805385515071,0.012833438163626597,11,-0.3072668011523906,-0.9489889136726193,0.9823225398551304,109440,750000,1.824
how could u love somebody like me?,Artemas,72,-1.08384799013045,1.2395736450807562,6,0.6261500466958161,-0.6826535642117023,-0.07476815484374087,126448,670000,2.107466666666667
Soup,Remi Wolf,65,-0.011240730848185321,0.24676994273852132,6,0.5242742650163834,-0.9525400516654314,-0.9028225323578569,213117,640000,3.55195
Third Time's the Charm,Megan Moroney,64,-1.4102936777380959,0.38941415284516384,0,0.29465372044572435,-0.6858101313164242,-0.5496929597084513,231819,670000,3.86365
Qué Pasaría...,Rauw Alejandro,0,0.9481098613048962,0.7831121727394988,11,0.7552282622268253,0.7587138899819713,-0.572673192201905,191019,660000,3.18365
Khé?,Rauw Alejandro,0,0.23525907408003718,-0.08987039311315645,7,0.4271989128401699,0.2931202420354795,-0.6929364089176462,206066,650000,3.4344333333333332
Never Stop,ian,64,-0.2644026926663598,0.7545833307181702,9,0.3031878173403365,-0.7197432276921855,1.1125438573180348,127872,670000,2.1312
Now or Never (feat. Lauren Alaina),Corey Kent,64,-1.1571317159199217,0.7146429518883102,7,0.4781368036798863,-0.5907185472866747,-0.6033135021931766,174947,650000,2.915783333333333
BROTHER STONE (FEAT. KODAK BLACK),Don Toliver,67,1.181285352453214,-0.7060933807738541,1,-0.06537849229572672,-0.7008038250638536,-0.6347198199342301,202840,700000,3.3806666666666665
it boy,bbno$,71,0.6283263305872021,1.553390907315371,9,0.1738429112813709,-0.9859996629754845,0.9899826173529483,146432,600000,2.440533333333333
Second Nature,Clairo,67,0.7349208408264335,-1.504900957371055,2,-0.6054268114079033,0.7666053077437762,0.07077331761479931,227410,650000,3.7901666666666665
TRAQUETO,iZaak,74,0.8548396648455687,-0.24963190843259675,8,0.5624110105141815,-0.46051015421689295,-0.4654321072324543,202200,740000,3.37
Purple Gas,Zach Bryan,65,-0.8773211265419394,-1.9100105140739212,0,-0.6259619820605639,2.3843459489137904,-0.6531040059289931,180153,730000,3.00255
My Way,Calvin Harris,75,1.1080016266637425,1.5419793705068396,4,0.9379112738771171,-0.6262299272147969,-0.1437088523241021,219160,680000,3.6526666666666667
Misery in Waking Hours,$uicideboy$,65,1.2212582937929257,0.4578833736963525,2,0.1135708519631724,-0.8976946982208871,0.7525202149205934,219535,660000,3.658916666666667
Forever (feat. Malou & Yuna),HUGEL,68,-0.7307536749629963,1.730269727847608,9,0.14157335739861848,-0.8700747360545698,-0.5573530372062692,140500,640000,2.341666666666667
R0T,TWXN,67,0.2619077016398443,-0.22110306641126812,1,-0.5931590471218985,-0.9858023775314393,0.3771764175275157,85584,670000,1.4264
Your face,Wisp,67,-0.9306183816615551,0.7260544886968416,4,0.17197607758567432,-0.9734917658230235,-0.04412784485246942,229728,670000,3.8288
All to Myself,Future,69,0.5483804479077786,-0.5919780126885397,4,-0.1779218950934247,-0.7473631898585028,0.9899826173529483,254320,690000,4.238666666666667
Herida Abierta,Ivan Cornejo,67,0.6549749581470099,0.06418535380201812,7,0.11917135305026162,1.4334301086162942,1.1508442448071246,216568,580000,3.6094666666666666
APAGA EL CEL,FloyyMenor,75,0.2952184860896041,-0.8373260540719658,9,-0.25472876714493436,0.0839976713476484,-0.8974604781093843,184806,730000,3.0801
Good Times (Bonus Track),Koe Wetzel,64,-0.34434857534578334,1.5020389916769796,9,0.5656112968496609,-0.9837111518245609,1.962812459575823,211278,690000,3.5213
GATITAS SANDUNGUERAS - VOL.1,Alvaro Diaz,74,0.7815559390560972,1.1368698138039732,1,0.9101754589696276,-0.32635605226620884,0.6605992849467783,131853,690000,2.19755
Blessed - Lost Tapes 2019,Tory Lanez,58,1.9607577085775927,-1.5847817150307753,5,-1.2793537755543087,-0.9493834845607094,-0.5879933471975408,139065,680000,2.31775
HOT ONE (with TiaCorine & A$AP Ferg),Denzel Curry,66,0.9081369199651844,0.4122372264622267,5,0.36425994824240493,1.7609239457311994,-0.21264954980446335,165271,650000,2.7545166666666665
Whatever,Kygo,75,-0.4775917131448225,0.7260544886968416,0,0.2274477074006535,-0.5315329140731375,1.181484554798396,178273,560000,2.971216666666667
Yours,Post Malone,68,-0.9172940678816511,0.16688918507880118,5,0.36479332929831837,-0.6487204678359411,0.7678403699162292,199439,790000,3.3239833333333335
GPI,Clave Especial,68,0.18196181896042152,1.182515961038099,4,0.36079297137896876,-0.16458198814920752,-0.5956534246953588,123262,760000,2.0543666666666667
2 hands,Tate McRae,0,-0.29105132022616764,0.9314621512504077,1,0.8357688016697277,-0.5157500785495276,0.08609347261043514,181821,670000,3.03035
It's ok I'm ok,Tate McRae,0,0.6749614288168658,-0.7346222227951827,1,-0.30193299059325784,-0.8909869931233528,-0.7588130753988802,156522,550000,2.6087
"Girl, so confusing featuring lorde",Charli xcx,69,0.36850221187907567,0.8972275408248134,11,0.26931812028984453,-0.4881301163832103,0.9210419198725871,205938,680000,3.4323
Know You Like That,Jordan Davis,65,-0.3110377908960235,0.0356565117806895,3,-0.44274558935435887,1.1375019425486088,-0.312230557276096,176451,670000,2.94085
WHISKEY WHISKEY (feat. Morgan Wallen),Moneybagg Yo,63,0.5617047616876825,0.4122372264622267,5,0.7354931631580347,-0.8870412842424503,-0.16668908481755584,161053,730000,2.6842166666666665
Tough Love,Gracie Abrams,68,-0.6907807336232845,0.38941415284516384,0,0.5824128001109288,0.33257733084450425,-0.6416138896822662,169147,730000,2.8191166666666665
Popular Monster,Falling In Reverse,69,-1.2703883830491047,1.4563928444428538,3,0.6920226071011039,-0.9604314694272363,-0.6393158664329208,220537,640000,3.6756166666666665
Tengo Un Plan - Remix,Key-Key,76,-0.3643350460156392,1.079812129761316,8,0.6642867921936142,-0.14090773486379266,-0.5956534246953588,215449,690000,3.5908166666666665
BRAZZIER,Future,67,1.1146637835536943,-0.31239536087951975,11,0.005027807084823793,-0.9063752577588725,0.34653610753624403,188566,670000,3.1427666666666667
The Manuscript,Taylor Swift,68,-0.9506048523314109,-2.2067104710957386,0,-1.356960719189688,2.5619028485544018,-0.5879933471975408,224744,680000,3.7457333333333334
Vegas - A COLORS SHOW,Shaboozey,68,-0.2510783788864559,-0.8886779697103573,7,-0.50915153081556,0.35230587524901663,-0.580333269699723,181690,690000,3.0281666666666665
Jump,Tyla,73,0.9214612337450884,0.41794299486649245,10,0.8349687300858578,-0.8759932993759234,0.2546151775624291,147071,680000,2.4511833333333333
PHAT,DaBaby,64,1.4411094711613404,0.024244974972158048,1,-0.39660812801786177,-0.8140456699457547,0.10907370510388889,129107,700000,2.1517833333333334
Don’t HMU,Anella Herim,64,1.0014071164245117,-0.18116268758140805,6,0.05089857789336416,-0.9063752577588725,-0.5420328822106334,98277,640000,1.63795
The Underworld,Jorge Rivera-Herrans,67,-1.8899689738146366,0.5548814365688699,1,0.4173313633057746,1.472887197425319,-0.45777202973463643,256800,630000,4.28
A Tear in Space (Airlock),Glass Animals,67,0.3618400549891237,-0.29527805566672255,9,-0.2149918784793964,0.22604319106013737,-0.8239237341303324,203989,640000,3.3998166666666667
Cielo Eterno - Spotify Singles,DannyLux,73,0.20861044652022936,0.21824110071719272,8,-0.3739394331415482,0.7074196745302391,1.5032078097067483,244245,670000,4.07075
PSYCHO,HARDY,64,-0.13782171175727256,1.4506870760385882,4,1.3080777266809205,-0.7994465470864155,3.6863298965848523,198748,760000,3.3124666666666664
ROCKMAN,Mk.gee,67,0.8615018217355207,-0.8087972120506371,3,-0.8507820971280033,1.6109870082569058,-0.6814462926709193,177818,700000,2.963633333333333
GOD IS GOOD,Forrest Frank,65,-1.3036991674988645,0.0584795853977524,11,-0.4264774671490044,-0.9604709265160455,1.2963857172656645,207529,680000,3.458816666666667
Occasion,A´leroi,68,-3.395616430943778,-3.656317991883487,0,-9.103520484745935,2.920962356716527,-0.47309218473027226,174565,800000,2.9094166666666665
U Kno What To Do (UKWTD),Sexyy Red,64,0.4284616238886433,0.17830072188733262,0,0.21384649047486531,-0.977200732171072,-0.3658510997608214,158067,660000,2.63445
Idiota Ainda Te Amo,Litto Lins,71,-0.3776593597955431,1.4849216864641823,10,1.1760659153423882,0.3601972930108216,1.0895636248245812,173141,730000,2.885683333333333
Wolf In Sheep's Clothing [REBORN],Set It Off,68,-2.875968193527526,1.5248620652940426,11,0.6928226786849737,-0.9929381920425514,-1.078238307057887,201939,650000,3.36565
KINTSUGI,HUMBE,80,-1.8566581893648768,-1.0199106430084688,4,-0.5411543941703555,2.4001287844374,-0.404151487249911,237908,630000,3.965133333333333
Enculado,Fuerza Regida,70,0.6016777030273942,-0.24963190843259675,6,0.170109243889978,-0.6984363997353122,-0.0900883098393767,147878,680000,2.4646333333333335
Pienso En Ella,Grupo Frontera,73,-1.2570640692692008,1.2909255607191477,9,0.782164005550445,-0.13301631710198772,-0.580333269699723,159552,660000,2.6592
IA,Clarent,79,0.3618400549891237,-0.06704731949609355,0,0.20397894094047003,1.5952041727332957,0.36185626253187986,171429,750000,2.85715
Sweet Dreams,Koe Wetzel,63,0.38848868254893154,-0.4150991921563028,2,0.4231985549208203,-0.002807924032206083,-0.48075226222809003,173269,650000,2.8878166666666667
Steady State,Matheo Lyon,69,-3.408940744723682,-3.666074855854782,0,-9.525158209445367,2.7394597481950127,-0.4654321072324543,171792,690000,2.8632
Bad Boys,Marshmello,58,0.4617724083384031,1.8615024011457195,9,1.045654247171596,-0.9762143049508463,0.9899826173529483,133025,640000,2.2170833333333335
Story of X,BigXthaPlug,64,0.9281233906350403,-0.7003876123695884,10,-1.3710953171713895,-0.10934206381657285,2.399436876951443,139268,670000,2.3211333333333335
No Doubt,ENHYPEN,73,1.2345826075728297,-1.0655567902425944,8,-0.13151774322897114,-0.5591528762394549,-0.9533790438434551,167220,670000,2.787
i need you more,Josiah Queen,65,-0.5775240664941019,-1.2367298423705662,9,0.08156798860837672,1.4215929819735869,-0.4501119522368185,191921,640000,3.1986833333333333
Image,Magdalena Bay,67,-0.27106484955631177,1.2566909502935535,5,0.05543231686862697,-0.9920326518543844,-0.22796970480009918,212867,690000,3.5477833333333333
Vueltas,Hermanos Espinoza,65,0.6749614288168658,0.7831121727394988,5,0.3722606640811039,1.0980448537395842,-0.6760842384224468,159581,630000,2.659683333333333
B.B.O - Lost Tapes 2022,Tory Lanez,55,1.9607577085775927,-1.5847817150307753,5,-1.2793537755543087,-0.9493834845607094,-0.5879933471975408,139065,660000,2.31775
act ii: date @ 8,4batz,67,0.5950155461374423,-1.0940856322639232,0,-1.7441953657827158,1.0191306761215346,1.710029902147832,113685,640000,1.89475
Finer Things (Feat. Hank Williams Jr.),Post Malone,66,-0.1511460255371765,1.678917812209217,5,0.8267013237192024,-0.972702624046843,1.602788817178381,185534,730000,3.092233333333333
KRYPTONITE,Don Toliver,67,-1.1837803434797296,0.38941415284516384,10,0.8082996772901948,-0.8716530196069308,0.7525202149205934,182320,640000,3.038666666666667
Ando Enfocado,Jaziel Avilez,70,0.0687051518312382,0.12124303784467537,7,-0.14271874540314958,-0.5118043696686252,-0.8308178038783685,184427,690000,3.0737833333333335
Slow Dance,Clairo,67,0.5017453496781149,-0.6205068547098682,2,-0.49795052864138156,1.847729541111054,-0.6285917579359758,234854,680000,3.9142333333333332
Stars Will Align,Kygo,75,-0.33768641845583136,0.6119391206115271,1,0.06583324745893548,0.7863338521482887,-0.9487829973447642,234366,720000,3.9061
In The Living Room,Maggie Rogers,64,-1.3303477950586722,0.8173467831650932,7,0.6464185268205201,-0.940702925022724,-0.5190526497171797,263760,650000,4.396
Islands (kompa pasión),фрози,73,-0.8706589696519874,1.2566909502935535,11,-0.17818858562138143,-0.9803572992757938,3.1654446267332337,126495,690000,2.10825
SI SABE FERXXO,Blessd,75,0.4950831927881629,1.0741063613570503,8,1.2112690650326634,-0.9383354996941825,-0.6944684244172098,152500,720000,2.5416666666666665
I Know You,Megan Moroney,63,-0.9972399505610746,-1.0997914006681888,8,0.10236984978899398,1.8556209588728587,0.03247293012570974,160675,700000,2.6779166666666665
